-- phpMyAdmin SQL Dump
-- version 4.6.6deb5ubuntu0.5
-- https://www.phpmyadmin.net/
--
-- Servidor: localhost:3306
-- Tiempo de generaci칩n: 01-05-2023 a las 23:22:22
-- Versi칩n del servidor: 5.7.39-0ubuntu0.18.04.2
-- Versi칩n de PHP: 7.2.24-0ubuntu0.18.04.13

SET SQL_MODE = "NO_AUTO_VALUE_ON_ZERO";
SET time_zone = "+00:00";


/*!40101 SET @OLD_CHARACTER_SET_CLIENT=@@CHARACTER_SET_CLIENT */;
/*!40101 SET @OLD_CHARACTER_SET_RESULTS=@@CHARACTER_SET_RESULTS */;
/*!40101 SET @OLD_COLLATION_CONNECTION=@@COLLATION_CONNECTION */;
/*!40101 SET NAMES utf8mb4 */;

--
-- Base de datos: `amarillos`
--

-- --------------------------------------------------------

--
-- Estructura de tabla para la tabla `account_emailaddress`
--

CREATE TABLE `account_emailaddress` (
  `id` int(11) NOT NULL,
  `email` varchar(254) NOT NULL,
  `verified` tinyint(1) NOT NULL,
  `primary` tinyint(1) NOT NULL,
  `user_id` int(11) NOT NULL
);

-- --------------------------------------------------------

--
-- Estructura de tabla para la tabla `account_emailconfirmation`
--

CREATE TABLE `account_emailconfirmation` (
  `id` int(11) NOT NULL,
  `created` datetime(6) NOT NULL,
  `sent` datetime(6) DEFAULT NULL,
  `key` varchar(64) NOT NULL,
  `email_address_id` int(11) NOT NULL
);

-- --------------------------------------------------------

--
-- Estructura de tabla para la tabla `auth_group`
--

CREATE TABLE `auth_group` (
  `id` int(11) NOT NULL,
  `name` varchar(150) NOT NULL
);

--
-- Volcado de datos para la tabla `auth_group`
--

INSERT INTO `auth_group` (`id`, `name`) VALUES
(1, 'Afiliado'),
(3, 'Aliado'),
(2, 'Asociado'),
(7, 'Control de calidad'),
(4, 'Operador'),
(5, 'Pluss'),
(6, 'Puntos autorizados');

-- --------------------------------------------------------

--
-- Estructura de tabla para la tabla `auth_group_permissions`
--

CREATE TABLE `auth_group_permissions` (
  `id` int(11) NOT NULL,
  `group_id` int(11) NOT NULL,
  `permission_id` int(11) NOT NULL
);

-- --------------------------------------------------------

--
-- Estructura de tabla para la tabla `auth_permission`
--

CREATE TABLE `auth_permission` (
  `id` int(11) NOT NULL,
  `name` varchar(255) NOT NULL,
  `content_type_id` int(11) NOT NULL,
  `codename` varchar(100) NOT NULL
);

--
-- Volcado de datos para la tabla `auth_permission`
--

INSERT INTO `auth_permission` (`id`, `name`, `content_type_id`, `codename`) VALUES
(1, 'Can add log entry', 1, 'add_logentry'),
(2, 'Can change log entry', 1, 'change_logentry'),
(3, 'Can delete log entry', 1, 'delete_logentry'),
(4, 'Can view log entry', 1, 'view_logentry'),
(5, 'Can add permission', 2, 'add_permission'),
(6, 'Can change permission', 2, 'change_permission'),
(7, 'Can delete permission', 2, 'delete_permission'),
(8, 'Can view permission', 2, 'view_permission'),
(9, 'Can add group', 3, 'add_group'),
(10, 'Can change group', 3, 'change_group'),
(11, 'Can delete group', 3, 'delete_group'),
(12, 'Can view group', 3, 'view_group'),
(13, 'Can add user', 4, 'add_user'),
(14, 'Can change user', 4, 'change_user'),
(15, 'Can delete user', 4, 'delete_user'),
(16, 'Can view user', 4, 'view_user'),
(17, 'Can add content type', 5, 'add_contenttype'),
(18, 'Can change content type', 5, 'change_contenttype'),
(19, 'Can delete content type', 5, 'delete_contenttype'),
(20, 'Can view content type', 5, 'view_contenttype'),
(21, 'Can add session', 6, 'add_session'),
(22, 'Can change session', 6, 'change_session'),
(23, 'Can delete session', 6, 'delete_session'),
(24, 'Can view session', 6, 'view_session'),
(25, 'Can add site', 7, 'add_site'),
(26, 'Can change site', 7, 'change_site'),
(27, 'Can delete site', 7, 'delete_site'),
(28, 'Can view site', 7, 'view_site'),
(29, 'Can add email address', 8, 'add_emailaddress'),
(30, 'Can change email address', 8, 'change_emailaddress'),
(31, 'Can delete email address', 8, 'delete_emailaddress'),
(32, 'Can view email address', 8, 'view_emailaddress'),
(33, 'Can add email confirmation', 9, 'add_emailconfirmation'),
(34, 'Can change email confirmation', 9, 'change_emailconfirmation'),
(35, 'Can delete email confirmation', 9, 'delete_emailconfirmation'),
(36, 'Can view email confirmation', 9, 'view_emailconfirmation'),
(37, 'Can add social account', 10, 'add_socialaccount'),
(38, 'Can change social account', 10, 'change_socialaccount'),
(39, 'Can delete social account', 10, 'delete_socialaccount'),
(40, 'Can view social account', 10, 'view_socialaccount'),
(41, 'Can add social application', 11, 'add_socialapp'),
(42, 'Can change social application', 11, 'change_socialapp'),
(43, 'Can delete social application', 11, 'delete_socialapp'),
(44, 'Can view social application', 11, 'view_socialapp'),
(45, 'Can add social application token', 12, 'add_socialtoken'),
(46, 'Can change social application token', 12, 'change_socialtoken'),
(47, 'Can delete social application token', 12, 'delete_socialtoken'),
(48, 'Can view social application token', 12, 'view_socialtoken'),
(49, 'Can add blood_ types', 13, 'add_blood_types'),
(50, 'Can change blood_ types', 13, 'change_blood_types'),
(51, 'Can delete blood_ types', 13, 'delete_blood_types'),
(52, 'Can view blood_ types', 13, 'view_blood_types'),
(53, 'Can add category', 14, 'add_category'),
(54, 'Can change category', 14, 'change_category'),
(55, 'Can delete category', 14, 'delete_category'),
(56, 'Can view category', 14, 'view_category'),
(57, 'Can add code', 15, 'add_code'),
(58, 'Can change code', 15, 'change_code'),
(59, 'Can delete code', 15, 'delete_code'),
(60, 'Can view code', 15, 'view_code'),
(61, 'Can add document type', 16, 'add_documenttype'),
(62, 'Can change document type', 16, 'change_documenttype'),
(63, 'Can delete document type', 16, 'delete_documenttype'),
(64, 'Can view document type', 16, 'view_documenttype'),
(65, 'Can add gender', 17, 'add_gender'),
(66, 'Can change gender', 17, 'change_gender'),
(67, 'Can delete gender', 17, 'delete_gender'),
(68, 'Can view gender', 17, 'view_gender'),
(69, 'Can add invoice', 18, 'add_invoice'),
(70, 'Can change invoice', 18, 'change_invoice'),
(71, 'Can delete invoice', 18, 'delete_invoice'),
(72, 'Can view invoice', 18, 'view_invoice'),
(73, 'Can add extended_ user', 19, 'add_extended_user'),
(74, 'Can change extended_ user', 19, 'change_extended_user'),
(75, 'Can delete extended_ user', 19, 'delete_extended_user'),
(76, 'Can view extended_ user', 19, 'view_extended_user'),
(77, 'Can add card', 20, 'add_card'),
(78, 'Can change card', 20, 'change_card'),
(79, 'Can delete card', 20, 'delete_card'),
(80, 'Can view card', 20, 'view_card'),
(81, 'Can add type subscription', 21, 'add_typesubscription'),
(82, 'Can change type subscription', 21, 'change_typesubscription'),
(83, 'Can delete type subscription', 21, 'delete_typesubscription'),
(84, 'Can view type subscription', 21, 'view_typesubscription'),
(85, 'Can add subscription', 22, 'add_subscription'),
(86, 'Can change subscription', 22, 'change_subscription'),
(87, 'Can delete subscription', 22, 'delete_subscription'),
(88, 'Can view subscription', 22, 'view_subscription'),
(89, 'Can add card subscription', 23, 'add_cardsubscription'),
(90, 'Can change card subscription', 23, 'change_cardsubscription'),
(91, 'Can delete card subscription', 23, 'delete_cardsubscription'),
(92, 'Can view card subscription', 23, 'view_cardsubscription'),
(93, 'Can add coupon', 24, 'add_coupon'),
(94, 'Can change coupon', 24, 'change_coupon'),
(95, 'Can delete coupon', 24, 'delete_coupon'),
(96, 'Can view coupon', 24, 'view_coupon'),
(97, 'Can add agreement', 25, 'add_agreement'),
(98, 'Can change agreement', 25, 'change_agreement'),
(99, 'Can delete agreement', 25, 'delete_agreement'),
(100, 'Can view agreement', 25, 'view_agreement'),
(101, 'Can add membership', 26, 'add_membership'),
(102, 'Can change membership', 26, 'change_membership'),
(103, 'Can delete membership', 26, 'delete_membership'),
(104, 'Can view membership', 26, 'view_membership'),
(105, 'Can add rate', 27, 'add_rate'),
(106, 'Can change rate', 27, 'change_rate'),
(107, 'Can delete rate', 27, 'delete_rate'),
(108, 'Can view rate', 27, 'view_rate'),
(109, 'Can add time_ zone', 28, 'add_time_zone'),
(110, 'Can change time_ zone', 28, 'change_time_zone'),
(111, 'Can delete time_ zone', 28, 'delete_time_zone'),
(112, 'Can view time_ zone', 28, 'view_time_zone'),
(113, 'Can add collection', 29, 'add_collection'),
(114, 'Can change collection', 29, 'change_collection'),
(115, 'Can delete collection', 29, 'delete_collection'),
(116, 'Can view collection', 29, 'view_collection'),
(117, 'Can add invoice state', 30, 'add_invoicestate'),
(118, 'Can change invoice state', 30, 'change_invoicestate'),
(119, 'Can delete invoice state', 30, 'delete_invoicestate'),
(120, 'Can view invoice state', 30, 'view_invoicestate'),
(121, 'Can add state', 31, 'add_state'),
(122, 'Can change state', 31, 'change_state'),
(123, 'Can delete state', 31, 'delete_state'),
(124, 'Can view state', 31, 'view_state'),
(125, 'Can add state_ pqr', 32, 'add_state_pqr'),
(126, 'Can change state_ pqr', 32, 'change_state_pqr'),
(127, 'Can delete state_ pqr', 32, 'delete_state_pqr'),
(128, 'Can view state_ pqr', 32, 'view_state_pqr'),
(129, 'Can add state service', 33, 'add_stateservice'),
(130, 'Can change state service', 33, 'change_stateservice'),
(131, 'Can delete state service', 33, 'delete_stateservice'),
(132, 'Can view state service', 33, 'view_stateservice'),
(133, 'Can add service', 34, 'add_service'),
(134, 'Can change service', 34, 'change_service'),
(135, 'Can delete service', 34, 'delete_service'),
(136, 'Can view service', 34, 'view_service'),
(137, 'Can add type pqr', 35, 'add_typepqr'),
(138, 'Can change type pqr', 35, 'change_typepqr'),
(139, 'Can delete type pqr', 35, 'delete_typepqr'),
(140, 'Can view type pqr', 35, 'view_typepqr'),
(141, 'Can add service collection', 36, 'add_servicecollection'),
(142, 'Can change service collection', 36, 'change_servicecollection'),
(143, 'Can delete service collection', 36, 'delete_servicecollection'),
(144, 'Can view service collection', 36, 'view_servicecollection'),
(145, 'Can add publication', 37, 'add_publication'),
(146, 'Can change publication', 37, 'change_publication'),
(147, 'Can delete publication', 37, 'delete_publication'),
(148, 'Can view publication', 37, 'view_publication'),
(149, 'Can add pqr', 38, 'add_pqr'),
(150, 'Can change pqr', 38, 'change_pqr'),
(151, 'Can delete pqr', 38, 'delete_pqr'),
(152, 'Can view pqr', 38, 'view_pqr'),
(153, 'Can add history_ pqr', 39, 'add_history_pqr'),
(154, 'Can change history_ pqr', 39, 'change_history_pqr'),
(155, 'Can delete history_ pqr', 39, 'delete_history_pqr'),
(156, 'Can view history_ pqr', 39, 'view_history_pqr'),
(157, 'Can add country', 40, 'add_country'),
(158, 'Can change country', 40, 'change_country'),
(159, 'Can delete country', 40, 'delete_country'),
(160, 'Can view country', 40, 'view_country'),
(161, 'Can add location', 41, 'add_location'),
(162, 'Can change location', 41, 'change_location'),
(163, 'Can delete location', 41, 'delete_location'),
(164, 'Can view location', 41, 'view_location'),
(165, 'Can add department', 42, 'add_department'),
(166, 'Can change department', 42, 'change_department'),
(167, 'Can delete department', 42, 'delete_department'),
(168, 'Can view department', 42, 'view_department'),
(169, 'Can add city', 43, 'add_city'),
(170, 'Can change city', 43, 'change_city'),
(171, 'Can delete city', 43, 'delete_city'),
(172, 'Can view city', 43, 'view_city'),
(173, 'Can add vehicle', 44, 'add_vehicle'),
(174, 'Can change vehicle', 44, 'change_vehicle'),
(175, 'Can delete vehicle', 44, 'delete_vehicle'),
(176, 'Can view vehicle', 44, 'view_vehicle'),
(177, 'Can add benefits policy', 45, 'add_benefitspolicy'),
(178, 'Can change benefits policy', 45, 'change_benefitspolicy'),
(179, 'Can delete benefits policy', 45, 'delete_benefitspolicy'),
(180, 'Can view benefits policy', 45, 'view_benefitspolicy'),
(181, 'Can add promotions by category', 46, 'add_promotionsbycategory'),
(182, 'Can change promotions by category', 46, 'change_promotionsbycategory'),
(183, 'Can delete promotions by category', 46, 'delete_promotionsbycategory'),
(184, 'Can view promotions by category', 46, 'view_promotionsbycategory'),
(185, 'Can add validation card', 47, 'add_validationcard'),
(186, 'Can change validation card', 47, 'change_validationcard'),
(187, 'Can delete validation card', 47, 'delete_validationcard'),
(188, 'Can view validation card', 47, 'view_validationcard'),
(189, 'Can add payment method', 48, 'add_paymentmethod'),
(190, 'Can change payment method', 48, 'change_paymentmethod'),
(191, 'Can delete payment method', 48, 'delete_paymentmethod'),
(192, 'Can view payment method', 48, 'view_paymentmethod');

-- --------------------------------------------------------

--
-- Estructura de tabla para la tabla `auth_user`
--

CREATE TABLE `auth_user` (
  `id` int(11) NOT NULL,
  `password` varchar(128) NOT NULL,
  `last_login` datetime(6) DEFAULT NULL,
  `is_superuser` tinyint(1) NOT NULL,
  `username` varchar(150) NOT NULL,
  `first_name` varchar(30) NOT NULL,
  `last_name` varchar(150) NOT NULL,
  `email` varchar(254) NOT NULL,
  `is_staff` tinyint(1) NOT NULL,
  `is_active` tinyint(1) NOT NULL,
  `date_joined` datetime(6) NOT NULL
);

--
-- Volcado de datos para la tabla `auth_user`
--

INSERT INTO `auth_user` (`id`, `password`, `last_login`, `is_superuser`, `username`, `first_name`, `last_name`, `email`, `is_staff`, `is_active`, `date_joined`) VALUES
(1, 'pbkdf2_sha256$150000$7Jmfqq5TNc5C$oPkpm9ivq/YAgb8E3olRx9dGvt8/FicdH59+A55n7uM=', '2022-10-07 22:31:45.062421', 1, 'admin@amarillos.com', '', '', 'admin@amarillos.com', 1, 1, '2022-06-08 18:24:58.479038'),
(2, 'pbkdf2_sha256$150000$nrwXJASVAiLL$MFkPabQOxj2+IKkeT8PDm7oirOIqiLxy48lvG5L3eZg=', '2023-04-27 22:28:06.426542', 0, 'operador@amarillos.com', 'Operador', 'Amarillos', 'operador@amarillos.com', 0, 1, '2022-06-08 18:34:02.000000'),
(3, 'pbkdf2_sha256$150000$CZ2gWAEh0Lo5$thlADeIrK/ayrwZxEn8AtnUvKFKzi5wlsKaLwmQw0Qk=', '2023-04-27 22:27:21.601956', 0, 'afiliado@amarillos.com', 'Afiliado', 'Amarillos', 'afiliado@amarillos.com', 0, 1, '2022-06-08 18:34:58.000000'),
(4, 'pbkdf2_sha256$150000$D8AlimPFUJrO$9b7EUj54LZ3aK01E+c2Nviu6TqZluwGvXS7+ZIzpnxU=', '2023-04-27 22:26:46.862846', 0, 'asociado@amarillos.com', 'Asociado', 'Amarillos', 'asociado@amarillos.com', 0, 1, '2022-06-08 18:36:05.000000'),
(8, 'pbkdf2_sha256$150000$BX64nXGjq5Sd$DRcyGgig7nwbUjPSsHY8zzpPbyZ5jWfdAlsbSKEA+0g=', '2023-03-15 15:02:07.772348', 0, 'pedro.balcazar@gmail.com', 'Alison', 'Polo', 'pedro.balcazar@gmail.com', 0, 1, '2022-06-22 20:49:48.514050'),
(11, 'pbkdf2_sha256$150000$KE1ssJPffQSo$c8LTphJqgX3Juj4PtXKoOOXtbSdsm8WJpONoRwqXlLI=', NULL, 0, 'asociado_dos@amarillos.com', 'Asociado', 'Dos', 'asociado_dos@amarillos.com', 0, 1, '2022-06-23 21:40:05.999047'),
(15, 'pbkdf2_sha256$150000$NlLUL8ULe59A$snxBSUhS5AgS5pzaRKf6igUkPDqOGSBiEE0y3/W2+cg=', '2023-04-20 12:51:50.507187', 0, 'afiliado2@amarillos.com', 'Alison', 'Cardenas', 'afiliado2@amarillos.com', 0, 1, '2022-06-24 01:50:09.186622'),
(17, 'pbkdf2_sha256$150000$2UtkKwEWGUJE$zV3/HQBGcUDRRoBnpfrv6Wdf0+whBnaKToQmjLHp+rY=', NULL, 0, 'asociado3@amarillos.com', 'Asociado', 'Tres', 'asociado3@amarillos.com', 0, 1, '2022-06-28 22:13:59.184474'),
(18, 'pbkdf2_sha256$150000$KCTYN0fCZcwn$Lt0cExJ1WAitH8Z/l/cSbI+RUog7fqqB5DRNXnWii04=', NULL, 0, 'contacto@yuppieonline.com', 'Alejandro', 'Amarillos', 'contacto@yuppieonline.com', 0, 1, '2022-06-28 22:26:17.675585'),
(19, 'pbkdf2_sha256$150000$EaPocmN03kGp$2/uk016jBnqExhZUpKFQpz6h56TalOa0KcjnAONfiaM=', '2023-04-10 00:28:33.697672', 0, '31alejandrocortes@gmail.com', 'Prueba', 'Uno', '31alejandrocortes@gmail.com', 0, 1, '2022-09-15 16:51:50.742481'),
(22, '', NULL, 0, 'pedro@eurekadms.com', 'Andres', 'Pe침aloza', '', 0, 0, '2022-09-17 01:42:08.097889'),
(23, 'pbkdf2_sha256$150000$4d5waQUQSASt$6V+rfzdJfm6c96rQ3BmCjFm+zouTi57SKUAsGw/4//4=', NULL, 0, 'amarillosdeoro@gmail.com', 'Fernando', 'Castro', 'amarillosdeoro@gmail.com', 0, 1, '2022-09-19 16:15:59.062114'),
(24, 'pbkdf2_sha256$150000$iOAEiOVOVWZJ$IBk5V/CgHl83emX8ZHAaPyKiD3if0bbRL9jO8cfB8sM=', NULL, 0, 'tarjetaparataxi@gmail.com', 'Alejandro', 'Cortes', 'tarjetaparataxi@gmail.com', 0, 1, '2022-10-05 03:05:15.710473'),
(25, 'pbkdf2_sha256$150000$ND9gZolbxuvO$0EIZtHtvVK0f+AaL7MlXVx+wf8OiVch5iFGGLtKLX98=', '2023-04-14 04:23:12.026238', 0, 'prueba1@edwin.com', 'Operador', 'Operador', 'prueba1@edwin.com', 0, 1, '2023-02-14 03:51:34.417662'),
(26, 'pbkdf2_sha256$150000$98ZKtl1dyqdh$wjQEo3mPohgaTV2VPcyVmWoExsQ9PnW2nmSM0JRkgVU=', '2023-04-25 13:35:36.581453', 0, 'control_uno@amarillos.com', 'Control', 'Uno', 'control_uno@amarillos.com', 0, 1, '2023-02-14 20:38:57.912837'),
(27, 'pbkdf2_sha256$150000$b5hCxWEVnvdL$iUWI7si59N2v3Ft4G5UBfePMQhOhNd+DJ2j7YH9fnvc=', NULL, 0, 'pedro@prueba.com', 'pedro', 'prueba', 'pedro@prueba.com', 0, 1, '2023-02-15 17:23:10.857608'),
(28, 'pbkdf2_sha256$150000$RE8LfoerXZ9p$6xGF6usSZ3hl6gtGaUAic2Tl5GklLAj5A9w7Eix2bnQ=', '2023-04-26 14:41:04.478002', 0, 'punto_uno@amarillos.com', 'Punto', 'Uno', 'punto_uno@amarillos.com', 0, 1, '2023-02-15 17:29:56.190183'),
(29, 'pbkdf2_sha256$150000$0fEIpjtetzaF$IsqQTGlUpQKpBe2MATmQvLegkw5m8yY+DESYFMZh1D0=', NULL, 0, 'juan.perez@amarillos.com', 'Juan', 'Perez', 'juan.perez@amarillos.com', 0, 1, '2023-03-14 23:20:55.065632'),
(30, 'pbkdf2_sha256$150000$4uBKFagY7JKU$02gwWA9AcxjNJ+58Xlk2MAuuWczflC2HpkFN7pKrs94=', NULL, 0, 'adocolombia2020@gmail.com', 'Thomas', 'Cors', 'adocolombia2020@gmail.com', 0, 1, '2023-03-18 16:13:19.670699'),
(31, 'pbkdf2_sha256$150000$xeKE77PvDEtt$qqoliWFeHXeg0969jJAkMfHNP1bLZ1+ims8X5krzQ6g=', '2023-04-27 17:36:26.228955', 0, 'asesor.ado1@gmail.com', 'Prueba002', 'RR', 'asesor.ado1@gmail.com', 0, 1, '2023-04-05 00:30:21.203402'),
(32, 'pbkdf2_sha256$150000$SdUe7rbzc9aO$i9YH/rKv00z1OuKS6o4AalXVAWrGEa0R7aSPM7fr4Uk=', '2023-04-17 22:31:26.297421', 0, 'asesor.ado2@gmail.com', 'Pruebaliado01', 'RR', 'asesor.ado2@gmail.com', 0, 1, '2023-04-05 20:12:01.877923'),
(33, 'pbkdf2_sha256$150000$lNwtfI4iXb9v$pCAryBoBwJUxQqt0dz4nIQR0ZxyrDGolZIhv5ph/Xgk=', NULL, 0, 'asesor.ado3@gmail.com', 'Thomas', 'Cors', 'asesor.ado3@gmail.com', 0, 1, '2023-04-05 22:15:08.907599'),
(34, 'pbkdf2_sha256$150000$gZ2A838EUDkE$7TpYwSD67+VehB9XwQH7Hq1HgVcMvEH/mVZZmhJJd9c=', '2023-04-18 21:39:53.150976', 0, 'asesor.ado4@gmail.com', 'Thomas', 'Cors', 'asesor.ado4@gmail.com', 0, 1, '2023-04-05 22:24:47.999488'),
(35, 'pbkdf2_sha256$150000$IVL38B4XKn8H$i3FnJtjrzPxq4ESXURsMqq/otDV4/8U3ilRLl77N4t4=', '2023-04-17 22:09:28.771432', 0, 'call.amarillosdeoro@gmail.com', 'Prueba', 'Pluss', 'call.amarillosdeoro@gmail.com', 0, 1, '2023-04-14 04:21:05.298662'),
(36, 'pbkdf2_sha256$150000$zHtsJ0un22KD$xHwwgeuo3FYCOqe1vCeQX4ZidQZLF+r6zxNJ6qB8tkc=', '2023-04-19 22:28:31.263965', 0, 'correo@correo.com', 'Jose', 'Durand', 'correo@correo.com', 0, 1, '2023-04-18 22:00:15.014738'),
(37, 'pbkdf2_sha256$150000$5uqmgPe3eDwJ$HoW2IAacxQgPPusLx2RQXM793thaat+QeM7NQIGeWoM=', '2023-04-26 14:47:52.313552', 0, 'josedaviddurand@hotmail.com', 'jose', 'durand', 'josedaviddurand@hotmail.com', 0, 1, '2023-04-18 22:03:20.858544'),
(38, 'pbkdf2_sha256$150000$LZFwf0goesHt$1wi26183kAKZ2V7ZJUM39TmibeGcwaS975bqxPLIFjM=', '2023-04-27 19:45:17.263081', 0, 'cr1st14n.c4s@gmail.com', 'Cristian', 'Castellanos', 'cr1st14n.c4s@gmail.com', 0, 1, '2023-04-18 22:04:55.465678'),
(39, 'pbkdf2_sha256$150000$YSfWakk8jByd$NcC987ggnDlRpxUE+TH9iLTG+94hu2CYMXcilbiZUus=', '2023-04-27 19:43:56.797593', 0, 'cr1st14n.c4s@hotmail.com', 'Cristian Fabian', 'Castellanos Villamil', 'cr1st14n.c4s@hotmail.com', 0, 1, '2023-04-19 00:19:05.848340'),
(40, 'pbkdf2_sha256$150000$pBAjtUo9qkXT$RNswRsEb9t3UH/eBC53Ju9zFDKxJXhBZc3wsq7X78ZM=', '2023-04-27 19:47:02.023039', 0, 'cristiancastellanos@unisangil.edu.co', 'Fabian', 'Villamil', 'cristiancastellanos@unisangil.edu.co', 0, 1, '2023-04-19 15:44:56.683933'),
(41, 'pbkdf2_sha256$150000$lCFoKAAdcriI$cUUtZP2oe9yqtAlO6tBi9Q5w+2lslKfCUHsJ1g9mMTk=', '2023-04-25 14:30:09.150709', 0, 'adoprueba412@gmail.com', 'Axel', 'Godoy 1', 'adoprueba412@gmail.com', 0, 1, '2023-04-25 13:21:10.474924'),
(42, 'pbkdf2_sha256$150000$0WTi7hqfOwvy$ofgsRnrrM/ta/ng2kR9TUePzpt4TWXd+JYPiDCEBJP8=', '2023-04-25 14:31:43.256239', 0, 'adoprueba413@gmail.com', 'Axel', 'Godoy 2', 'adoprueba413@gmail.com', 0, 1, '2023-04-25 13:34:42.948759'),
(43, 'pbkdf2_sha256$150000$YhtPJ6K45NpF$lP5V+H+JsDYVDxjOxfb2Wv8k309QqvLslW7j5jNaFns=', NULL, 0, 'axjugoma@gmail.com', 'Axel Julian', 'Godoy Martinez', 'axjugoma@gmail.com', 0, 1, '2023-04-25 13:56:45.906116'),
(44, 'pbkdf2_sha256$150000$Z2QPlhC33IrU$dZgHW2WA5EM+W1KMZvhLqtv4fztc/4fMUc7NIsy3N/k=', '2023-04-25 14:32:51.029325', 0, 'adoprueba414@gmail.com', 'Axel Julian', 'Godoy Martinez', 'adoprueba414@gmail.com', 0, 1, '2023-04-25 14:01:57.276133'),
(45, 'pbkdf2_sha256$150000$XOadoykEQr12$99baBD+G9NSUUiTGekQrDnDFD/ImShoY2m4Q5fU9HLE=', '2023-04-25 14:30:55.397593', 0, 'adoprueba415@gmail.com', 'Axel Julian', 'Godoy Martinez', 'adoprueba415@gmail.com', 0, 1, '2023-04-25 14:29:45.741355'),
(46, 'pbkdf2_sha256$150000$AjCSaGrjxHvv$FlFcErfQEpX+J7WhPtYCbGMJu3eUJzaC+H67/2PbUY8=', '2023-04-26 14:48:09.141720', 0, 'josedaviddurand@gmail.com', 'juan', 'torres', 'josedaviddurand@gmail.com', 0, 1, '2023-04-26 14:12:52.685444'),
(47, 'pbkdf2_sha256$150000$E8Yaz2O6JYK1$6O14D0at700KpTH+kBuqWHzFBIj2CG8SLavJrXnyX8Y=', '2023-04-26 14:36:37.404845', 0, 'thegamervnzla@gmail.com', 'maria', 'martinez', 'thegamervnzla@gmail.com', 0, 1, '2023-04-26 14:35:37.655949');

-- --------------------------------------------------------

--
-- Estructura de tabla para la tabla `auth_user_groups`
--

CREATE TABLE `auth_user_groups` (
  `id` int(11) NOT NULL,
  `user_id` int(11) NOT NULL,
  `group_id` int(11) NOT NULL
);

--
-- Volcado de datos para la tabla `auth_user_groups`
--

INSERT INTO `auth_user_groups` (`id`, `user_id`, `group_id`) VALUES
(1, 2, 4),
(2, 3, 1),
(3, 4, 2),
(5, 8, 3),
(8, 11, 2),
(13, 15, 5),
(15, 17, 2),
(16, 18, 5),
(17, 19, 5),
(20, 22, 1),
(21, 23, 3),
(22, 24, 5),
(23, 25, 4),
(24, 26, 7),
(25, 27, 4),
(26, 28, 6),
(27, 29, 1),
(28, 30, 5),
(29, 31, 5),
(30, 32, 3),
(31, 33, 2),
(32, 34, 2),
(33, 35, 5),
(34, 36, 2),
(35, 37, 2),
(36, 38, 1),
(37, 39, 3),
(38, 40, 2),
(39, 41, 6),
(40, 42, 4),
(41, 43, 2),
(42, 44, 2),
(43, 45, 5),
(44, 46, 1),
(45, 47, 5);

-- --------------------------------------------------------

--
-- Estructura de tabla para la tabla `auth_user_user_permissions`
--

CREATE TABLE `auth_user_user_permissions` (
  `id` int(11) NOT NULL,
  `user_id` int(11) NOT NULL,
  `permission_id` int(11) NOT NULL
);

-- --------------------------------------------------------

--
-- Estructura de tabla para la tabla `django_admin_log`
--

CREATE TABLE `django_admin_log` (
  `id` int(11) NOT NULL,
  `action_time` datetime(6) NOT NULL,
  `object_id` longtext,
  `object_repr` varchar(200) NOT NULL,
  `action_flag` smallint(5) UNSIGNED NOT NULL,
  `change_message` longtext NOT NULL,
  `content_type_id` int(11) DEFAULT NULL,
  `user_id` int(11) NOT NULL
);

--
-- Volcado de datos para la tabla `django_admin_log`
--

INSERT INTO `django_admin_log` (`id`, `action_time`, `object_id`, `object_repr`, `action_flag`, `change_message`, `content_type_id`, `user_id`) VALUES
(1, '2022-10-07 22:27:55.545163', '3', 'Afiliado Amarillos', 2, '[{\"changed\": {\"fields\": [\"photo\"]}}]', 19, 1),
(2, '2022-10-07 22:32:08.915852', '3', 'Afiliado Amarillos', 2, '[{\"changed\": {\"fields\": [\"photo\"]}}]', 19, 1);

-- --------------------------------------------------------

--
-- Estructura de tabla para la tabla `django_content_type`
--

CREATE TABLE `django_content_type` (
  `id` int(11) NOT NULL,
  `app_label` varchar(100) NOT NULL,
  `model` varchar(100) NOT NULL
);

--
-- Volcado de datos para la tabla `django_content_type`
--

INSERT INTO `django_content_type` (`id`, `app_label`, `model`) VALUES
(8, 'account', 'emailaddress'),
(9, 'account', 'emailconfirmation'),
(1, 'admin', 'logentry'),
(3, 'auth', 'group'),
(2, 'auth', 'permission'),
(4, 'auth', 'user'),
(5, 'contenttypes', 'contenttype'),
(43, 'regions', 'city'),
(40, 'regions', 'country'),
(42, 'regions', 'department'),
(41, 'regions', 'location'),
(39, 'services', 'history_pqr'),
(38, 'services', 'pqr'),
(37, 'services', 'publication'),
(34, 'services', 'service'),
(36, 'services', 'servicecollection'),
(35, 'services', 'typepqr'),
(6, 'sessions', 'session'),
(7, 'sites', 'site'),
(10, 'socialaccount', 'socialaccount'),
(11, 'socialaccount', 'socialapp'),
(12, 'socialaccount', 'socialtoken'),
(30, 'states', 'invoicestate'),
(31, 'states', 'state'),
(33, 'states', 'stateservice'),
(32, 'states', 'state_pqr'),
(25, 'taxes', 'agreement'),
(45, 'taxes', 'benefitspolicy'),
(29, 'taxes', 'collection'),
(26, 'taxes', 'membership'),
(48, 'taxes', 'paymentmethod'),
(27, 'taxes', 'rate'),
(28, 'taxes', 'time_zone'),
(13, 'users', 'blood_types'),
(20, 'users', 'card'),
(23, 'users', 'cardsubscription'),
(14, 'users', 'category'),
(15, 'users', 'code'),
(24, 'users', 'coupon'),
(16, 'users', 'documenttype'),
(19, 'users', 'extended_user'),
(17, 'users', 'gender'),
(18, 'users', 'invoice'),
(46, 'users', 'promotionsbycategory'),
(22, 'users', 'subscription'),
(21, 'users', 'typesubscription'),
(47, 'users', 'validationcard'),
(44, 'vehicles', 'vehicle');

-- --------------------------------------------------------

--
-- Estructura de tabla para la tabla `django_migrations`
--

CREATE TABLE `django_migrations` (
  `id` int(11) NOT NULL,
  `app` varchar(255) NOT NULL,
  `name` varchar(255) NOT NULL,
  `applied` datetime(6) NOT NULL
);

--
-- Volcado de datos para la tabla `django_migrations`
--

INSERT INTO `django_migrations` (`id`, `app`, `name`, `applied`) VALUES
(1, 'contenttypes', '0001_initial', '2022-10-05 00:09:26.489060'),
(2, 'auth', '0001_initial', '2022-10-05 00:09:26.589411'),
(3, 'account', '0001_initial', '2022-10-05 00:09:26.729534'),
(4, 'account', '0002_email_max_length', '2022-10-05 00:09:26.781418'),
(5, 'admin', '0001_initial', '2022-10-05 00:09:26.808930'),
(6, 'admin', '0002_logentry_remove_auto_add', '2022-10-05 00:09:26.846191'),
(7, 'admin', '0003_logentry_add_action_flag_choices', '2022-10-05 00:09:26.858416'),
(8, 'contenttypes', '0002_remove_content_type_name', '2022-10-05 00:09:26.966011'),
(9, 'auth', '0002_alter_permission_name_max_length', '2022-10-05 00:09:26.985584'),
(10, 'auth', '0003_alter_user_email_max_length', '2022-10-05 00:09:27.010865'),
(11, 'auth', '0004_alter_user_username_opts', '2022-10-05 00:09:27.025524'),
(12, 'auth', '0005_alter_user_last_login_null', '2022-10-05 00:09:27.056704'),
(13, 'auth', '0006_require_contenttypes_0002', '2022-10-05 00:09:27.058901'),
(14, 'auth', '0007_alter_validators_add_error_messages', '2022-10-05 00:09:27.067993'),
(15, 'auth', '0008_alter_user_username_max_length', '2022-10-05 00:09:27.088252'),
(16, 'auth', '0009_alter_user_last_name_max_length', '2022-10-05 00:09:27.122177'),
(17, 'auth', '0010_alter_group_name_max_length', '2022-10-05 00:09:27.134944'),
(18, 'auth', '0011_update_proxy_permissions', '2022-10-05 00:09:27.149270'),
(19, 'states', '0001_initial', '2022-10-05 00:09:27.195296'),
(20, 'regions', '0001_initial', '2022-10-05 00:09:27.269373'),
(21, 'regions', '0002_auto_20220616_1610', '2022-10-05 00:09:27.377787'),
(22, 'regions', '0003_auto_20220617_1845', '2022-10-05 00:09:27.399318'),
(23, 'regions', '0004_location_city', '2022-10-05 00:09:27.430709'),
(24, 'users', '0001_initial', '2022-10-05 00:09:27.609584'),
(25, 'taxes', '0001_initial', '2022-10-05 00:09:27.900402'),
(26, 'services', '0001_initial', '2022-10-05 00:09:28.124159'),
(27, 'services', '0002_auto_20220608_1337', '2022-10-05 00:09:28.347060'),
(28, 'sessions', '0001_initial', '2022-10-05 00:09:28.383579'),
(29, 'sites', '0001_initial', '2022-10-05 00:09:28.404749'),
(30, 'sites', '0002_alter_domain_unique', '2022-10-05 00:09:28.416367'),
(31, 'socialaccount', '0001_initial', '2022-10-05 00:09:28.579489'),
(32, 'socialaccount', '0002_token_max_lengths', '2022-10-05 00:09:28.702048'),
(33, 'socialaccount', '0003_extra_data_default_dict', '2022-10-05 00:09:28.715840'),
(34, 'taxes', '0002_rate_unit', '2022-10-05 00:09:28.726587'),
(35, 'taxes', '0003_auto_20220905_2109', '2022-10-05 00:09:28.742088'),
(36, 'taxes', '0004_auto_20220905_2109', '2022-10-05 00:09:28.771954'),
(37, 'users', '0002_auto_20220614_1737', '2022-10-05 00:09:29.226185'),
(38, 'users', '0003_auto_20220616_1610', '2022-10-05 00:09:29.361349'),
(39, 'users', '0004_auto_20220616_1627', '2022-10-05 00:09:29.589908'),
(40, 'users', '0005_auto_20220616_1628', '2022-10-05 00:09:29.637033'),
(41, 'users', '0006_auto_20220616_1633', '2022-10-05 00:09:29.724480'),
(42, 'users', '0007_card_activation_code', '2022-10-05 00:09:29.809576'),
(43, 'users', '0008_delete_invitation_codes', '2022-10-05 00:09:29.816836'),
(44, 'users', '0009_subscription_typesubscription', '2022-10-05 00:09:29.872683'),
(45, 'users', '0010_auto_20220629_1447', '2022-10-05 00:09:30.017153'),
(46, 'users', '0011_auto_20220629_1457', '2022-10-05 00:09:30.132863'),
(47, 'users', '0012_cardsuscription_price', '2022-10-05 00:09:30.167837'),
(48, 'users', '0013_auto_20220629_1506', '2022-10-05 00:09:30.243138'),
(49, 'users', '0014_auto_20220629_1607', '2022-10-05 00:09:30.313479'),
(50, 'users', '0015_auto_20220701_1343', '2022-10-05 00:09:30.442112'),
(51, 'users', '0016_auto_20220701_1402', '2022-10-05 00:09:30.617366'),
(52, 'users', '0017_auto_20220701_1555', '2022-10-05 00:09:30.691345'),
(53, 'users', '0018_auto_20220701_1618', '2022-10-05 00:09:30.794100'),
(54, 'users', '0019_invoice_user', '2022-10-05 00:09:30.859559'),
(55, 'users', '0020_coupon', '2022-10-05 00:09:30.915789'),
(56, 'users', '0021_coupon_used', '2022-10-05 00:09:30.976705'),
(57, 'users', '0022_auto_20220804_2017', '2022-10-05 00:09:31.015223'),
(58, 'vehicles', '0001_initial', '2022-10-05 00:09:31.069501'),
(59, 'vehicles', '0002_auto_20220708_1629', '2022-10-05 00:09:31.290455'),
(60, 'vehicles', '0003_auto_20220708_1631', '2022-10-05 00:09:31.330717'),
(61, 'vehicles', '0004_auto_20220708_1638', '2022-10-05 00:09:31.889259'),
(62, 'vehicles', '0005_auto_20220708_1644', '2022-10-05 00:09:32.010566'),
(63, 'users', '0023_extended_user_call', '2022-11-02 17:18:28.971640'),
(64, 'users', '0024_remove_extended_user_call', '2022-11-02 17:34:16.560911'),
(65, 'users', '0025_extended_user_call', '2022-11-02 17:35:09.017049'),
(66, 'services', '0003_service_initial_affectation', '2022-11-09 13:16:19.661967'),
(67, 'taxes', '0005_time_zone_show', '2022-11-20 23:53:49.797602'),
(68, 'taxes', '0006_remove_time_zone_show', '2022-11-21 00:16:45.055532'),
(69, 'taxes', '0007_benefitspolicy', '2022-11-23 20:06:48.473791'),
(70, 'taxes', '0008_delete_benefitspolicy', '2022-11-23 20:16:19.638443'),
(71, 'taxes', '0009_benefitspolicy', '2022-11-23 20:19:18.347091'),
(72, 'users', '0026_promotionsbycategory', '2022-11-30 03:34:48.471886'),
(73, 'users', '0027_auto_20221129_2239', '2022-11-30 03:39:30.282018'),
(74, 'services', '0004_service_promotion_category', '2022-11-30 22:14:21.174384'),
(75, 'users', '0028_delete_promotionsbycategory', '2022-11-30 22:14:21.184086'),
(76, 'services', '0005_service_promotion_category_value', '2022-12-01 00:49:21.770580'),
(77, 'taxes', '0010_delete_benefitspolicy', '2022-12-01 21:09:18.531744'),
(78, 'services', '0006_auto_20221201_1700', '2022-12-01 22:00:13.595170'),
(79, 'services', '0007_auto_20221201_1702', '2022-12-01 22:02:47.502764'),
(80, 'services', '0008_auto_20221205_2126', '2022-12-06 02:26:12.398710'),
(81, 'services', '0009_servicecollection_total_price', '2022-12-14 20:35:58.426474'),
(82, 'services', '0010_service_total', '2022-12-14 22:24:32.290279'),
(83, 'services', '0011_auto_20221221_2030', '2022-12-22 01:31:20.221115'),
(84, 'services', '0012_remove_pqr_user_question', '2022-12-22 01:31:20.430795'),
(85, 'services', '0013_pqr_user_question', '2022-12-22 01:31:38.963629'),
(86, 'services', '0014_service_type_pqr', '2023-01-04 18:38:32.467732'),
(87, 'services', '0015_service_score', '2023-01-05 00:19:20.437874'),
(88, 'services', '0016_auto_20230111_1659', '2023-01-11 21:59:19.992287'),
(89, 'services', '0017_service_flag_call', '2023-01-25 21:17:10.588957'),
(90, 'services', '0018_auto_20230125_1732', '2023-01-25 22:32:53.197372'),
(91, 'services', '0019_auto_20230126_2149', '2023-01-27 02:49:40.718086'),
(92, 'services', '0020_auto_20230129_2004', '2023-01-30 01:04:12.550971'),
(93, 'services', '0021_auto_20230218_2052', '2023-02-19 01:52:34.516793'),
(94, 'users', '0029_auto_20230218_2052', '2023-02-19 01:52:34.592491'),
(95, 'users', '0030_validationcard', '2023-02-23 18:29:25.273685'),
(96, 'users', '0031_auto_20230223_1459', '2023-02-23 19:59:55.609185'),
(97, 'taxes', '0011_paymentmethod', '2023-02-27 17:57:33.950661'),
(98, 'users', '0032_auto_20230227_1257', '2023-02-27 17:57:33.997511'),
(99, 'taxes', '0012_collection_image', '2023-02-27 21:22:10.136853'),
(100, 'taxes', '0013_auto_20230228_0748', '2023-02-28 12:48:30.590613'),
(101, 'services', '0022_service_payment_method', '2023-02-28 17:12:40.888627'),
(102, 'services', '0023_service_vehicle', '2023-04-11 01:26:34.306640'),
(103, 'users', '0033_invoice_coupon', '2023-04-15 18:18:31.755723');

-- --------------------------------------------------------

--
-- Estructura de tabla para la tabla `django_session`
--

CREATE TABLE `django_session` (
  `session_key` varchar(40) NOT NULL,
  `session_data` longtext NOT NULL,
  `expire_date` datetime(6) NOT NULL
);

--
-- Volcado de datos para la tabla `django_session`
--

INSERT INTO `django_session` (`session_key`, `session_data`, `expire_date`) VALUES
('03xwoxyllstnmt2cgqdidhukiyfncz3f', 'Njc0MGMxYzk1ZGIwNzI1MzAwNzhlZjMyODZlNzE5M2VkNDlhZjNlYzp7Il9hdXRoX3VzZXJfaWQiOiIxMCIsIl9hdXRoX3VzZXJfYmFja2VuZCI6ImRqYW5nby5jb250cmliLmF1dGguYmFja2VuZHMuTW9kZWxCYWNrZW5kIiwiX2F1dGhfdXNlcl9oYXNoIjoiMWE0Yzk2YTY0ODQ0NGNjZjE5MWYyYjNiNmJhMzNlZTM0ZTY1Zjk5ZCJ9', '2023-02-03 18:19:34.153807'),
('04icn8p0gn6exzpwa14grk3sg3e25rqz', 'MDg5NjcxNWJlMzhiOTNiNmI2NTcwZDViYzJlZTNlNTViMGQ4NmIyODp7Il9hdXRoX3VzZXJfaWQiOiIyIiwiX2F1dGhfdXNlcl9iYWNrZW5kIjoiZGphbmdvLmNvbnRyaWIuYXV0aC5iYWNrZW5kcy5Nb2RlbEJhY2tlbmQiLCJfYXV0aF91c2VyX2hhc2giOiI1ZmVlMmM1ZDJlNmY4N2VhNTkyYTU4MTAyNjk4ZmJhYTc2MDQ0MzZmIn0=', '2023-01-10 17:16:07.289650'),
('09z6otwzakpfcyrytuptuzbkj6iay9m7', 'MGYzZDlmZmQyYzgxNWEwODRhY2Q0NTA4ZDgxYmZjNTg0YzEwZTdlMjp7Il9hdXRoX3VzZXJfaWQiOiI0MCIsIl9hdXRoX3VzZXJfYmFja2VuZCI6ImRqYW5nby5jb250cmliLmF1dGguYmFja2VuZHMuTW9kZWxCYWNrZW5kIiwiX2F1dGhfdXNlcl9oYXNoIjoiZDhiYzY2M2M0ZjMxMTVmMDQ2NzY3MTY4ZDliOGY1M2EyNWJhOTY1MiIsInVzZXJfYWN0aXZhdGUiOiJhY3RpdmVfdXNlciJ9', '2023-05-08 17:31:06.880400'),
('0a0n8gp0n9jwtq1qmfgm8lsfr5zk3qe5', 'MDg5NjcxNWJlMzhiOTNiNmI2NTcwZDViYzJlZTNlNTViMGQ4NmIyODp7Il9hdXRoX3VzZXJfaWQiOiIyIiwiX2F1dGhfdXNlcl9iYWNrZW5kIjoiZGphbmdvLmNvbnRyaWIuYXV0aC5iYWNrZW5kcy5Nb2RlbEJhY2tlbmQiLCJfYXV0aF91c2VyX2hhc2giOiI1ZmVlMmM1ZDJlNmY4N2VhNTkyYTU4MTAyNjk4ZmJhYTc2MDQ0MzZmIn0=', '2023-03-14 00:45:51.743630'),
('0dk3znr21ka4qgpvm4eft94tqgu1ooca', 'MDg5NjcxNWJlMzhiOTNiNmI2NTcwZDViYzJlZTNlNTViMGQ4NmIyODp7Il9hdXRoX3VzZXJfaWQiOiIyIiwiX2F1dGhfdXNlcl9iYWNrZW5kIjoiZGphbmdvLmNvbnRyaWIuYXV0aC5iYWNrZW5kcy5Nb2RlbEJhY2tlbmQiLCJfYXV0aF91c2VyX2hhc2giOiI1ZmVlMmM1ZDJlNmY4N2VhNTkyYTU4MTAyNjk4ZmJhYTc2MDQ0MzZmIn0=', '2022-10-28 00:55:12.083725'),
('0icu5vaa5wmzniiwazsaw29kdwf2hx8s', 'MmJkOTBmNjQwYWU4ZWJiYWZiMDQwMDBhYmQ1YWU2ZjI1ZGY0YTMzYTp7Il9hdXRoX3VzZXJfaWQiOiI0IiwiX2F1dGhfdXNlcl9iYWNrZW5kIjoiZGphbmdvLmNvbnRyaWIuYXV0aC5iYWNrZW5kcy5Nb2RlbEJhY2tlbmQiLCJfYXV0aF91c2VyX2hhc2giOiI3Y2M2Nzk2YWZjOWUzZmMwZTliNzZhYzQ3YjI0ZDFhMThlOTdjY2E4In0=', '2023-04-19 21:35:20.787669'),
('0ilhocidglwxubsmxn2w9v4o4dbakler', 'NzA0ODZjZmYyYWE1OWRmMDJkNTg4NDdhNzk2ZjMyZTAxMjk2NzU3ZTp7Il9hdXRoX3VzZXJfaWQiOiIzIiwiX2F1dGhfdXNlcl9iYWNrZW5kIjoiZGphbmdvLmNvbnRyaWIuYXV0aC5iYWNrZW5kcy5Nb2RlbEJhY2tlbmQiLCJfYXV0aF91c2VyX2hhc2giOiJhMzUwMjNmMzk4MjVlNjBkM2QzMWYyOTY0NmE5NDFiYzRmYzljM2M1In0=', '2022-11-07 02:02:03.983413'),
('0k59znq57rowlnfz2dp8b5jlj4v7p5rm', 'MWFkZjJlNTA0MDcyOGViZTJlMWVlOTY5YzU5MzRjNDhhMmFlNWQ3Yjp7Il9hdXRoX3VzZXJfaWQiOiIyIiwiX2F1dGhfdXNlcl9iYWNrZW5kIjoiZGphbmdvLmNvbnRyaWIuYXV0aC5iYWNrZW5kcy5Nb2RlbEJhY2tlbmQiLCJfYXV0aF91c2VyX2hhc2giOiIyNGE2MWJlZDk0MDhmYjU4ODZkNjI0ZWZkOTVmYTBhMGFiNGUzZTMyIn0=', '2023-05-03 10:33:52.244200'),
('0lq206si8t581unxdz95c2aoqz4ajgn7', 'NzA0ODZjZmYyYWE1OWRmMDJkNTg4NDdhNzk2ZjMyZTAxMjk2NzU3ZTp7Il9hdXRoX3VzZXJfaWQiOiIzIiwiX2F1dGhfdXNlcl9iYWNrZW5kIjoiZGphbmdvLmNvbnRyaWIuYXV0aC5iYWNrZW5kcy5Nb2RlbEJhY2tlbmQiLCJfYXV0aF91c2VyX2hhc2giOiJhMzUwMjNmMzk4MjVlNjBkM2QzMWYyOTY0NmE5NDFiYzRmYzljM2M1In0=', '2022-11-27 02:20:28.728401'),
('0p9epk8w2f9b02o8x55euqh6xef7c4hf', 'NzA0ODZjZmYyYWE1OWRmMDJkNTg4NDdhNzk2ZjMyZTAxMjk2NzU3ZTp7Il9hdXRoX3VzZXJfaWQiOiIzIiwiX2F1dGhfdXNlcl9iYWNrZW5kIjoiZGphbmdvLmNvbnRyaWIuYXV0aC5iYWNrZW5kcy5Nb2RlbEJhY2tlbmQiLCJfYXV0aF91c2VyX2hhc2giOiJhMzUwMjNmMzk4MjVlNjBkM2QzMWYyOTY0NmE5NDFiYzRmYzljM2M1In0=', '2023-03-26 16:15:34.193610'),
('0v4nwnd0gwhy93ne72vjm8bnddqymws2', 'MDg5NjcxNWJlMzhiOTNiNmI2NTcwZDViYzJlZTNlNTViMGQ4NmIyODp7Il9hdXRoX3VzZXJfaWQiOiIyIiwiX2F1dGhfdXNlcl9iYWNrZW5kIjoiZGphbmdvLmNvbnRyaWIuYXV0aC5iYWNrZW5kcy5Nb2RlbEJhY2tlbmQiLCJfYXV0aF91c2VyX2hhc2giOiI1ZmVlMmM1ZDJlNmY4N2VhNTkyYTU4MTAyNjk4ZmJhYTc2MDQ0MzZmIn0=', '2022-12-02 17:52:50.922714'),
('0w2dj4y96zeqiqxqtv7cnjta4g919tnk', 'MDg5NjcxNWJlMzhiOTNiNmI2NTcwZDViYzJlZTNlNTViMGQ4NmIyODp7Il9hdXRoX3VzZXJfaWQiOiIyIiwiX2F1dGhfdXNlcl9iYWNrZW5kIjoiZGphbmdvLmNvbnRyaWIuYXV0aC5iYWNrZW5kcy5Nb2RlbEJhY2tlbmQiLCJfYXV0aF91c2VyX2hhc2giOiI1ZmVlMmM1ZDJlNmY4N2VhNTkyYTU4MTAyNjk4ZmJhYTc2MDQ0MzZmIn0=', '2022-12-15 22:59:29.277074'),
('10w4fig13tafkk24u2psttug0423nfvj', 'MGNlOTIyYTcyZTg2NWFmYjNjNjVjODNkZDRkMGNmNDJhOGY4OTExZDp7Il9hdXRoX3VzZXJfaWQiOiIyNiIsIl9hdXRoX3VzZXJfYmFja2VuZCI6ImRqYW5nby5jb250cmliLmF1dGguYmFja2VuZHMuTW9kZWxCYWNrZW5kIiwiX2F1dGhfdXNlcl9oYXNoIjoiYWJhZDBjZGU2ZDBmODg4OWI3M2VkN2QxMzljMmIxMDE5MzczODQ2MyJ9', '2023-03-24 06:41:14.277611'),
('119sx0oq17j8cjsbkpz8udciuanu2n4h', 'ZTZlMTQ1ZGRmNTEyMDgzMTgzMjUwM2VjOTY1MDk4NjY0YmYyNDc1MDp7Il9wYXNzd29yZF9yZXNldF90b2tlbiI6IjY5Ni04MTE0OTk4ODBkYjNiMDBkZGQ2MSJ9', '2023-03-28 01:28:37.376043'),
('11u86xljk89e3z3wegjt7z2lhqzxqnjn', 'MmJkOTBmNjQwYWU4ZWJiYWZiMDQwMDBhYmQ1YWU2ZjI1ZGY0YTMzYTp7Il9hdXRoX3VzZXJfaWQiOiI0IiwiX2F1dGhfdXNlcl9iYWNrZW5kIjoiZGphbmdvLmNvbnRyaWIuYXV0aC5iYWNrZW5kcy5Nb2RlbEJhY2tlbmQiLCJfYXV0aF91c2VyX2hhc2giOiI3Y2M2Nzk2YWZjOWUzZmMwZTliNzZhYzQ3YjI0ZDFhMThlOTdjY2E4In0=', '2022-12-01 20:44:15.578997'),
('1ec0h2kjantaoq3q669um7ef7g427tm2', 'NTc5ZmZhMmZkNjBhYjZiZTlkMmFmMzQ2NGM0OTU2NTRiMWU1M2E0Yjp7Il9hdXRoX3VzZXJfaWQiOiI5IiwiX2F1dGhfdXNlcl9iYWNrZW5kIjoiZGphbmdvLmNvbnRyaWIuYXV0aC5iYWNrZW5kcy5Nb2RlbEJhY2tlbmQiLCJfYXV0aF91c2VyX2hhc2giOiJjMDdjODczMjY1MDUyMTYxNTI2OWRkZDRkMjliZGVlMDlkYmUzMjNkIn0=', '2023-02-03 15:10:20.005642'),
('1ugqn10ipmlezk4wutfbu83q1am1ict0', 'MmJkOTBmNjQwYWU4ZWJiYWZiMDQwMDBhYmQ1YWU2ZjI1ZGY0YTMzYTp7Il9hdXRoX3VzZXJfaWQiOiI0IiwiX2F1dGhfdXNlcl9iYWNrZW5kIjoiZGphbmdvLmNvbnRyaWIuYXV0aC5iYWNrZW5kcy5Nb2RlbEJhY2tlbmQiLCJfYXV0aF91c2VyX2hhc2giOiI3Y2M2Nzk2YWZjOWUzZmMwZTliNzZhYzQ3YjI0ZDFhMThlOTdjY2E4In0=', '2023-03-17 02:56:13.734223'),
('1wmhfawe5ve6cm38a5mdgcooivwosn3i', 'MGNlOTIyYTcyZTg2NWFmYjNjNjVjODNkZDRkMGNmNDJhOGY4OTExZDp7Il9hdXRoX3VzZXJfaWQiOiIyNiIsIl9hdXRoX3VzZXJfYmFja2VuZCI6ImRqYW5nby5jb250cmliLmF1dGguYmFja2VuZHMuTW9kZWxCYWNrZW5kIiwiX2F1dGhfdXNlcl9oYXNoIjoiYWJhZDBjZGU2ZDBmODg4OWI3M2VkN2QxMzljMmIxMDE5MzczODQ2MyJ9', '2023-03-23 16:00:24.380062'),
('210660fufwawlxah5n095fo7ao1vd503', 'NzA0ODZjZmYyYWE1OWRmMDJkNTg4NDdhNzk2ZjMyZTAxMjk2NzU3ZTp7Il9hdXRoX3VzZXJfaWQiOiIzIiwiX2F1dGhfdXNlcl9iYWNrZW5kIjoiZGphbmdvLmNvbnRyaWIuYXV0aC5iYWNrZW5kcy5Nb2RlbEJhY2tlbmQiLCJfYXV0aF91c2VyX2hhc2giOiJhMzUwMjNmMzk4MjVlNjBkM2QzMWYyOTY0NmE5NDFiYzRmYzljM2M1In0=', '2023-02-22 20:20:01.291888'),
('22rvtxnbjwp6jxpbp7ymok2t88g3og5y', 'NzA0ODZjZmYyYWE1OWRmMDJkNTg4NDdhNzk2ZjMyZTAxMjk2NzU3ZTp7Il9hdXRoX3VzZXJfaWQiOiIzIiwiX2F1dGhfdXNlcl9iYWNrZW5kIjoiZGphbmdvLmNvbnRyaWIuYXV0aC5iYWNrZW5kcy5Nb2RlbEJhY2tlbmQiLCJfYXV0aF91c2VyX2hhc2giOiJhMzUwMjNmMzk4MjVlNjBkM2QzMWYyOTY0NmE5NDFiYzRmYzljM2M1In0=', '2023-03-23 00:32:52.580401'),
('23dnincjo8o0wkk47pyqdmx96jh7g67c', 'NzA0ODZjZmYyYWE1OWRmMDJkNTg4NDdhNzk2ZjMyZTAxMjk2NzU3ZTp7Il9hdXRoX3VzZXJfaWQiOiIzIiwiX2F1dGhfdXNlcl9iYWNrZW5kIjoiZGphbmdvLmNvbnRyaWIuYXV0aC5iYWNrZW5kcy5Nb2RlbEJhY2tlbmQiLCJfYXV0aF91c2VyX2hhc2giOiJhMzUwMjNmMzk4MjVlNjBkM2QzMWYyOTY0NmE5NDFiYzRmYzljM2M1In0=', '2022-11-07 03:37:40.478320'),
('24zz3prynd9ki9yos47hjffpvwh300at', 'MmJkOTBmNjQwYWU4ZWJiYWZiMDQwMDBhYmQ1YWU2ZjI1ZGY0YTMzYTp7Il9hdXRoX3VzZXJfaWQiOiI0IiwiX2F1dGhfdXNlcl9iYWNrZW5kIjoiZGphbmdvLmNvbnRyaWIuYXV0aC5iYWNrZW5kcy5Nb2RlbEJhY2tlbmQiLCJfYXV0aF91c2VyX2hhc2giOiI3Y2M2Nzk2YWZjOWUzZmMwZTliNzZhYzQ3YjI0ZDFhMThlOTdjY2E4In0=', '2022-12-14 22:25:09.099949'),
('255sshyrgyue9c2up1gp7y5nugyi3ypd', 'MDg5NjcxNWJlMzhiOTNiNmI2NTcwZDViYzJlZTNlNTViMGQ4NmIyODp7Il9hdXRoX3VzZXJfaWQiOiIyIiwiX2F1dGhfdXNlcl9iYWNrZW5kIjoiZGphbmdvLmNvbnRyaWIuYXV0aC5iYWNrZW5kcy5Nb2RlbEJhY2tlbmQiLCJfYXV0aF91c2VyX2hhc2giOiI1ZmVlMmM1ZDJlNmY4N2VhNTkyYTU4MTAyNjk4ZmJhYTc2MDQ0MzZmIn0=', '2023-02-22 19:53:15.405766'),
('2bapmezy7c381nqdxya6f31fkb78cggr', 'MDg5NjcxNWJlMzhiOTNiNmI2NTcwZDViYzJlZTNlNTViMGQ4NmIyODp7Il9hdXRoX3VzZXJfaWQiOiIyIiwiX2F1dGhfdXNlcl9iYWNrZW5kIjoiZGphbmdvLmNvbnRyaWIuYXV0aC5iYWNrZW5kcy5Nb2RlbEJhY2tlbmQiLCJfYXV0aF91c2VyX2hhc2giOiI1ZmVlMmM1ZDJlNmY4N2VhNTkyYTU4MTAyNjk4ZmJhYTc2MDQ0MzZmIn0=', '2022-10-25 16:19:33.495585'),
('2ef7uzvpajm9z750da7io0lqtj8zt6n3', 'MWFkZjJlNTA0MDcyOGViZTJlMWVlOTY5YzU5MzRjNDhhMmFlNWQ3Yjp7Il9hdXRoX3VzZXJfaWQiOiIyIiwiX2F1dGhfdXNlcl9iYWNrZW5kIjoiZGphbmdvLmNvbnRyaWIuYXV0aC5iYWNrZW5kcy5Nb2RlbEJhY2tlbmQiLCJfYXV0aF91c2VyX2hhc2giOiIyNGE2MWJlZDk0MDhmYjU4ODZkNjI0ZWZkOTVmYTBhMGFiNGUzZTMyIn0=', '2023-05-03 12:07:42.793746'),
('2fe5bopgynmto9blpzamp0dz2nzg3v5r', 'MmJkOTBmNjQwYWU4ZWJiYWZiMDQwMDBhYmQ1YWU2ZjI1ZGY0YTMzYTp7Il9hdXRoX3VzZXJfaWQiOiI0IiwiX2F1dGhfdXNlcl9iYWNrZW5kIjoiZGphbmdvLmNvbnRyaWIuYXV0aC5iYWNrZW5kcy5Nb2RlbEJhY2tlbmQiLCJfYXV0aF91c2VyX2hhc2giOiI3Y2M2Nzk2YWZjOWUzZmMwZTliNzZhYzQ3YjI0ZDFhMThlOTdjY2E4In0=', '2023-02-23 05:49:31.764828'),
('2nayv0tjfuuw23kk7tq5qdel8z4x04po', 'MDg5NjcxNWJlMzhiOTNiNmI2NTcwZDViYzJlZTNlNTViMGQ4NmIyODp7Il9hdXRoX3VzZXJfaWQiOiIyIiwiX2F1dGhfdXNlcl9iYWNrZW5kIjoiZGphbmdvLmNvbnRyaWIuYXV0aC5iYWNrZW5kcy5Nb2RlbEJhY2tlbmQiLCJfYXV0aF91c2VyX2hhc2giOiI1ZmVlMmM1ZDJlNmY4N2VhNTkyYTU4MTAyNjk4ZmJhYTc2MDQ0MzZmIn0=', '2023-02-01 23:02:31.672494'),
('2svyzd5qrjo0qrcd6wgqlqwte6of2b4h', 'MDg5NjcxNWJlMzhiOTNiNmI2NTcwZDViYzJlZTNlNTViMGQ4NmIyODp7Il9hdXRoX3VzZXJfaWQiOiIyIiwiX2F1dGhfdXNlcl9iYWNrZW5kIjoiZGphbmdvLmNvbnRyaWIuYXV0aC5iYWNrZW5kcy5Nb2RlbEJhY2tlbmQiLCJfYXV0aF91c2VyX2hhc2giOiI1ZmVlMmM1ZDJlNmY4N2VhNTkyYTU4MTAyNjk4ZmJhYTc2MDQ0MzZmIn0=', '2023-02-28 16:17:02.333938'),
('2ucunhz87j774no7njo1a7dgwc2hab0i', 'MWFkZjJlNTA0MDcyOGViZTJlMWVlOTY5YzU5MzRjNDhhMmFlNWQ3Yjp7Il9hdXRoX3VzZXJfaWQiOiIyIiwiX2F1dGhfdXNlcl9iYWNrZW5kIjoiZGphbmdvLmNvbnRyaWIuYXV0aC5iYWNrZW5kcy5Nb2RlbEJhY2tlbmQiLCJfYXV0aF91c2VyX2hhc2giOiIyNGE2MWJlZDk0MDhmYjU4ODZkNjI0ZWZkOTVmYTBhMGFiNGUzZTMyIn0=', '2023-05-02 01:01:54.141244'),
('2x37onvz7uxbe5me63jv2kux87n94i6m', 'NzA0ODZjZmYyYWE1OWRmMDJkNTg4NDdhNzk2ZjMyZTAxMjk2NzU3ZTp7Il9hdXRoX3VzZXJfaWQiOiIzIiwiX2F1dGhfdXNlcl9iYWNrZW5kIjoiZGphbmdvLmNvbnRyaWIuYXV0aC5iYWNrZW5kcy5Nb2RlbEJhY2tlbmQiLCJfYXV0aF91c2VyX2hhc2giOiJhMzUwMjNmMzk4MjVlNjBkM2QzMWYyOTY0NmE5NDFiYzRmYzljM2M1In0=', '2023-03-09 01:40:08.914253'),
('30h12mqvgtfsijcat5l3a92malotx336', 'Njc0MGMxYzk1ZGIwNzI1MzAwNzhlZjMyODZlNzE5M2VkNDlhZjNlYzp7Il9hdXRoX3VzZXJfaWQiOiIxMCIsIl9hdXRoX3VzZXJfYmFja2VuZCI6ImRqYW5nby5jb250cmliLmF1dGguYmFja2VuZHMuTW9kZWxCYWNrZW5kIiwiX2F1dGhfdXNlcl9oYXNoIjoiMWE0Yzk2YTY0ODQ0NGNjZjE5MWYyYjNiNmJhMzNlZTM0ZTY1Zjk5ZCJ9', '2023-01-19 20:50:54.385709'),
('3243bk11mxw9joya2hgqimnzqclrh2aq', 'MDg5NjcxNWJlMzhiOTNiNmI2NTcwZDViYzJlZTNlNTViMGQ4NmIyODp7Il9hdXRoX3VzZXJfaWQiOiIyIiwiX2F1dGhfdXNlcl9iYWNrZW5kIjoiZGphbmdvLmNvbnRyaWIuYXV0aC5iYWNrZW5kcy5Nb2RlbEJhY2tlbmQiLCJfYXV0aF91c2VyX2hhc2giOiI1ZmVlMmM1ZDJlNmY4N2VhNTkyYTU4MTAyNjk4ZmJhYTc2MDQ0MzZmIn0=', '2023-02-17 22:28:07.969274'),
('33dt5atn0jxvy0ow5uq3d8v5virh6pnn', 'MDg5NjcxNWJlMzhiOTNiNmI2NTcwZDViYzJlZTNlNTViMGQ4NmIyODp7Il9hdXRoX3VzZXJfaWQiOiIyIiwiX2F1dGhfdXNlcl9iYWNrZW5kIjoiZGphbmdvLmNvbnRyaWIuYXV0aC5iYWNrZW5kcy5Nb2RlbEJhY2tlbmQiLCJfYXV0aF91c2VyX2hhc2giOiI1ZmVlMmM1ZDJlNmY4N2VhNTkyYTU4MTAyNjk4ZmJhYTc2MDQ0MzZmIn0=', '2023-03-14 15:35:33.530410'),
('33qo64dmvg8dqhw9d3cz0123ii4jmeyy', 'MGNlOTIyYTcyZTg2NWFmYjNjNjVjODNkZDRkMGNmNDJhOGY4OTExZDp7Il9hdXRoX3VzZXJfaWQiOiIyNiIsIl9hdXRoX3VzZXJfYmFja2VuZCI6ImRqYW5nby5jb250cmliLmF1dGguYmFja2VuZHMuTW9kZWxCYWNrZW5kIiwiX2F1dGhfdXNlcl9oYXNoIjoiYWJhZDBjZGU2ZDBmODg4OWI3M2VkN2QxMzljMmIxMDE5MzczODQ2MyJ9', '2023-03-21 23:20:16.680561'),
('33sryuth8dbdzokl44begi45p9ts2g9v', 'NzA0ODZjZmYyYWE1OWRmMDJkNTg4NDdhNzk2ZjMyZTAxMjk2NzU3ZTp7Il9hdXRoX3VzZXJfaWQiOiIzIiwiX2F1dGhfdXNlcl9iYWNrZW5kIjoiZGphbmdvLmNvbnRyaWIuYXV0aC5iYWNrZW5kcy5Nb2RlbEJhY2tlbmQiLCJfYXV0aF91c2VyX2hhc2giOiJhMzUwMjNmMzk4MjVlNjBkM2QzMWYyOTY0NmE5NDFiYzRmYzljM2M1In0=', '2023-02-13 04:18:00.201309'),
('37fugdaxas1fbikyqew5zt83l1rvfxo4', 'NzA0ODZjZmYyYWE1OWRmMDJkNTg4NDdhNzk2ZjMyZTAxMjk2NzU3ZTp7Il9hdXRoX3VzZXJfaWQiOiIzIiwiX2F1dGhfdXNlcl9iYWNrZW5kIjoiZGphbmdvLmNvbnRyaWIuYXV0aC5iYWNrZW5kcy5Nb2RlbEJhY2tlbmQiLCJfYXV0aF91c2VyX2hhc2giOiJhMzUwMjNmMzk4MjVlNjBkM2QzMWYyOTY0NmE5NDFiYzRmYzljM2M1In0=', '2023-03-09 23:06:24.944231'),
('3823n7g7h4zdsyn0vvwzbhfdb8o8jgns', 'NjFjZDRhNTcwYWEwNjMxZjU1NDg5YjA1NjY2ZTQ1ZjhmZGMxNDI0YTp7Il9hdXRoX3VzZXJfaWQiOiIzMSIsIl9hdXRoX3VzZXJfYmFja2VuZCI6ImRqYW5nby5jb250cmliLmF1dGguYmFja2VuZHMuTW9kZWxCYWNrZW5kIiwiX2F1dGhfdXNlcl9oYXNoIjoiM2VhZTcyOGI4OTNhMGViOGUyNmQ5OWVmODRjMzVkNGJkNDdjY2ZiYSJ9', '2023-04-19 02:34:07.128806'),
('39460m5wkgr16lql5zpfk4fgv3rtbbh8', 'MDg5NjcxNWJlMzhiOTNiNmI2NTcwZDViYzJlZTNlNTViMGQ4NmIyODp7Il9hdXRoX3VzZXJfaWQiOiIyIiwiX2F1dGhfdXNlcl9iYWNrZW5kIjoiZGphbmdvLmNvbnRyaWIuYXV0aC5iYWNrZW5kcy5Nb2RlbEJhY2tlbmQiLCJfYXV0aF91c2VyX2hhc2giOiI1ZmVlMmM1ZDJlNmY4N2VhNTkyYTU4MTAyNjk4ZmJhYTc2MDQ0MzZmIn0=', '2022-11-02 01:27:05.853413'),
('3ad2rof2e890zvdbjqful6ybmadmjacf', 'MDg5NjcxNWJlMzhiOTNiNmI2NTcwZDViYzJlZTNlNTViMGQ4NmIyODp7Il9hdXRoX3VzZXJfaWQiOiIyIiwiX2F1dGhfdXNlcl9iYWNrZW5kIjoiZGphbmdvLmNvbnRyaWIuYXV0aC5iYWNrZW5kcy5Nb2RlbEJhY2tlbmQiLCJfYXV0aF91c2VyX2hhc2giOiI1ZmVlMmM1ZDJlNmY4N2VhNTkyYTU4MTAyNjk4ZmJhYTc2MDQ0MzZmIn0=', '2023-02-22 02:12:38.507973'),
('3t4d65781vvslggpq2tiq3m0mjtyzdoh', 'MWFkZjJlNTA0MDcyOGViZTJlMWVlOTY5YzU5MzRjNDhhMmFlNWQ3Yjp7Il9hdXRoX3VzZXJfaWQiOiIyIiwiX2F1dGhfdXNlcl9iYWNrZW5kIjoiZGphbmdvLmNvbnRyaWIuYXV0aC5iYWNrZW5kcy5Nb2RlbEJhY2tlbmQiLCJfYXV0aF91c2VyX2hhc2giOiIyNGE2MWJlZDk0MDhmYjU4ODZkNjI0ZWZkOTVmYTBhMGFiNGUzZTMyIn0=', '2023-05-05 17:15:36.835667'),
('3uadmrd89ye9c9mt77vn6890up59ln3a', 'MmJkOTBmNjQwYWU4ZWJiYWZiMDQwMDBhYmQ1YWU2ZjI1ZGY0YTMzYTp7Il9hdXRoX3VzZXJfaWQiOiI0IiwiX2F1dGhfdXNlcl9iYWNrZW5kIjoiZGphbmdvLmNvbnRyaWIuYXV0aC5iYWNrZW5kcy5Nb2RlbEJhY2tlbmQiLCJfYXV0aF91c2VyX2hhc2giOiI3Y2M2Nzk2YWZjOWUzZmMwZTliNzZhYzQ3YjI0ZDFhMThlOTdjY2E4In0=', '2023-03-21 17:11:57.278431'),
('3vf1np8c37gbevxlzvyi0hzggkrdq0kw', 'MDg5NjcxNWJlMzhiOTNiNmI2NTcwZDViYzJlZTNlNTViMGQ4NmIyODp7Il9hdXRoX3VzZXJfaWQiOiIyIiwiX2F1dGhfdXNlcl9iYWNrZW5kIjoiZGphbmdvLmNvbnRyaWIuYXV0aC5iYWNrZW5kcy5Nb2RlbEJhY2tlbmQiLCJfYXV0aF91c2VyX2hhc2giOiI1ZmVlMmM1ZDJlNmY4N2VhNTkyYTU4MTAyNjk4ZmJhYTc2MDQ0MzZmIn0=', '2022-12-07 17:47:36.334818'),
('3wdcbhr0j8savzk819shqyv39nkkld68', 'MmJkOTBmNjQwYWU4ZWJiYWZiMDQwMDBhYmQ1YWU2ZjI1ZGY0YTMzYTp7Il9hdXRoX3VzZXJfaWQiOiI0IiwiX2F1dGhfdXNlcl9iYWNrZW5kIjoiZGphbmdvLmNvbnRyaWIuYXV0aC5iYWNrZW5kcy5Nb2RlbEJhY2tlbmQiLCJfYXV0aF91c2VyX2hhc2giOiI3Y2M2Nzk2YWZjOWUzZmMwZTliNzZhYzQ3YjI0ZDFhMThlOTdjY2E4In0=', '2023-04-04 06:17:13.182588'),
('40xffc6gorjoi0huy9arsa8geqecodmy', 'MzY3NzcxM2E0OGQzNzVlM2VlYTgyZTZmZWJiZjJlOTFiYmNkOWY1Nzp7Il9hdXRoX3VzZXJfaWQiOiIzNyIsIl9hdXRoX3VzZXJfYmFja2VuZCI6ImRqYW5nby5jb250cmliLmF1dGguYmFja2VuZHMuTW9kZWxCYWNrZW5kIiwiX2F1dGhfdXNlcl9oYXNoIjoiYjkzNWE2ZWFjZjQ4OTU2ZGNlNzM0YmI0MWRhNTJlMDU4OTgwNGU0MSIsInVzZXJfYWN0aXZhdGUiOiJhY3RpdmVfdXNlciJ9', '2023-05-10 14:47:52.338599'),
('4bakg878qpdd5zbvs2j4q7tx6qfuv9xx', 'MDg5NjcxNWJlMzhiOTNiNmI2NTcwZDViYzJlZTNlNTViMGQ4NmIyODp7Il9hdXRoX3VzZXJfaWQiOiIyIiwiX2F1dGhfdXNlcl9iYWNrZW5kIjoiZGphbmdvLmNvbnRyaWIuYXV0aC5iYWNrZW5kcy5Nb2RlbEJhY2tlbmQiLCJfYXV0aF91c2VyX2hhc2giOiI1ZmVlMmM1ZDJlNmY4N2VhNTkyYTU4MTAyNjk4ZmJhYTc2MDQ0MzZmIn0=', '2023-03-18 05:57:58.355846'),
('4dv10sscj556c8gnusr7gg4wpd2rgcqq', 'MDg5NjcxNWJlMzhiOTNiNmI2NTcwZDViYzJlZTNlNTViMGQ4NmIyODp7Il9hdXRoX3VzZXJfaWQiOiIyIiwiX2F1dGhfdXNlcl9iYWNrZW5kIjoiZGphbmdvLmNvbnRyaWIuYXV0aC5iYWNrZW5kcy5Nb2RlbEJhY2tlbmQiLCJfYXV0aF91c2VyX2hhc2giOiI1ZmVlMmM1ZDJlNmY4N2VhNTkyYTU4MTAyNjk4ZmJhYTc2MDQ0MzZmIn0=', '2023-03-27 06:01:43.526524'),
('4fu31mpuygecu2bsu4i3ao3b6p9a4cd8', 'Njc0MGMxYzk1ZGIwNzI1MzAwNzhlZjMyODZlNzE5M2VkNDlhZjNlYzp7Il9hdXRoX3VzZXJfaWQiOiIxMCIsIl9hdXRoX3VzZXJfYmFja2VuZCI6ImRqYW5nby5jb250cmliLmF1dGguYmFja2VuZHMuTW9kZWxCYWNrZW5kIiwiX2F1dGhfdXNlcl9oYXNoIjoiMWE0Yzk2YTY0ODQ0NGNjZjE5MWYyYjNiNmJhMzNlZTM0ZTY1Zjk5ZCJ9', '2023-02-13 03:37:14.364537'),
('4gwy9ln854mcs25o1y9e7t0v2d6f4p9y', 'MWFkZjJlNTA0MDcyOGViZTJlMWVlOTY5YzU5MzRjNDhhMmFlNWQ3Yjp7Il9hdXRoX3VzZXJfaWQiOiIyIiwiX2F1dGhfdXNlcl9iYWNrZW5kIjoiZGphbmdvLmNvbnRyaWIuYXV0aC5iYWNrZW5kcy5Nb2RlbEJhY2tlbmQiLCJfYXV0aF91c2VyX2hhc2giOiIyNGE2MWJlZDk0MDhmYjU4ODZkNjI0ZWZkOTVmYTBhMGFiNGUzZTMyIn0=', '2023-04-14 02:14:59.723713'),
('4xiarluomq626luskayx1j8v2zoqb3qt', 'MWFkZjJlNTA0MDcyOGViZTJlMWVlOTY5YzU5MzRjNDhhMmFlNWQ3Yjp7Il9hdXRoX3VzZXJfaWQiOiIyIiwiX2F1dGhfdXNlcl9iYWNrZW5kIjoiZGphbmdvLmNvbnRyaWIuYXV0aC5iYWNrZW5kcy5Nb2RlbEJhY2tlbmQiLCJfYXV0aF91c2VyX2hhc2giOiIyNGE2MWJlZDk0MDhmYjU4ODZkNjI0ZWZkOTVmYTBhMGFiNGUzZTMyIn0=', '2023-05-05 18:27:27.693371'),
('50j9nppa7d87n3eh33hn6bs7h1lg9bsv', 'MmJkOTBmNjQwYWU4ZWJiYWZiMDQwMDBhYmQ1YWU2ZjI1ZGY0YTMzYTp7Il9hdXRoX3VzZXJfaWQiOiI0IiwiX2F1dGhfdXNlcl9iYWNrZW5kIjoiZGphbmdvLmNvbnRyaWIuYXV0aC5iYWNrZW5kcy5Nb2RlbEJhY2tlbmQiLCJfYXV0aF91c2VyX2hhc2giOiI3Y2M2Nzk2YWZjOWUzZmMwZTliNzZhYzQ3YjI0ZDFhMThlOTdjY2E4In0=', '2022-12-05 01:13:41.768614'),
('51l9w9dq8kjtv79g4795ho32amvnqpq7', 'MDg5NjcxNWJlMzhiOTNiNmI2NTcwZDViYzJlZTNlNTViMGQ4NmIyODp7Il9hdXRoX3VzZXJfaWQiOiIyIiwiX2F1dGhfdXNlcl9iYWNrZW5kIjoiZGphbmdvLmNvbnRyaWIuYXV0aC5iYWNrZW5kcy5Nb2RlbEJhY2tlbmQiLCJfYXV0aF91c2VyX2hhc2giOiI1ZmVlMmM1ZDJlNmY4N2VhNTkyYTU4MTAyNjk4ZmJhYTc2MDQ0MzZmIn0=', '2023-02-15 18:58:07.898731'),
('546ks1rbb8d9ghp10wfxt16b8e2v7ug5', 'MDg5NjcxNWJlMzhiOTNiNmI2NTcwZDViYzJlZTNlNTViMGQ4NmIyODp7Il9hdXRoX3VzZXJfaWQiOiIyIiwiX2F1dGhfdXNlcl9iYWNrZW5kIjoiZGphbmdvLmNvbnRyaWIuYXV0aC5iYWNrZW5kcy5Nb2RlbEJhY2tlbmQiLCJfYXV0aF91c2VyX2hhc2giOiI1ZmVlMmM1ZDJlNmY4N2VhNTkyYTU4MTAyNjk4ZmJhYTc2MDQ0MzZmIn0=', '2023-03-04 23:01:35.248767'),
('59wzsejr194opox8vt6xsr2k6xa7egv7', 'NzA0ODZjZmYyYWE1OWRmMDJkNTg4NDdhNzk2ZjMyZTAxMjk2NzU3ZTp7Il9hdXRoX3VzZXJfaWQiOiIzIiwiX2F1dGhfdXNlcl9iYWNrZW5kIjoiZGphbmdvLmNvbnRyaWIuYXV0aC5iYWNrZW5kcy5Nb2RlbEJhY2tlbmQiLCJfYXV0aF91c2VyX2hhc2giOiJhMzUwMjNmMzk4MjVlNjBkM2QzMWYyOTY0NmE5NDFiYzRmYzljM2M1In0=', '2022-10-25 19:53:18.622249'),
('5aea9yz94i3xukoymbwsv40qd5hk4hzl', 'NzA0ODZjZmYyYWE1OWRmMDJkNTg4NDdhNzk2ZjMyZTAxMjk2NzU3ZTp7Il9hdXRoX3VzZXJfaWQiOiIzIiwiX2F1dGhfdXNlcl9iYWNrZW5kIjoiZGphbmdvLmNvbnRyaWIuYXV0aC5iYWNrZW5kcy5Nb2RlbEJhY2tlbmQiLCJfYXV0aF91c2VyX2hhc2giOiJhMzUwMjNmMzk4MjVlNjBkM2QzMWYyOTY0NmE5NDFiYzRmYzljM2M1In0=', '2023-04-02 04:29:21.920791'),
('5iqwouleeb93ycqrqidx9wd7bfrz5r8o', 'OWQzZDJhYWFkODM1YWM1M2NlNmVjNjg0Y2EzYmU2NWViYzY5MzFhMTp7Il9hdXRoX3VzZXJfaWQiOiI0IiwiX2F1dGhfdXNlcl9iYWNrZW5kIjoiZGphbmdvLmNvbnRyaWIuYXV0aC5iYWNrZW5kcy5Nb2RlbEJhY2tlbmQiLCJfYXV0aF91c2VyX2hhc2giOiI3Y2M2Nzk2YWZjOWUzZmMwZTliNzZhYzQ3YjI0ZDFhMThlOTdjY2E4IiwidXNlcl9hY3RpdmF0ZSI6ImFjdGl2ZV91c2VyIn0=', '2023-04-28 05:07:11.535999'),
('5j4snc6bg6t0ayufd53ll0ctrieudfk9', 'MWFkZjJlNTA0MDcyOGViZTJlMWVlOTY5YzU5MzRjNDhhMmFlNWQ3Yjp7Il9hdXRoX3VzZXJfaWQiOiIyIiwiX2F1dGhfdXNlcl9iYWNrZW5kIjoiZGphbmdvLmNvbnRyaWIuYXV0aC5iYWNrZW5kcy5Nb2RlbEJhY2tlbmQiLCJfYXV0aF91c2VyX2hhc2giOiIyNGE2MWJlZDk0MDhmYjU4ODZkNjI0ZWZkOTVmYTBhMGFiNGUzZTMyIn0=', '2023-05-03 23:25:18.156838'),
('5tq8s2oj804m8g85qeoca9z3py0kmj18', 'MWFkZjJlNTA0MDcyOGViZTJlMWVlOTY5YzU5MzRjNDhhMmFlNWQ3Yjp7Il9hdXRoX3VzZXJfaWQiOiIyIiwiX2F1dGhfdXNlcl9iYWNrZW5kIjoiZGphbmdvLmNvbnRyaWIuYXV0aC5iYWNrZW5kcy5Nb2RlbEJhY2tlbmQiLCJfYXV0aF91c2VyX2hhc2giOiIyNGE2MWJlZDk0MDhmYjU4ODZkNjI0ZWZkOTVmYTBhMGFiNGUzZTMyIn0=', '2023-04-22 20:17:34.379659'),
('6b26w66n2cj62kxlcrbam9eal6w25dc9', 'MWFkZjJlNTA0MDcyOGViZTJlMWVlOTY5YzU5MzRjNDhhMmFlNWQ3Yjp7Il9hdXRoX3VzZXJfaWQiOiIyIiwiX2F1dGhfdXNlcl9iYWNrZW5kIjoiZGphbmdvLmNvbnRyaWIuYXV0aC5iYWNrZW5kcy5Nb2RlbEJhY2tlbmQiLCJfYXV0aF91c2VyX2hhc2giOiIyNGE2MWJlZDk0MDhmYjU4ODZkNjI0ZWZkOTVmYTBhMGFiNGUzZTMyIn0=', '2023-05-09 01:37:33.478462'),
('6osxl8bfhwhz5xdhdwkyws8o70t8p58v', 'MmJkOTBmNjQwYWU4ZWJiYWZiMDQwMDBhYmQ1YWU2ZjI1ZGY0YTMzYTp7Il9hdXRoX3VzZXJfaWQiOiI0IiwiX2F1dGhfdXNlcl9iYWNrZW5kIjoiZGphbmdvLmNvbnRyaWIuYXV0aC5iYWNrZW5kcy5Nb2RlbEJhY2tlbmQiLCJfYXV0aF91c2VyX2hhc2giOiI3Y2M2Nzk2YWZjOWUzZmMwZTliNzZhYzQ3YjI0ZDFhMThlOTdjY2E4In0=', '2023-03-31 23:09:30.407548'),
('6wulu8hx6qb8g5884kn3cn72k2np8mtl', 'MWFkZjJlNTA0MDcyOGViZTJlMWVlOTY5YzU5MzRjNDhhMmFlNWQ3Yjp7Il9hdXRoX3VzZXJfaWQiOiIyIiwiX2F1dGhfdXNlcl9iYWNrZW5kIjoiZGphbmdvLmNvbnRyaWIuYXV0aC5iYWNrZW5kcy5Nb2RlbEJhY2tlbmQiLCJfYXV0aF91c2VyX2hhc2giOiIyNGE2MWJlZDk0MDhmYjU4ODZkNjI0ZWZkOTVmYTBhMGFiNGUzZTMyIn0=', '2023-05-02 01:39:57.473680'),
('6z1xq8jpmtdj9y0cwhhyns9845m8rao1', 'MDg5NjcxNWJlMzhiOTNiNmI2NTcwZDViYzJlZTNlNTViMGQ4NmIyODp7Il9hdXRoX3VzZXJfaWQiOiIyIiwiX2F1dGhfdXNlcl9iYWNrZW5kIjoiZGphbmdvLmNvbnRyaWIuYXV0aC5iYWNrZW5kcy5Nb2RlbEJhY2tlbmQiLCJfYXV0aF91c2VyX2hhc2giOiI1ZmVlMmM1ZDJlNmY4N2VhNTkyYTU4MTAyNjk4ZmJhYTc2MDQ0MzZmIn0=', '2023-03-22 02:31:46.074171'),
('768sykjy8nttqq60mm7wpqmrdo0rftua', 'MGNlOTIyYTcyZTg2NWFmYjNjNjVjODNkZDRkMGNmNDJhOGY4OTExZDp7Il9hdXRoX3VzZXJfaWQiOiIyNiIsIl9hdXRoX3VzZXJfYmFja2VuZCI6ImRqYW5nby5jb250cmliLmF1dGguYmFja2VuZHMuTW9kZWxCYWNrZW5kIiwiX2F1dGhfdXNlcl9oYXNoIjoiYWJhZDBjZGU2ZDBmODg4OWI3M2VkN2QxMzljMmIxMDE5MzczODQ2MyJ9', '2023-03-21 23:20:12.571256'),
('7aq2ovo16l1rcpjkj8nmfu9uazl24sic', 'NTc5ZmZhMmZkNjBhYjZiZTlkMmFmMzQ2NGM0OTU2NTRiMWU1M2E0Yjp7Il9hdXRoX3VzZXJfaWQiOiI5IiwiX2F1dGhfdXNlcl9iYWNrZW5kIjoiZGphbmdvLmNvbnRyaWIuYXV0aC5iYWNrZW5kcy5Nb2RlbEJhY2tlbmQiLCJfYXV0aF91c2VyX2hhc2giOiJjMDdjODczMjY1MDUyMTYxNTI2OWRkZDRkMjliZGVlMDlkYmUzMjNkIn0=', '2023-01-20 17:08:07.041646'),
('7iy9wly6zgrowzxvj29fwulzpbgufpnq', 'MDg5NjcxNWJlMzhiOTNiNmI2NTcwZDViYzJlZTNlNTViMGQ4NmIyODp7Il9hdXRoX3VzZXJfaWQiOiIyIiwiX2F1dGhfdXNlcl9iYWNrZW5kIjoiZGphbmdvLmNvbnRyaWIuYXV0aC5iYWNrZW5kcy5Nb2RlbEJhY2tlbmQiLCJfYXV0aF91c2VyX2hhc2giOiI1ZmVlMmM1ZDJlNmY4N2VhNTkyYTU4MTAyNjk4ZmJhYTc2MDQ0MzZmIn0=', '2023-01-05 01:52:21.476694'),
('7jm9uig4wlnzsuazxd2nnhaoh25kr22a', 'MWFkZjJlNTA0MDcyOGViZTJlMWVlOTY5YzU5MzRjNDhhMmFlNWQ3Yjp7Il9hdXRoX3VzZXJfaWQiOiIyIiwiX2F1dGhfdXNlcl9iYWNrZW5kIjoiZGphbmdvLmNvbnRyaWIuYXV0aC5iYWNrZW5kcy5Nb2RlbEJhY2tlbmQiLCJfYXV0aF91c2VyX2hhc2giOiIyNGE2MWJlZDk0MDhmYjU4ODZkNjI0ZWZkOTVmYTBhMGFiNGUzZTMyIn0=', '2023-04-26 23:57:52.172095'),
('7p9oahi2w2dvcbk1z0uyhvoijuhglcvh', 'NzA0ODZjZmYyYWE1OWRmMDJkNTg4NDdhNzk2ZjMyZTAxMjk2NzU3ZTp7Il9hdXRoX3VzZXJfaWQiOiIzIiwiX2F1dGhfdXNlcl9iYWNrZW5kIjoiZGphbmdvLmNvbnRyaWIuYXV0aC5iYWNrZW5kcy5Nb2RlbEJhY2tlbmQiLCJfYXV0aF91c2VyX2hhc2giOiJhMzUwMjNmMzk4MjVlNjBkM2QzMWYyOTY0NmE5NDFiYzRmYzljM2M1In0=', '2023-03-21 01:07:27.408906'),
('7zgiajh84onnwo46zsvs4hb4fskxqkn2', 'MDg5NjcxNWJlMzhiOTNiNmI2NTcwZDViYzJlZTNlNTViMGQ4NmIyODp7Il9hdXRoX3VzZXJfaWQiOiIyIiwiX2F1dGhfdXNlcl9iYWNrZW5kIjoiZGphbmdvLmNvbnRyaWIuYXV0aC5iYWNrZW5kcy5Nb2RlbEJhY2tlbmQiLCJfYXV0aF91c2VyX2hhc2giOiI1ZmVlMmM1ZDJlNmY4N2VhNTkyYTU4MTAyNjk4ZmJhYTc2MDQ0MzZmIn0=', '2023-02-17 02:45:48.147401'),
('8eyo3h7a1sqi9ails41dysnpooyuutwt', 'MmJkOTBmNjQwYWU4ZWJiYWZiMDQwMDBhYmQ1YWU2ZjI1ZGY0YTMzYTp7Il9hdXRoX3VzZXJfaWQiOiI0IiwiX2F1dGhfdXNlcl9iYWNrZW5kIjoiZGphbmdvLmNvbnRyaWIuYXV0aC5iYWNrZW5kcy5Nb2RlbEJhY2tlbmQiLCJfYXV0aF91c2VyX2hhc2giOiI3Y2M2Nzk2YWZjOWUzZmMwZTliNzZhYzQ3YjI0ZDFhMThlOTdjY2E4In0=', '2022-12-21 11:23:23.962788'),
('8ifeyft1mohoh7pv8hmoddmmy5r5je2b', 'MDg5NjcxNWJlMzhiOTNiNmI2NTcwZDViYzJlZTNlNTViMGQ4NmIyODp7Il9hdXRoX3VzZXJfaWQiOiIyIiwiX2F1dGhfdXNlcl9iYWNrZW5kIjoiZGphbmdvLmNvbnRyaWIuYXV0aC5iYWNrZW5kcy5Nb2RlbEJhY2tlbmQiLCJfYXV0aF91c2VyX2hhc2giOiI1ZmVlMmM1ZDJlNmY4N2VhNTkyYTU4MTAyNjk4ZmJhYTc2MDQ0MzZmIn0=', '2023-02-17 03:18:10.693575'),
('8l8mrtsup7rtsjrhh6kl96gb8zot5ik1', 'MmJkOTBmNjQwYWU4ZWJiYWZiMDQwMDBhYmQ1YWU2ZjI1ZGY0YTMzYTp7Il9hdXRoX3VzZXJfaWQiOiI0IiwiX2F1dGhfdXNlcl9iYWNrZW5kIjoiZGphbmdvLmNvbnRyaWIuYXV0aC5iYWNrZW5kcy5Nb2RlbEJhY2tlbmQiLCJfYXV0aF91c2VyX2hhc2giOiI3Y2M2Nzk2YWZjOWUzZmMwZTliNzZhYzQ3YjI0ZDFhMThlOTdjY2E4In0=', '2022-11-19 21:03:35.249482'),
('8w09bajecd1a31ngv2zhi2sps2fakjh5', 'MDg5NjcxNWJlMzhiOTNiNmI2NTcwZDViYzJlZTNlNTViMGQ4NmIyODp7Il9hdXRoX3VzZXJfaWQiOiIyIiwiX2F1dGhfdXNlcl9iYWNrZW5kIjoiZGphbmdvLmNvbnRyaWIuYXV0aC5iYWNrZW5kcy5Nb2RlbEJhY2tlbmQiLCJfYXV0aF91c2VyX2hhc2giOiI1ZmVlMmM1ZDJlNmY4N2VhNTkyYTU4MTAyNjk4ZmJhYTc2MDQ0MzZmIn0=', '2023-03-21 21:11:10.587510'),
('8x9i15eyq9ghz3f9wyk51i3hrk5awzoe', 'NzA0ODZjZmYyYWE1OWRmMDJkNTg4NDdhNzk2ZjMyZTAxMjk2NzU3ZTp7Il9hdXRoX3VzZXJfaWQiOiIzIiwiX2F1dGhfdXNlcl9iYWNrZW5kIjoiZGphbmdvLmNvbnRyaWIuYXV0aC5iYWNrZW5kcy5Nb2RlbEJhY2tlbmQiLCJfYXV0aF91c2VyX2hhc2giOiJhMzUwMjNmMzk4MjVlNjBkM2QzMWYyOTY0NmE5NDFiYzRmYzljM2M1In0=', '2023-03-06 16:19:45.478870'),
('90lgvn0ux4m81ynpvql226ulz4321r3u', 'NzA0ODZjZmYyYWE1OWRmMDJkNTg4NDdhNzk2ZjMyZTAxMjk2NzU3ZTp7Il9hdXRoX3VzZXJfaWQiOiIzIiwiX2F1dGhfdXNlcl9iYWNrZW5kIjoiZGphbmdvLmNvbnRyaWIuYXV0aC5iYWNrZW5kcy5Nb2RlbEJhY2tlbmQiLCJfYXV0aF91c2VyX2hhc2giOiJhMzUwMjNmMzk4MjVlNjBkM2QzMWYyOTY0NmE5NDFiYzRmYzljM2M1In0=', '2022-11-14 23:31:14.416133'),
('99xj16b2scs173ujlsk8q5kgnchqgpp0', 'NTc5ZmZhMmZkNjBhYjZiZTlkMmFmMzQ2NGM0OTU2NTRiMWU1M2E0Yjp7Il9hdXRoX3VzZXJfaWQiOiI5IiwiX2F1dGhfdXNlcl9iYWNrZW5kIjoiZGphbmdvLmNvbnRyaWIuYXV0aC5iYWNrZW5kcy5Nb2RlbEJhY2tlbmQiLCJfYXV0aF91c2VyX2hhc2giOiJjMDdjODczMjY1MDUyMTYxNTI2OWRkZDRkMjliZGVlMDlkYmUzMjNkIn0=', '2023-01-30 19:31:22.070229'),
('9nxg3unz2kztpbivon7kj2pzcfaa5wsr', 'NTc5ZmZhMmZkNjBhYjZiZTlkMmFmMzQ2NGM0OTU2NTRiMWU1M2E0Yjp7Il9hdXRoX3VzZXJfaWQiOiI5IiwiX2F1dGhfdXNlcl9iYWNrZW5kIjoiZGphbmdvLmNvbnRyaWIuYXV0aC5iYWNrZW5kcy5Nb2RlbEJhY2tlbmQiLCJfYXV0aF91c2VyX2hhc2giOiJjMDdjODczMjY1MDUyMTYxNTI2OWRkZDRkMjliZGVlMDlkYmUzMjNkIn0=', '2023-02-03 15:10:21.096261'),
('9o5z2mh4ngl1t3bzeet9ji64q8kgtkvu', 'NzA0ODZjZmYyYWE1OWRmMDJkNTg4NDdhNzk2ZjMyZTAxMjk2NzU3ZTp7Il9hdXRoX3VzZXJfaWQiOiIzIiwiX2F1dGhfdXNlcl9iYWNrZW5kIjoiZGphbmdvLmNvbnRyaWIuYXV0aC5iYWNrZW5kcy5Nb2RlbEJhY2tlbmQiLCJfYXV0aF91c2VyX2hhc2giOiJhMzUwMjNmMzk4MjVlNjBkM2QzMWYyOTY0NmE5NDFiYzRmYzljM2M1In0=', '2022-10-25 20:37:21.073270'),
('9t4z1fe68439t08aoxjvh0htn1twu73q', 'NzA0ODZjZmYyYWE1OWRmMDJkNTg4NDdhNzk2ZjMyZTAxMjk2NzU3ZTp7Il9hdXRoX3VzZXJfaWQiOiIzIiwiX2F1dGhfdXNlcl9iYWNrZW5kIjoiZGphbmdvLmNvbnRyaWIuYXV0aC5iYWNrZW5kcy5Nb2RlbEJhY2tlbmQiLCJfYXV0aF91c2VyX2hhc2giOiJhMzUwMjNmMzk4MjVlNjBkM2QzMWYyOTY0NmE5NDFiYzRmYzljM2M1In0=', '2022-11-19 21:07:51.124465'),
('a6c7dfpnfhcvmtekpwrpbdcka21iy7hx', 'MDg5NjcxNWJlMzhiOTNiNmI2NTcwZDViYzJlZTNlNTViMGQ4NmIyODp7Il9hdXRoX3VzZXJfaWQiOiIyIiwiX2F1dGhfdXNlcl9iYWNrZW5kIjoiZGphbmdvLmNvbnRyaWIuYXV0aC5iYWNrZW5kcy5Nb2RlbEJhY2tlbmQiLCJfYXV0aF91c2VyX2hhc2giOiI1ZmVlMmM1ZDJlNmY4N2VhNTkyYTU4MTAyNjk4ZmJhYTc2MDQ0MzZmIn0=', '2023-03-02 13:33:48.464018'),
('a7mkkgwc9apz18yf2u92k6eka33f3z5m', 'MDg5NjcxNWJlMzhiOTNiNmI2NTcwZDViYzJlZTNlNTViMGQ4NmIyODp7Il9hdXRoX3VzZXJfaWQiOiIyIiwiX2F1dGhfdXNlcl9iYWNrZW5kIjoiZGphbmdvLmNvbnRyaWIuYXV0aC5iYWNrZW5kcy5Nb2RlbEJhY2tlbmQiLCJfYXV0aF91c2VyX2hhc2giOiI1ZmVlMmM1ZDJlNmY4N2VhNTkyYTU4MTAyNjk4ZmJhYTc2MDQ0MzZmIn0=', '2023-02-09 21:50:05.887849'),
('abbx6gzavl2a86wg0aln63attsoem9je', 'MDg5NjcxNWJlMzhiOTNiNmI2NTcwZDViYzJlZTNlNTViMGQ4NmIyODp7Il9hdXRoX3VzZXJfaWQiOiIyIiwiX2F1dGhfdXNlcl9iYWNrZW5kIjoiZGphbmdvLmNvbnRyaWIuYXV0aC5iYWNrZW5kcy5Nb2RlbEJhY2tlbmQiLCJfYXV0aF91c2VyX2hhc2giOiI1ZmVlMmM1ZDJlNmY4N2VhNTkyYTU4MTAyNjk4ZmJhYTc2MDQ0MzZmIn0=', '2023-02-23 17:28:51.485295'),
('ah7cln6urkwkqyb7n4c3vo5rai87h0xu', 'MzBmMWU2OGJhOTBkNWM4NWU3Y2U4Yjk4ZmUwMTIyM2JiZDI0NWM3OTp7Il9hdXRoX3VzZXJfaWQiOiIyOCIsIl9hdXRoX3VzZXJfYmFja2VuZCI6ImRqYW5nby5jb250cmliLmF1dGguYmFja2VuZHMuTW9kZWxCYWNrZW5kIiwiX2F1dGhfdXNlcl9oYXNoIjoiZWE1ZmMyZDI3ODgzYzljNDI4MmE5NjIwNTRlNjIzOWM0OGUzOTkwMyJ9', '2023-05-08 19:21:50.445273'),
('an17cr97ywixz1g707digfh6by8ojfmv', 'NzA0ODZjZmYyYWE1OWRmMDJkNTg4NDdhNzk2ZjMyZTAxMjk2NzU3ZTp7Il9hdXRoX3VzZXJfaWQiOiIzIiwiX2F1dGhfdXNlcl9iYWNrZW5kIjoiZGphbmdvLmNvbnRyaWIuYXV0aC5iYWNrZW5kcy5Nb2RlbEJhY2tlbmQiLCJfYXV0aF91c2VyX2hhc2giOiJhMzUwMjNmMzk4MjVlNjBkM2QzMWYyOTY0NmE5NDFiYzRmYzljM2M1In0=', '2023-02-25 23:50:41.079935'),
('atzqzv5l9zj75nawt0ghgruq0grmtloo', 'NzA0ODZjZmYyYWE1OWRmMDJkNTg4NDdhNzk2ZjMyZTAxMjk2NzU3ZTp7Il9hdXRoX3VzZXJfaWQiOiIzIiwiX2F1dGhfdXNlcl9iYWNrZW5kIjoiZGphbmdvLmNvbnRyaWIuYXV0aC5iYWNrZW5kcy5Nb2RlbEJhY2tlbmQiLCJfYXV0aF91c2VyX2hhc2giOiJhMzUwMjNmMzk4MjVlNjBkM2QzMWYyOTY0NmE5NDFiYzRmYzljM2M1In0=', '2022-10-28 01:53:40.313113'),
('awc6peto7k03yez5k1tlmuuigu84o435', 'MmJkOTBmNjQwYWU4ZWJiYWZiMDQwMDBhYmQ1YWU2ZjI1ZGY0YTMzYTp7Il9hdXRoX3VzZXJfaWQiOiI0IiwiX2F1dGhfdXNlcl9iYWNrZW5kIjoiZGphbmdvLmNvbnRyaWIuYXV0aC5iYWNrZW5kcy5Nb2RlbEJhY2tlbmQiLCJfYXV0aF91c2VyX2hhc2giOiI3Y2M2Nzk2YWZjOWUzZmMwZTliNzZhYzQ3YjI0ZDFhMThlOTdjY2E4In0=', '2022-12-20 02:37:02.761567'),
('aydl3qg7wlpldhmavslms1127ncadowi', 'MmJkOTBmNjQwYWU4ZWJiYWZiMDQwMDBhYmQ1YWU2ZjI1ZGY0YTMzYTp7Il9hdXRoX3VzZXJfaWQiOiI0IiwiX2F1dGhfdXNlcl9iYWNrZW5kIjoiZGphbmdvLmNvbnRyaWIuYXV0aC5iYWNrZW5kcy5Nb2RlbEJhY2tlbmQiLCJfYXV0aF91c2VyX2hhc2giOiI3Y2M2Nzk2YWZjOWUzZmMwZTliNzZhYzQ3YjI0ZDFhMThlOTdjY2E4In0=', '2023-02-17 01:28:49.953793'),
('azvodl8xosehk0ux40cw9tvb2hragqvb', 'MmJkOTBmNjQwYWU4ZWJiYWZiMDQwMDBhYmQ1YWU2ZjI1ZGY0YTMzYTp7Il9hdXRoX3VzZXJfaWQiOiI0IiwiX2F1dGhfdXNlcl9iYWNrZW5kIjoiZGphbmdvLmNvbnRyaWIuYXV0aC5iYWNrZW5kcy5Nb2RlbEJhY2tlbmQiLCJfYXV0aF91c2VyX2hhc2giOiI3Y2M2Nzk2YWZjOWUzZmMwZTliNzZhYzQ3YjI0ZDFhMThlOTdjY2E4In0=', '2023-03-09 01:40:00.306996'),
('b9j9mhefhxvndkf4u8asam4e5555333i', 'ZjZlMDY5MDJkZDdhNzc2MzdkYzlmOGU5YjdhMDczNDk0N2Y2YjQzMDp7Il9hdXRoX3VzZXJfaWQiOiIzMiIsIl9hdXRoX3VzZXJfYmFja2VuZCI6ImRqYW5nby5jb250cmliLmF1dGguYmFja2VuZHMuTW9kZWxCYWNrZW5kIiwiX2F1dGhfdXNlcl9oYXNoIjoiMDNkYTJkNjNkMDg5MjU3MjQyZjU3NjE4ZmY3OTQ2OWJkOWRmMDhhOCIsInVzZXJfYWN0aXZhdGUiOiJzdWJzY3JpcHRpb24ifQ==', '2023-04-25 15:55:18.850185'),
('bhldsorrl9p4mjos6x53p4xdauf2844l', 'MGNlOTIyYTcyZTg2NWFmYjNjNjVjODNkZDRkMGNmNDJhOGY4OTExZDp7Il9hdXRoX3VzZXJfaWQiOiIyNiIsIl9hdXRoX3VzZXJfYmFja2VuZCI6ImRqYW5nby5jb250cmliLmF1dGguYmFja2VuZHMuTW9kZWxCYWNrZW5kIiwiX2F1dGhfdXNlcl9oYXNoIjoiYWJhZDBjZGU2ZDBmODg4OWI3M2VkN2QxMzljMmIxMDE5MzczODQ2MyJ9', '2023-04-25 05:30:26.560872'),
('bphp5r72xdii230rqrl54mz29fi73fm2', 'NzE5ZWQxNmQ2YjIyZWE3MTY2OGU2YzcwMWVmMzY3ZTQ5ZjVlMTQ4NDp7Il9wYXNzd29yZF9yZXNldF90b2tlbiI6IjZhZi1kYjUyMTc2NmMxNTdmOTYwMmE5NyJ9', '2023-05-11 16:53:39.467842'),
('cbj8da2kn97gq8ldm4i2rpt5r00xwlgo', 'MmJkOTBmNjQwYWU4ZWJiYWZiMDQwMDBhYmQ1YWU2ZjI1ZGY0YTMzYTp7Il9hdXRoX3VzZXJfaWQiOiI0IiwiX2F1dGhfdXNlcl9iYWNrZW5kIjoiZGphbmdvLmNvbnRyaWIuYXV0aC5iYWNrZW5kcy5Nb2RlbEJhY2tlbmQiLCJfYXV0aF91c2VyX2hhc2giOiI3Y2M2Nzk2YWZjOWUzZmMwZTliNzZhYzQ3YjI0ZDFhMThlOTdjY2E4In0=', '2023-03-15 02:24:08.270831'),
('cd9rmqlp8y674lpmqes455zgn7f0yze2', 'MmJkOTBmNjQwYWU4ZWJiYWZiMDQwMDBhYmQ1YWU2ZjI1ZGY0YTMzYTp7Il9hdXRoX3VzZXJfaWQiOiI0IiwiX2F1dGhfdXNlcl9iYWNrZW5kIjoiZGphbmdvLmNvbnRyaWIuYXV0aC5iYWNrZW5kcy5Nb2RlbEJhY2tlbmQiLCJfYXV0aF91c2VyX2hhc2giOiI3Y2M2Nzk2YWZjOWUzZmMwZTliNzZhYzQ3YjI0ZDFhMThlOTdjY2E4In0=', '2022-11-29 22:02:26.925798'),
('chg27og7lcosh08rmhx4xycsa6luq5wy', 'MmJkOTBmNjQwYWU4ZWJiYWZiMDQwMDBhYmQ1YWU2ZjI1ZGY0YTMzYTp7Il9hdXRoX3VzZXJfaWQiOiI0IiwiX2F1dGhfdXNlcl9iYWNrZW5kIjoiZGphbmdvLmNvbnRyaWIuYXV0aC5iYWNrZW5kcy5Nb2RlbEJhY2tlbmQiLCJfYXV0aF91c2VyX2hhc2giOiI3Y2M2Nzk2YWZjOWUzZmMwZTliNzZhYzQ3YjI0ZDFhMThlOTdjY2E4In0=', '2022-12-07 18:24:11.182862'),
('cpnzbxrlxaa39op591sm56xkrkapyrwa', 'MmJkOTBmNjQwYWU4ZWJiYWZiMDQwMDBhYmQ1YWU2ZjI1ZGY0YTMzYTp7Il9hdXRoX3VzZXJfaWQiOiI0IiwiX2F1dGhfdXNlcl9iYWNrZW5kIjoiZGphbmdvLmNvbnRyaWIuYXV0aC5iYWNrZW5kcy5Nb2RlbEJhY2tlbmQiLCJfYXV0aF91c2VyX2hhc2giOiI3Y2M2Nzk2YWZjOWUzZmMwZTliNzZhYzQ3YjI0ZDFhMThlOTdjY2E4In0=', '2023-03-08 22:24:53.446984'),
('cui0yttcsixkhexltyq7k3z5gweel83v', 'NTJiN2ExYmY3MTMxYjhjMzc2YjE0YmQ2MmUwNTQwNjU4MDE3M2U2Nzp7Il9hdXRoX3VzZXJfaWQiOiI0NSIsIl9hdXRoX3VzZXJfYmFja2VuZCI6ImRqYW5nby5jb250cmliLmF1dGguYmFja2VuZHMuTW9kZWxCYWNrZW5kIiwiX2F1dGhfdXNlcl9oYXNoIjoiZTUwN2E0OGYxNWIzNjgyMjU2ZjA4OTM5MzgxMzg4NDYyNzQ5MGE5ZiIsInVzZXJfYWN0aXZhdGUiOiJhY3RpdmVfdXNlciJ9', '2023-05-09 14:31:59.683051'),
('d9bp15ji8jz8j2zf9hhoadklh1z99dvh', 'MmJkOTBmNjQwYWU4ZWJiYWZiMDQwMDBhYmQ1YWU2ZjI1ZGY0YTMzYTp7Il9hdXRoX3VzZXJfaWQiOiI0IiwiX2F1dGhfdXNlcl9iYWNrZW5kIjoiZGphbmdvLmNvbnRyaWIuYXV0aC5iYWNrZW5kcy5Nb2RlbEJhY2tlbmQiLCJfYXV0aF91c2VyX2hhc2giOiI3Y2M2Nzk2YWZjOWUzZmMwZTliNzZhYzQ3YjI0ZDFhMThlOTdjY2E4In0=', '2023-03-21 08:24:50.942207'),
('dj6qxwpo84jzu0y9xiih8v9tuvogtwtv', 'MGNlOTIyYTcyZTg2NWFmYjNjNjVjODNkZDRkMGNmNDJhOGY4OTExZDp7Il9hdXRoX3VzZXJfaWQiOiIyNiIsIl9hdXRoX3VzZXJfYmFja2VuZCI6ImRqYW5nby5jb250cmliLmF1dGguYmFja2VuZHMuTW9kZWxCYWNrZW5kIiwiX2F1dGhfdXNlcl9oYXNoIjoiYWJhZDBjZGU2ZDBmODg4OWI3M2VkN2QxMzljMmIxMDE5MzczODQ2MyJ9', '2023-03-31 17:15:00.904193'),
('dol0ee78seexyeywe44wfc3gnp8lkj1v', 'MWFkZjJlNTA0MDcyOGViZTJlMWVlOTY5YzU5MzRjNDhhMmFlNWQ3Yjp7Il9hdXRoX3VzZXJfaWQiOiIyIiwiX2F1dGhfdXNlcl9iYWNrZW5kIjoiZGphbmdvLmNvbnRyaWIuYXV0aC5iYWNrZW5kcy5Nb2RlbEJhY2tlbmQiLCJfYXV0aF91c2VyX2hhc2giOiIyNGE2MWJlZDk0MDhmYjU4ODZkNjI0ZWZkOTVmYTBhMGFiNGUzZTMyIn0=', '2023-04-27 20:29:58.742582'),
('em79lopl550l3drm2sv3b99n7gig10up', 'MDg5NjcxNWJlMzhiOTNiNmI2NTcwZDViYzJlZTNlNTViMGQ4NmIyODp7Il9hdXRoX3VzZXJfaWQiOiIyIiwiX2F1dGhfdXNlcl9iYWNrZW5kIjoiZGphbmdvLmNvbnRyaWIuYXV0aC5iYWNrZW5kcy5Nb2RlbEJhY2tlbmQiLCJfYXV0aF91c2VyX2hhc2giOiI1ZmVlMmM1ZDJlNmY4N2VhNTkyYTU4MTAyNjk4ZmJhYTc2MDQ0MzZmIn0=', '2023-02-16 19:32:11.907251'),
('ext002zhx5hzlog72m3nir3li18370n9', 'NzA0ODZjZmYyYWE1OWRmMDJkNTg4NDdhNzk2ZjMyZTAxMjk2NzU3ZTp7Il9hdXRoX3VzZXJfaWQiOiIzIiwiX2F1dGhfdXNlcl9iYWNrZW5kIjoiZGphbmdvLmNvbnRyaWIuYXV0aC5iYWNrZW5kcy5Nb2RlbEJhY2tlbmQiLCJfYXV0aF91c2VyX2hhc2giOiJhMzUwMjNmMzk4MjVlNjBkM2QzMWYyOTY0NmE5NDFiYzRmYzljM2M1In0=', '2022-12-04 01:29:26.565287'),
('f538s3yphsmid9fh75sfdwb8mc9z44c6', 'NzU4N2JmMGJiYjYwNTM3ZTJhZTQzNDY0ZDc2MGQ2NDBlOWRhZmM0Njp7Il9hdXRoX3VzZXJfaWQiOiIzOCIsIl9hdXRoX3VzZXJfYmFja2VuZCI6ImRqYW5nby5jb250cmliLmF1dGguYmFja2VuZHMuTW9kZWxCYWNrZW5kIiwiX2F1dGhfdXNlcl9oYXNoIjoiODMxNjEzZjMzNTIwZjgyOTNiNTBlOTU1NjI2ZGRiOTAyN2I4ODIzMiIsInVzZXJfYWN0aXZhdGUiOiJhY3RpdmVfdXNlciJ9', '2023-05-09 02:24:36.463568'),
('f5mp4avwl7gnx073aiuoyf4zccho8dbz', 'NzA0ODZjZmYyYWE1OWRmMDJkNTg4NDdhNzk2ZjMyZTAxMjk2NzU3ZTp7Il9hdXRoX3VzZXJfaWQiOiIzIiwiX2F1dGhfdXNlcl9iYWNrZW5kIjoiZGphbmdvLmNvbnRyaWIuYXV0aC5iYWNrZW5kcy5Nb2RlbEJhY2tlbmQiLCJfYXV0aF91c2VyX2hhc2giOiJhMzUwMjNmMzk4MjVlNjBkM2QzMWYyOTY0NmE5NDFiYzRmYzljM2M1In0=', '2022-10-28 01:46:58.655215'),
('fe2m8dj6v7o4dwkm4z13n2ogf3v6cuox', 'ZDE3ZDVlMWMyZWY1ZmVhODI2ZGQ0MmUyOTIxYjU2ZjJkNjQ0OGE4Mzp7Il9hdXRoX3VzZXJfaWQiOiIzOCIsIl9hdXRoX3VzZXJfYmFja2VuZCI6ImRqYW5nby5jb250cmliLmF1dGguYmFja2VuZHMuTW9kZWxCYWNrZW5kIiwiX2F1dGhfdXNlcl9oYXNoIjoiODMxNjEzZjMzNTIwZjgyOTNiNTBlOTU1NjI2ZGRiOTAyN2I4ODIzMiIsInVzZXJfYWN0aXZhdGUiOiJhY3RpdmF0ZV9jYXJkIn0=', '2023-05-03 23:18:03.008961'),
('fhg20xt38jpck3nh4r2djqihby5w28r0', 'NzA0ODZjZmYyYWE1OWRmMDJkNTg4NDdhNzk2ZjMyZTAxMjk2NzU3ZTp7Il9hdXRoX3VzZXJfaWQiOiIzIiwiX2F1dGhfdXNlcl9iYWNrZW5kIjoiZGphbmdvLmNvbnRyaWIuYXV0aC5iYWNrZW5kcy5Nb2RlbEJhY2tlbmQiLCJfYXV0aF91c2VyX2hhc2giOiJhMzUwMjNmMzk4MjVlNjBkM2QzMWYyOTY0NmE5NDFiYzRmYzljM2M1In0=', '2023-04-07 00:26:20.557069'),
('fqc6monvw8tw9ik871wngnqhoa7m68vz', 'MmJkOTBmNjQwYWU4ZWJiYWZiMDQwMDBhYmQ1YWU2ZjI1ZGY0YTMzYTp7Il9hdXRoX3VzZXJfaWQiOiI0IiwiX2F1dGhfdXNlcl9iYWNrZW5kIjoiZGphbmdvLmNvbnRyaWIuYXV0aC5iYWNrZW5kcy5Nb2RlbEJhY2tlbmQiLCJfYXV0aF91c2VyX2hhc2giOiI3Y2M2Nzk2YWZjOWUzZmMwZTliNzZhYzQ3YjI0ZDFhMThlOTdjY2E4In0=', '2022-11-14 23:23:25.126917'),
('frx00wmdltpga6zrn41jhj2lx3b4el04', 'MDg5NjcxNWJlMzhiOTNiNmI2NTcwZDViYzJlZTNlNTViMGQ4NmIyODp7Il9hdXRoX3VzZXJfaWQiOiIyIiwiX2F1dGhfdXNlcl9iYWNrZW5kIjoiZGphbmdvLmNvbnRyaWIuYXV0aC5iYWNrZW5kcy5Nb2RlbEJhY2tlbmQiLCJfYXV0aF91c2VyX2hhc2giOiI1ZmVlMmM1ZDJlNmY4N2VhNTkyYTU4MTAyNjk4ZmJhYTc2MDQ0MzZmIn0=', '2023-01-29 14:37:06.197556'),
('fwf4cndldfxwzhmtt2ceur4wst7luebi', 'MDg5NjcxNWJlMzhiOTNiNmI2NTcwZDViYzJlZTNlNTViMGQ4NmIyODp7Il9hdXRoX3VzZXJfaWQiOiIyIiwiX2F1dGhfdXNlcl9iYWNrZW5kIjoiZGphbmdvLmNvbnRyaWIuYXV0aC5iYWNrZW5kcy5Nb2RlbEJhY2tlbmQiLCJfYXV0aF91c2VyX2hhc2giOiI1ZmVlMmM1ZDJlNmY4N2VhNTkyYTU4MTAyNjk4ZmJhYTc2MDQ0MzZmIn0=', '2023-03-15 14:38:07.361762'),
('fxme5xs2gskzqelzfi1vt9nvw87s4atz', 'MGNlOTIyYTcyZTg2NWFmYjNjNjVjODNkZDRkMGNmNDJhOGY4OTExZDp7Il9hdXRoX3VzZXJfaWQiOiIyNiIsIl9hdXRoX3VzZXJfYmFja2VuZCI6ImRqYW5nby5jb250cmliLmF1dGguYmFja2VuZHMuTW9kZWxCYWNrZW5kIiwiX2F1dGhfdXNlcl9oYXNoIjoiYWJhZDBjZGU2ZDBmODg4OWI3M2VkN2QxMzljMmIxMDE5MzczODQ2MyJ9', '2023-04-30 00:04:52.507236'),
('g517f92fyk0r7az6nqn11uuiloo2xq5v', 'Njc0MGMxYzk1ZGIwNzI1MzAwNzhlZjMyODZlNzE5M2VkNDlhZjNlYzp7Il9hdXRoX3VzZXJfaWQiOiIxMCIsIl9hdXRoX3VzZXJfYmFja2VuZCI6ImRqYW5nby5jb250cmliLmF1dGguYmFja2VuZHMuTW9kZWxCYWNrZW5kIiwiX2F1dGhfdXNlcl9oYXNoIjoiMWE0Yzk2YTY0ODQ0NGNjZjE5MWYyYjNiNmJhMzNlZTM0ZTY1Zjk5ZCJ9', '2023-02-22 17:24:18.405544'),
('g82fm7i2nwpqp5vk6l9shkol778hz9sh', 'MzBmMWU2OGJhOTBkNWM4NWU3Y2U4Yjk4ZmUwMTIyM2JiZDI0NWM3OTp7Il9hdXRoX3VzZXJfaWQiOiIyOCIsIl9hdXRoX3VzZXJfYmFja2VuZCI6ImRqYW5nby5jb250cmliLmF1dGguYmFja2VuZHMuTW9kZWxCYWNrZW5kIiwiX2F1dGhfdXNlcl9oYXNoIjoiZWE1ZmMyZDI3ODgzYzljNDI4MmE5NjIwNTRlNjIzOWM0OGUzOTkwMyJ9', '2023-03-13 16:55:38.832125'),
('g84q90e3zj4z4z3gt3ud6gpxmxaelwq6', 'MzA4NWY4N2JlZDljYTRhMzUwNzQ1ZTgzYjNiMmIwNDgzMjFkZjVhODp7Il9hdXRoX3VzZXJfaWQiOiIzOCIsIl9hdXRoX3VzZXJfYmFja2VuZCI6ImRqYW5nby5jb250cmliLmF1dGguYmFja2VuZHMuTW9kZWxCYWNrZW5kIiwiX2F1dGhfdXNlcl9oYXNoIjoiODMxNjEzZjMzNTIwZjgyOTNiNTBlOTU1NjI2ZGRiOTAyN2I4ODIzMiIsInVzZXJfYWN0aXZhdGUiOiJzdWJzY3JpcHRpb24ifQ==', '2023-05-03 22:35:47.732560'),
('gdibj5s1ixftfmy6c7qvixzygr51q6s9', 'MWFkZjJlNTA0MDcyOGViZTJlMWVlOTY5YzU5MzRjNDhhMmFlNWQ3Yjp7Il9hdXRoX3VzZXJfaWQiOiIyIiwiX2F1dGhfdXNlcl9iYWNrZW5kIjoiZGphbmdvLmNvbnRyaWIuYXV0aC5iYWNrZW5kcy5Nb2RlbEJhY2tlbmQiLCJfYXV0aF91c2VyX2hhc2giOiIyNGE2MWJlZDk0MDhmYjU4ODZkNjI0ZWZkOTVmYTBhMGFiNGUzZTMyIn0=', '2023-04-28 05:50:19.823759'),
('gj71kwwvo3cwbou32zms1zlofphtl82w', 'MDg5NjcxNWJlMzhiOTNiNmI2NTcwZDViYzJlZTNlNTViMGQ4NmIyODp7Il9hdXRoX3VzZXJfaWQiOiIyIiwiX2F1dGhfdXNlcl9iYWNrZW5kIjoiZGphbmdvLmNvbnRyaWIuYXV0aC5iYWNrZW5kcy5Nb2RlbEJhY2tlbmQiLCJfYXV0aF91c2VyX2hhc2giOiI1ZmVlMmM1ZDJlNmY4N2VhNTkyYTU4MTAyNjk4ZmJhYTc2MDQ0MzZmIn0=', '2023-03-06 17:17:37.822849'),
('glsz8o44i8rvdibln1wg4mxkvg3p417s', 'MzBmMWU2OGJhOTBkNWM4NWU3Y2U4Yjk4ZmUwMTIyM2JiZDI0NWM3OTp7Il9hdXRoX3VzZXJfaWQiOiIyOCIsIl9hdXRoX3VzZXJfYmFja2VuZCI6ImRqYW5nby5jb250cmliLmF1dGguYmFja2VuZHMuTW9kZWxCYWNrZW5kIiwiX2F1dGhfdXNlcl9oYXNoIjoiZWE1ZmMyZDI3ODgzYzljNDI4MmE5NjIwNTRlNjIzOWM0OGUzOTkwMyJ9', '2023-04-01 16:14:38.621473'),
('gncjsxbkxrzdybn1ubujoiuswg1qs7ox', 'MmJkOTBmNjQwYWU4ZWJiYWZiMDQwMDBhYmQ1YWU2ZjI1ZGY0YTMzYTp7Il9hdXRoX3VzZXJfaWQiOiI0IiwiX2F1dGhfdXNlcl9iYWNrZW5kIjoiZGphbmdvLmNvbnRyaWIuYXV0aC5iYWNrZW5kcy5Nb2RlbEJhY2tlbmQiLCJfYXV0aF91c2VyX2hhc2giOiI3Y2M2Nzk2YWZjOWUzZmMwZTliNzZhYzQ3YjI0ZDFhMThlOTdjY2E4In0=', '2023-01-11 03:13:40.059419'),
('haif8ftvgd4jvzunkyd91eeurklbd4tf', 'MWFkZjJlNTA0MDcyOGViZTJlMWVlOTY5YzU5MzRjNDhhMmFlNWQ3Yjp7Il9hdXRoX3VzZXJfaWQiOiIyIiwiX2F1dGhfdXNlcl9iYWNrZW5kIjoiZGphbmdvLmNvbnRyaWIuYXV0aC5iYWNrZW5kcy5Nb2RlbEJhY2tlbmQiLCJfYXV0aF91c2VyX2hhc2giOiIyNGE2MWJlZDk0MDhmYjU4ODZkNjI0ZWZkOTVmYTBhMGFiNGUzZTMyIn0=', '2023-04-27 01:53:56.767777'),
('hiwjkt9aji48rds8ath22pfvflp94x6r', 'MDg5NjcxNWJlMzhiOTNiNmI2NTcwZDViYzJlZTNlNTViMGQ4NmIyODp7Il9hdXRoX3VzZXJfaWQiOiIyIiwiX2F1dGhfdXNlcl9iYWNrZW5kIjoiZGphbmdvLmNvbnRyaWIuYXV0aC5iYWNrZW5kcy5Nb2RlbEJhY2tlbmQiLCJfYXV0aF91c2VyX2hhc2giOiI1ZmVlMmM1ZDJlNmY4N2VhNTkyYTU4MTAyNjk4ZmJhYTc2MDQ0MzZmIn0=', '2023-03-01 20:48:34.600197'),
('hjkxpputmyh68r0r3imi8e03hdqv71w0', 'Njc0MGMxYzk1ZGIwNzI1MzAwNzhlZjMyODZlNzE5M2VkNDlhZjNlYzp7Il9hdXRoX3VzZXJfaWQiOiIxMCIsIl9hdXRoX3VzZXJfYmFja2VuZCI6ImRqYW5nby5jb250cmliLmF1dGguYmFja2VuZHMuTW9kZWxCYWNrZW5kIiwiX2F1dGhfdXNlcl9oYXNoIjoiMWE0Yzk2YTY0ODQ0NGNjZjE5MWYyYjNiNmJhMzNlZTM0ZTY1Zjk5ZCJ9', '2022-11-15 22:10:45.208644'),
('hpbip7dop6n4epecsb5enqrz9d7gd3a8', 'MWFkZjJlNTA0MDcyOGViZTJlMWVlOTY5YzU5MzRjNDhhMmFlNWQ3Yjp7Il9hdXRoX3VzZXJfaWQiOiIyIiwiX2F1dGhfdXNlcl9iYWNrZW5kIjoiZGphbmdvLmNvbnRyaWIuYXV0aC5iYWNrZW5kcy5Nb2RlbEJhY2tlbmQiLCJfYXV0aF91c2VyX2hhc2giOiIyNGE2MWJlZDk0MDhmYjU4ODZkNjI0ZWZkOTVmYTBhMGFiNGUzZTMyIn0=', '2023-04-26 20:26:11.899483'),
('hvky6jb4mmphgc9z1iecsnhb0a835bi0', 'NTc5ZmZhMmZkNjBhYjZiZTlkMmFmMzQ2NGM0OTU2NTRiMWU1M2E0Yjp7Il9hdXRoX3VzZXJfaWQiOiI5IiwiX2F1dGhfdXNlcl9iYWNrZW5kIjoiZGphbmdvLmNvbnRyaWIuYXV0aC5iYWNrZW5kcy5Nb2RlbEJhY2tlbmQiLCJfYXV0aF91c2VyX2hhc2giOiJjMDdjODczMjY1MDUyMTYxNTI2OWRkZDRkMjliZGVlMDlkYmUzMjNkIn0=', '2022-12-10 03:44:21.767327'),
('hx2wnyu4fe1785zoe9tkehghelapwuw2', 'ZjZlMDY5MDJkZDdhNzc2MzdkYzlmOGU5YjdhMDczNDk0N2Y2YjQzMDp7Il9hdXRoX3VzZXJfaWQiOiIzMiIsIl9hdXRoX3VzZXJfYmFja2VuZCI6ImRqYW5nby5jb250cmliLmF1dGguYmFja2VuZHMuTW9kZWxCYWNrZW5kIiwiX2F1dGhfdXNlcl9oYXNoIjoiMDNkYTJkNjNkMDg5MjU3MjQyZjU3NjE4ZmY3OTQ2OWJkOWRmMDhhOCIsInVzZXJfYWN0aXZhdGUiOiJzdWJzY3JpcHRpb24ifQ==', '2023-04-23 18:53:58.627219'),
('i0awb28ldwhqpfeo4agwtp58h9bl3oy8', 'MWFkZjJlNTA0MDcyOGViZTJlMWVlOTY5YzU5MzRjNDhhMmFlNWQ3Yjp7Il9hdXRoX3VzZXJfaWQiOiIyIiwiX2F1dGhfdXNlcl9iYWNrZW5kIjoiZGphbmdvLmNvbnRyaWIuYXV0aC5iYWNrZW5kcy5Nb2RlbEJhY2tlbmQiLCJfYXV0aF91c2VyX2hhc2giOiIyNGE2MWJlZDk0MDhmYjU4ODZkNjI0ZWZkOTVmYTBhMGFiNGUzZTMyIn0=', '2023-05-02 01:02:10.493214'),
('i0bm2r405605a9x4s8ru6t9p3lrxlgw0', 'MDg5NjcxNWJlMzhiOTNiNmI2NTcwZDViYzJlZTNlNTViMGQ4NmIyODp7Il9hdXRoX3VzZXJfaWQiOiIyIiwiX2F1dGhfdXNlcl9iYWNrZW5kIjoiZGphbmdvLmNvbnRyaWIuYXV0aC5iYWNrZW5kcy5Nb2RlbEJhY2tlbmQiLCJfYXV0aF91c2VyX2hhc2giOiI1ZmVlMmM1ZDJlNmY4N2VhNTkyYTU4MTAyNjk4ZmJhYTc2MDQ0MzZmIn0=', '2023-01-31 18:08:00.877209'),
('i5qnzf76iooesk58s0b3ltw6mx218mts', 'MmJkOTBmNjQwYWU4ZWJiYWZiMDQwMDBhYmQ1YWU2ZjI1ZGY0YTMzYTp7Il9hdXRoX3VzZXJfaWQiOiI0IiwiX2F1dGhfdXNlcl9iYWNrZW5kIjoiZGphbmdvLmNvbnRyaWIuYXV0aC5iYWNrZW5kcy5Nb2RlbEJhY2tlbmQiLCJfYXV0aF91c2VyX2hhc2giOiI3Y2M2Nzk2YWZjOWUzZmMwZTliNzZhYzQ3YjI0ZDFhMThlOTdjY2E4In0=', '2022-12-07 18:08:46.034243'),
('i6lck25ewtvm5gnij8bh5h85ujeevfid', 'MWFkZjJlNTA0MDcyOGViZTJlMWVlOTY5YzU5MzRjNDhhMmFlNWQ3Yjp7Il9hdXRoX3VzZXJfaWQiOiIyIiwiX2F1dGhfdXNlcl9iYWNrZW5kIjoiZGphbmdvLmNvbnRyaWIuYXV0aC5iYWNrZW5kcy5Nb2RlbEJhY2tlbmQiLCJfYXV0aF91c2VyX2hhc2giOiIyNGE2MWJlZDk0MDhmYjU4ODZkNjI0ZWZkOTVmYTBhMGFiNGUzZTMyIn0=', '2023-04-29 03:16:09.671022'),
('ies4t2zgjcvm0tc0cfh804qj92siba7x', 'NzA0ODZjZmYyYWE1OWRmMDJkNTg4NDdhNzk2ZjMyZTAxMjk2NzU3ZTp7Il9hdXRoX3VzZXJfaWQiOiIzIiwiX2F1dGhfdXNlcl9iYWNrZW5kIjoiZGphbmdvLmNvbnRyaWIuYXV0aC5iYWNrZW5kcy5Nb2RlbEJhY2tlbmQiLCJfYXV0aF91c2VyX2hhc2giOiJhMzUwMjNmMzk4MjVlNjBkM2QzMWYyOTY0NmE5NDFiYzRmYzljM2M1In0=', '2023-02-26 19:06:33.076746'),
('ihui0ivret8piehen9nya8578pg7vh3h', 'MDg5NjcxNWJlMzhiOTNiNmI2NTcwZDViYzJlZTNlNTViMGQ4NmIyODp7Il9hdXRoX3VzZXJfaWQiOiIyIiwiX2F1dGhfdXNlcl9iYWNrZW5kIjoiZGphbmdvLmNvbnRyaWIuYXV0aC5iYWNrZW5kcy5Nb2RlbEJhY2tlbmQiLCJfYXV0aF91c2VyX2hhc2giOiI1ZmVlMmM1ZDJlNmY4N2VhNTkyYTU4MTAyNjk4ZmJhYTc2MDQ0MzZmIn0=', '2023-02-24 22:07:23.977429'),
('iia184pbbiz210dxjlgiopbajhyhob7b', 'NzA0ODZjZmYyYWE1OWRmMDJkNTg4NDdhNzk2ZjMyZTAxMjk2NzU3ZTp7Il9hdXRoX3VzZXJfaWQiOiIzIiwiX2F1dGhfdXNlcl9iYWNrZW5kIjoiZGphbmdvLmNvbnRyaWIuYXV0aC5iYWNrZW5kcy5Nb2RlbEJhY2tlbmQiLCJfYXV0aF91c2VyX2hhc2giOiJhMzUwMjNmMzk4MjVlNjBkM2QzMWYyOTY0NmE5NDFiYzRmYzljM2M1In0=', '2022-11-27 02:17:31.080036'),
('iifwyiqnrp2m6hzupet4nx34wdx5de5n', 'MDg5NjcxNWJlMzhiOTNiNmI2NTcwZDViYzJlZTNlNTViMGQ4NmIyODp7Il9hdXRoX3VzZXJfaWQiOiIyIiwiX2F1dGhfdXNlcl9iYWNrZW5kIjoiZGphbmdvLmNvbnRyaWIuYXV0aC5iYWNrZW5kcy5Nb2RlbEJhY2tlbmQiLCJfYXV0aF91c2VyX2hhc2giOiI1ZmVlMmM1ZDJlNmY4N2VhNTkyYTU4MTAyNjk4ZmJhYTc2MDQ0MzZmIn0=', '2023-03-22 04:37:20.152453'),
('ilbki6z601gppla7yk7odizwlgznqtk7', 'MWFkZjJlNTA0MDcyOGViZTJlMWVlOTY5YzU5MzRjNDhhMmFlNWQ3Yjp7Il9hdXRoX3VzZXJfaWQiOiIyIiwiX2F1dGhfdXNlcl9iYWNrZW5kIjoiZGphbmdvLmNvbnRyaWIuYXV0aC5iYWNrZW5kcy5Nb2RlbEJhY2tlbmQiLCJfYXV0aF91c2VyX2hhc2giOiIyNGE2MWJlZDk0MDhmYjU4ODZkNjI0ZWZkOTVmYTBhMGFiNGUzZTMyIn0=', '2023-04-19 22:58:19.130802'),
('int2hmuag4e55dt4nyeu8x6d6yyxr9m7', 'MDg5NjcxNWJlMzhiOTNiNmI2NTcwZDViYzJlZTNlNTViMGQ4NmIyODp7Il9hdXRoX3VzZXJfaWQiOiIyIiwiX2F1dGhfdXNlcl9iYWNrZW5kIjoiZGphbmdvLmNvbnRyaWIuYXV0aC5iYWNrZW5kcy5Nb2RlbEJhY2tlbmQiLCJfYXV0aF91c2VyX2hhc2giOiI1ZmVlMmM1ZDJlNmY4N2VhNTkyYTU4MTAyNjk4ZmJhYTc2MDQ0MzZmIn0=', '2022-12-23 21:55:17.927773'),
('ip7g6xetrggpldlr0vgeap4tsjbuqwsg', 'MzBmMWU2OGJhOTBkNWM4NWU3Y2U4Yjk4ZmUwMTIyM2JiZDI0NWM3OTp7Il9hdXRoX3VzZXJfaWQiOiIyOCIsIl9hdXRoX3VzZXJfYmFja2VuZCI6ImRqYW5nby5jb250cmliLmF1dGguYmFja2VuZHMuTW9kZWxCYWNrZW5kIiwiX2F1dGhfdXNlcl9oYXNoIjoiZWE1ZmMyZDI3ODgzYzljNDI4MmE5NjIwNTRlNjIzOWM0OGUzOTkwMyJ9', '2023-05-04 18:58:47.889206'),
('j83uwwwvndauaioj0kdpqgi91t0lxlkh', 'MmJkOTBmNjQwYWU4ZWJiYWZiMDQwMDBhYmQ1YWU2ZjI1ZGY0YTMzYTp7Il9hdXRoX3VzZXJfaWQiOiI0IiwiX2F1dGhfdXNlcl9iYWNrZW5kIjoiZGphbmdvLmNvbnRyaWIuYXV0aC5iYWNrZW5kcy5Nb2RlbEJhY2tlbmQiLCJfYXV0aF91c2VyX2hhc2giOiI3Y2M2Nzk2YWZjOWUzZmMwZTliNzZhYzQ3YjI0ZDFhMThlOTdjY2E4In0=', '2023-03-21 23:24:21.868179'),
('j96xxq0kcfzmkodeymitsgo00ka4yic6', 'OWQzZDJhYWFkODM1YWM1M2NlNmVjNjg0Y2EzYmU2NWViYzY5MzFhMTp7Il9hdXRoX3VzZXJfaWQiOiI0IiwiX2F1dGhfdXNlcl9iYWNrZW5kIjoiZGphbmdvLmNvbnRyaWIuYXV0aC5iYWNrZW5kcy5Nb2RlbEJhY2tlbmQiLCJfYXV0aF91c2VyX2hhc2giOiI3Y2M2Nzk2YWZjOWUzZmMwZTliNzZhYzQ3YjI0ZDFhMThlOTdjY2E4IiwidXNlcl9hY3RpdmF0ZSI6ImFjdGl2ZV91c2VyIn0=', '2023-04-26 17:46:02.639128'),
('jfydoyo65mj007i7dm38lgvdiu1ttb91', 'MWFkZjJlNTA0MDcyOGViZTJlMWVlOTY5YzU5MzRjNDhhMmFlNWQ3Yjp7Il9hdXRoX3VzZXJfaWQiOiIyIiwiX2F1dGhfdXNlcl9iYWNrZW5kIjoiZGphbmdvLmNvbnRyaWIuYXV0aC5iYWNrZW5kcy5Nb2RlbEJhY2tlbmQiLCJfYXV0aF91c2VyX2hhc2giOiIyNGE2MWJlZDk0MDhmYjU4ODZkNjI0ZWZkOTVmYTBhMGFiNGUzZTMyIn0=', '2023-04-04 03:50:07.919254'),
('jitw9mj6e0fai4m9wh5uv9lsrrw8zwax', 'MDg5NjcxNWJlMzhiOTNiNmI2NTcwZDViYzJlZTNlNTViMGQ4NmIyODp7Il9hdXRoX3VzZXJfaWQiOiIyIiwiX2F1dGhfdXNlcl9iYWNrZW5kIjoiZGphbmdvLmNvbnRyaWIuYXV0aC5iYWNrZW5kcy5Nb2RlbEJhY2tlbmQiLCJfYXV0aF91c2VyX2hhc2giOiI1ZmVlMmM1ZDJlNmY4N2VhNTkyYTU4MTAyNjk4ZmJhYTc2MDQ0MzZmIn0=', '2023-01-20 20:52:31.542569'),
('jllmmevfupp0o9v5djm448rnhlmqk8bc', 'MmJkOTBmNjQwYWU4ZWJiYWZiMDQwMDBhYmQ1YWU2ZjI1ZGY0YTMzYTp7Il9hdXRoX3VzZXJfaWQiOiI0IiwiX2F1dGhfdXNlcl9iYWNrZW5kIjoiZGphbmdvLmNvbnRyaWIuYXV0aC5iYWNrZW5kcy5Nb2RlbEJhY2tlbmQiLCJfYXV0aF91c2VyX2hhc2giOiI3Y2M2Nzk2YWZjOWUzZmMwZTliNzZhYzQ3YjI0ZDFhMThlOTdjY2E4In0=', '2023-03-13 14:31:01.338810'),
('jnnh6ixhqfrbdshk3iimurwg907x9kar', 'MDg5NjcxNWJlMzhiOTNiNmI2NTcwZDViYzJlZTNlNTViMGQ4NmIyODp7Il9hdXRoX3VzZXJfaWQiOiIyIiwiX2F1dGhfdXNlcl9iYWNrZW5kIjoiZGphbmdvLmNvbnRyaWIuYXV0aC5iYWNrZW5kcy5Nb2RlbEJhY2tlbmQiLCJfYXV0aF91c2VyX2hhc2giOiI1ZmVlMmM1ZDJlNmY4N2VhNTkyYTU4MTAyNjk4ZmJhYTc2MDQ0MzZmIn0=', '2023-03-09 17:22:53.907904'),
('juuutne9ax3sz6pduv4l6swkzm0l6u0g', 'MDg5NjcxNWJlMzhiOTNiNmI2NTcwZDViYzJlZTNlNTViMGQ4NmIyODp7Il9hdXRoX3VzZXJfaWQiOiIyIiwiX2F1dGhfdXNlcl9iYWNrZW5kIjoiZGphbmdvLmNvbnRyaWIuYXV0aC5iYWNrZW5kcy5Nb2RlbEJhY2tlbmQiLCJfYXV0aF91c2VyX2hhc2giOiI1ZmVlMmM1ZDJlNmY4N2VhNTkyYTU4MTAyNjk4ZmJhYTc2MDQ0MzZmIn0=', '2023-02-11 00:53:32.381879'),
('jva68ipcooqhzilrpmqv6gcfop52esmx', 'MmJkOTBmNjQwYWU4ZWJiYWZiMDQwMDBhYmQ1YWU2ZjI1ZGY0YTMzYTp7Il9hdXRoX3VzZXJfaWQiOiI0IiwiX2F1dGhfdXNlcl9iYWNrZW5kIjoiZGphbmdvLmNvbnRyaWIuYXV0aC5iYWNrZW5kcy5Nb2RlbEJhY2tlbmQiLCJfYXV0aF91c2VyX2hhc2giOiI3Y2M2Nzk2YWZjOWUzZmMwZTliNzZhYzQ3YjI0ZDFhMThlOTdjY2E4In0=', '2023-04-19 02:18:21.373216'),
('kahy9dt9jm14vx90fj2xg5k5456oypvq', 'MmJkOTBmNjQwYWU4ZWJiYWZiMDQwMDBhYmQ1YWU2ZjI1ZGY0YTMzYTp7Il9hdXRoX3VzZXJfaWQiOiI0IiwiX2F1dGhfdXNlcl9iYWNrZW5kIjoiZGphbmdvLmNvbnRyaWIuYXV0aC5iYWNrZW5kcy5Nb2RlbEJhY2tlbmQiLCJfYXV0aF91c2VyX2hhc2giOiI3Y2M2Nzk2YWZjOWUzZmMwZTliNzZhYzQ3YjI0ZDFhMThlOTdjY2E4In0=', '2022-12-15 21:13:53.695509'),
('kbgmmh9do6lf1211bosy15lha6wdcn0o', 'NzA0ODZjZmYyYWE1OWRmMDJkNTg4NDdhNzk2ZjMyZTAxMjk2NzU3ZTp7Il9hdXRoX3VzZXJfaWQiOiIzIiwiX2F1dGhfdXNlcl9iYWNrZW5kIjoiZGphbmdvLmNvbnRyaWIuYXV0aC5iYWNrZW5kcy5Nb2RlbEJhY2tlbmQiLCJfYXV0aF91c2VyX2hhc2giOiJhMzUwMjNmMzk4MjVlNjBkM2QzMWYyOTY0NmE5NDFiYzRmYzljM2M1In0=', '2023-03-20 21:13:56.808553'),
('kh8p5288o28ho709ag0uvn7v9t4v8h74', 'MGYzZDlmZmQyYzgxNWEwODRhY2Q0NTA4ZDgxYmZjNTg0YzEwZTdlMjp7Il9hdXRoX3VzZXJfaWQiOiI0MCIsIl9hdXRoX3VzZXJfYmFja2VuZCI6ImRqYW5nby5jb250cmliLmF1dGguYmFja2VuZHMuTW9kZWxCYWNrZW5kIiwiX2F1dGhfdXNlcl9oYXNoIjoiZDhiYzY2M2M0ZjMxMTVmMDQ2NzY3MTY4ZDliOGY1M2EyNWJhOTY1MiIsInVzZXJfYWN0aXZhdGUiOiJhY3RpdmVfdXNlciJ9', '2023-05-08 17:32:42.028936'),
('kqr8crv827d7qanedvzlhpztd5hn2z8e', 'MDg5NjcxNWJlMzhiOTNiNmI2NTcwZDViYzJlZTNlNTViMGQ4NmIyODp7Il9hdXRoX3VzZXJfaWQiOiIyIiwiX2F1dGhfdXNlcl9iYWNrZW5kIjoiZGphbmdvLmNvbnRyaWIuYXV0aC5iYWNrZW5kcy5Nb2RlbEJhY2tlbmQiLCJfYXV0aF91c2VyX2hhc2giOiI1ZmVlMmM1ZDJlNmY4N2VhNTkyYTU4MTAyNjk4ZmJhYTc2MDQ0MzZmIn0=', '2023-02-27 22:33:16.901851'),
('ktevi5jryht3jepdtldufqmczpj7jfq6', 'MWFkZjJlNTA0MDcyOGViZTJlMWVlOTY5YzU5MzRjNDhhMmFlNWQ3Yjp7Il9hdXRoX3VzZXJfaWQiOiIyIiwiX2F1dGhfdXNlcl9iYWNrZW5kIjoiZGphbmdvLmNvbnRyaWIuYXV0aC5iYWNrZW5kcy5Nb2RlbEJhY2tlbmQiLCJfYXV0aF91c2VyX2hhc2giOiIyNGE2MWJlZDk0MDhmYjU4ODZkNjI0ZWZkOTVmYTBhMGFiNGUzZTMyIn0=', '2023-04-12 20:22:28.499031'),
('l0aagvmzd01smiao054355uc0f4qq9mh', 'MmJkOTBmNjQwYWU4ZWJiYWZiMDQwMDBhYmQ1YWU2ZjI1ZGY0YTMzYTp7Il9hdXRoX3VzZXJfaWQiOiI0IiwiX2F1dGhfdXNlcl9iYWNrZW5kIjoiZGphbmdvLmNvbnRyaWIuYXV0aC5iYWNrZW5kcy5Nb2RlbEJhY2tlbmQiLCJfYXV0aF91c2VyX2hhc2giOiI3Y2M2Nzk2YWZjOWUzZmMwZTliNzZhYzQ3YjI0ZDFhMThlOTdjY2E4In0=', '2022-10-28 01:54:36.700546'),
('l60e34brb02g6sgnt91dg3rcwwbkgtcc', 'MmJkOTBmNjQwYWU4ZWJiYWZiMDQwMDBhYmQ1YWU2ZjI1ZGY0YTMzYTp7Il9hdXRoX3VzZXJfaWQiOiI0IiwiX2F1dGhfdXNlcl9iYWNrZW5kIjoiZGphbmdvLmNvbnRyaWIuYXV0aC5iYWNrZW5kcy5Nb2RlbEJhY2tlbmQiLCJfYXV0aF91c2VyX2hhc2giOiI3Y2M2Nzk2YWZjOWUzZmMwZTliNzZhYzQ3YjI0ZDFhMThlOTdjY2E4In0=', '2022-11-22 15:11:08.216934'),
('lac8d33rirmmir7ua9jfh8po8d9c98qe', 'MmJkOTBmNjQwYWU4ZWJiYWZiMDQwMDBhYmQ1YWU2ZjI1ZGY0YTMzYTp7Il9hdXRoX3VzZXJfaWQiOiI0IiwiX2F1dGhfdXNlcl9iYWNrZW5kIjoiZGphbmdvLmNvbnRyaWIuYXV0aC5iYWNrZW5kcy5Nb2RlbEJhY2tlbmQiLCJfYXV0aF91c2VyX2hhc2giOiI3Y2M2Nzk2YWZjOWUzZmMwZTliNzZhYzQ3YjI0ZDFhMThlOTdjY2E4In0=', '2023-02-17 01:27:44.601919'),
('logpv3vq8l1ocpalab6epqalr7p36z7j', 'MDg5NjcxNWJlMzhiOTNiNmI2NTcwZDViYzJlZTNlNTViMGQ4NmIyODp7Il9hdXRoX3VzZXJfaWQiOiIyIiwiX2F1dGhfdXNlcl9iYWNrZW5kIjoiZGphbmdvLmNvbnRyaWIuYXV0aC5iYWNrZW5kcy5Nb2RlbEJhY2tlbmQiLCJfYXV0aF91c2VyX2hhc2giOiI1ZmVlMmM1ZDJlNmY4N2VhNTkyYTU4MTAyNjk4ZmJhYTc2MDQ0MzZmIn0=', '2023-01-24 14:05:42.438595'),
('lqmdsldxfseozrn9ts1wcchq99jfpndi', 'NzA0ODZjZmYyYWE1OWRmMDJkNTg4NDdhNzk2ZjMyZTAxMjk2NzU3ZTp7Il9hdXRoX3VzZXJfaWQiOiIzIiwiX2F1dGhfdXNlcl9iYWNrZW5kIjoiZGphbmdvLmNvbnRyaWIuYXV0aC5iYWNrZW5kcy5Nb2RlbEJhY2tlbmQiLCJfYXV0aF91c2VyX2hhc2giOiJhMzUwMjNmMzk4MjVlNjBkM2QzMWYyOTY0NmE5NDFiYzRmYzljM2M1In0=', '2022-12-15 21:12:59.970104'),
('lr3o5be84084k9q9bppgy01h7iday4tq', 'MmJkOTBmNjQwYWU4ZWJiYWZiMDQwMDBhYmQ1YWU2ZjI1ZGY0YTMzYTp7Il9hdXRoX3VzZXJfaWQiOiI0IiwiX2F1dGhfdXNlcl9iYWNrZW5kIjoiZGphbmdvLmNvbnRyaWIuYXV0aC5iYWNrZW5kcy5Nb2RlbEJhY2tlbmQiLCJfYXV0aF91c2VyX2hhc2giOiI3Y2M2Nzk2YWZjOWUzZmMwZTliNzZhYzQ3YjI0ZDFhMThlOTdjY2E4In0=', '2022-12-05 03:31:16.336106'),
('luowxojfmq1nhls1oq3aq57lpejs69gg', 'Njc0MGMxYzk1ZGIwNzI1MzAwNzhlZjMyODZlNzE5M2VkNDlhZjNlYzp7Il9hdXRoX3VzZXJfaWQiOiIxMCIsIl9hdXRoX3VzZXJfYmFja2VuZCI6ImRqYW5nby5jb250cmliLmF1dGguYmFja2VuZHMuTW9kZWxCYWNrZW5kIiwiX2F1dGhfdXNlcl9oYXNoIjoiMWE0Yzk2YTY0ODQ0NGNjZjE5MWYyYjNiNmJhMzNlZTM0ZTY1Zjk5ZCJ9', '2023-02-20 22:03:35.764588'),
('maomit6f8h708yp2h8qf0p9xvsgfqoef', 'OGFiMGZhZjZiMDkxNWI5OTNhYzFiZDkzOTM0M2RiZTExZjdkOTM5ZTp7Il9hdXRoX3VzZXJfaWQiOiIzIiwiX2F1dGhfdXNlcl9iYWNrZW5kIjoiZGphbmdvLmNvbnRyaWIuYXV0aC5iYWNrZW5kcy5Nb2RlbEJhY2tlbmQiLCJfYXV0aF91c2VyX2hhc2giOiJhMzUwMjNmMzk4MjVlNjBkM2QzMWYyOTY0NmE5NDFiYzRmYzljM2M1IiwidXNlcl9hY3RpdmF0ZSI6ImFjdGl2ZV91c2VyIn0=', '2023-05-06 02:36:21.930857'),
('mbn7vrtxpz7uvfbt7vai7f9im5lxw8nf', 'NjhkNjQ3MGEwYzNlOWQ1MmZjOThlYWY3ZWJjYmFhN2RlMzYwNTAzYzp7Il9hdXRoX3VzZXJfaWQiOiI0NiIsIl9hdXRoX3VzZXJfYmFja2VuZCI6ImRqYW5nby5jb250cmliLmF1dGguYmFja2VuZHMuTW9kZWxCYWNrZW5kIiwiX2F1dGhfdXNlcl9oYXNoIjoiOWFkMjkzMTQ4M2NhOGU4OGJmY2RmMGM5NGJhMmJlZjkzNGI3ODI0NSIsInVzZXJfYWN0aXZhdGUiOiJhY3RpdmVfdXNlciJ9', '2023-05-10 14:48:09.156785'),
('mcd9w0rtm47ilard3yv9xgcuwphn2zle', 'MmJkOTBmNjQwYWU4ZWJiYWZiMDQwMDBhYmQ1YWU2ZjI1ZGY0YTMzYTp7Il9hdXRoX3VzZXJfaWQiOiI0IiwiX2F1dGhfdXNlcl9iYWNrZW5kIjoiZGphbmdvLmNvbnRyaWIuYXV0aC5iYWNrZW5kcy5Nb2RlbEJhY2tlbmQiLCJfYXV0aF91c2VyX2hhc2giOiI3Y2M2Nzk2YWZjOWUzZmMwZTliNzZhYzQ3YjI0ZDFhMThlOTdjY2E4In0=', '2022-12-05 01:30:43.817963');
INSERT INTO `django_session` (`session_key`, `session_data`, `expire_date`) VALUES
('mil0rdw6f21i66n0jwa9g9mcqek9f2kp', 'MDg5NjcxNWJlMzhiOTNiNmI2NTcwZDViYzJlZTNlNTViMGQ4NmIyODp7Il9hdXRoX3VzZXJfaWQiOiIyIiwiX2F1dGhfdXNlcl9iYWNrZW5kIjoiZGphbmdvLmNvbnRyaWIuYXV0aC5iYWNrZW5kcy5Nb2RlbEJhY2tlbmQiLCJfYXV0aF91c2VyX2hhc2giOiI1ZmVlMmM1ZDJlNmY4N2VhNTkyYTU4MTAyNjk4ZmJhYTc2MDQ0MzZmIn0=', '2023-02-07 04:56:49.951775'),
('mz9w3ah5aj5r2yvw7reyaoqha2ij9wmj', 'N2FmMjIzZTBkZmUxODZkNmRlMTU0NTk3ZmE1MGExZjc3ZDljMGZmODp7Il9hdXRoX3VzZXJfaWQiOiI0NCIsIl9hdXRoX3VzZXJfYmFja2VuZCI6ImRqYW5nby5jb250cmliLmF1dGguYmFja2VuZHMuTW9kZWxCYWNrZW5kIiwiX2F1dGhfdXNlcl9oYXNoIjoiMjMyNWE1ZDA1MWVjMmU3ZDNiNTBhMGM2NzU1ODMzOWEwMGVjZTM3MSIsInVzZXJfYWN0aXZhdGUiOiJhY3RpdmVfdXNlciJ9', '2023-05-09 14:32:51.046700'),
('nb3b8u37420tn8sjsfbe7b51mxu0vxzk', 'NzA0ODZjZmYyYWE1OWRmMDJkNTg4NDdhNzk2ZjMyZTAxMjk2NzU3ZTp7Il9hdXRoX3VzZXJfaWQiOiIzIiwiX2F1dGhfdXNlcl9iYWNrZW5kIjoiZGphbmdvLmNvbnRyaWIuYXV0aC5iYWNrZW5kcy5Nb2RlbEJhY2tlbmQiLCJfYXV0aF91c2VyX2hhc2giOiJhMzUwMjNmMzk4MjVlNjBkM2QzMWYyOTY0NmE5NDFiYzRmYzljM2M1In0=', '2023-04-12 01:46:10.746470'),
('ngh9qa2jvtgemo7uma97zxe4lq2b8wyy', 'MDg5NjcxNWJlMzhiOTNiNmI2NTcwZDViYzJlZTNlNTViMGQ4NmIyODp7Il9hdXRoX3VzZXJfaWQiOiIyIiwiX2F1dGhfdXNlcl9iYWNrZW5kIjoiZGphbmdvLmNvbnRyaWIuYXV0aC5iYWNrZW5kcy5Nb2RlbEJhY2tlbmQiLCJfYXV0aF91c2VyX2hhc2giOiI1ZmVlMmM1ZDJlNmY4N2VhNTkyYTU4MTAyNjk4ZmJhYTc2MDQ0MzZmIn0=', '2023-03-03 16:22:48.958581'),
('nj7guj2s8ck2bo52pupkdantkgu4jz72', 'ZjZlMDY5MDJkZDdhNzc2MzdkYzlmOGU5YjdhMDczNDk0N2Y2YjQzMDp7Il9hdXRoX3VzZXJfaWQiOiIzMiIsIl9hdXRoX3VzZXJfYmFja2VuZCI6ImRqYW5nby5jb250cmliLmF1dGguYmFja2VuZHMuTW9kZWxCYWNrZW5kIiwiX2F1dGhfdXNlcl9oYXNoIjoiMDNkYTJkNjNkMDg5MjU3MjQyZjU3NjE4ZmY3OTQ2OWJkOWRmMDhhOCIsInVzZXJfYWN0aXZhdGUiOiJzdWJzY3JpcHRpb24ifQ==', '2023-04-21 01:40:45.027919'),
('nr5pha6xnj3hsatm2fo1mo4vclpsmf0o', 'NzA0ODZjZmYyYWE1OWRmMDJkNTg4NDdhNzk2ZjMyZTAxMjk2NzU3ZTp7Il9hdXRoX3VzZXJfaWQiOiIzIiwiX2F1dGhfdXNlcl9iYWNrZW5kIjoiZGphbmdvLmNvbnRyaWIuYXV0aC5iYWNrZW5kcy5Nb2RlbEJhY2tlbmQiLCJfYXV0aF91c2VyX2hhc2giOiJhMzUwMjNmMzk4MjVlNjBkM2QzMWYyOTY0NmE5NDFiYzRmYzljM2M1In0=', '2023-03-10 04:23:48.853710'),
('nrtcy6x256c6k0wyxt5m0slagl5qhe1c', 'NzA0ODZjZmYyYWE1OWRmMDJkNTg4NDdhNzk2ZjMyZTAxMjk2NzU3ZTp7Il9hdXRoX3VzZXJfaWQiOiIzIiwiX2F1dGhfdXNlcl9iYWNrZW5kIjoiZGphbmdvLmNvbnRyaWIuYXV0aC5iYWNrZW5kcy5Nb2RlbEJhY2tlbmQiLCJfYXV0aF91c2VyX2hhc2giOiJhMzUwMjNmMzk4MjVlNjBkM2QzMWYyOTY0NmE5NDFiYzRmYzljM2M1In0=', '2023-04-17 16:37:40.675216'),
('o0sfrkulmiq16v4mfvwmax8uzfvb644x', 'Njc0MGMxYzk1ZGIwNzI1MzAwNzhlZjMyODZlNzE5M2VkNDlhZjNlYzp7Il9hdXRoX3VzZXJfaWQiOiIxMCIsIl9hdXRoX3VzZXJfYmFja2VuZCI6ImRqYW5nby5jb250cmliLmF1dGguYmFja2VuZHMuTW9kZWxCYWNrZW5kIiwiX2F1dGhfdXNlcl9oYXNoIjoiMWE0Yzk2YTY0ODQ0NGNjZjE5MWYyYjNiNmJhMzNlZTM0ZTY1Zjk5ZCJ9', '2023-02-07 17:23:56.581590'),
('o0shve75cytnmgx92u8ldcr8o9llj554', 'NzA0ODZjZmYyYWE1OWRmMDJkNTg4NDdhNzk2ZjMyZTAxMjk2NzU3ZTp7Il9hdXRoX3VzZXJfaWQiOiIzIiwiX2F1dGhfdXNlcl9iYWNrZW5kIjoiZGphbmdvLmNvbnRyaWIuYXV0aC5iYWNrZW5kcy5Nb2RlbEJhY2tlbmQiLCJfYXV0aF91c2VyX2hhc2giOiJhMzUwMjNmMzk4MjVlNjBkM2QzMWYyOTY0NmE5NDFiYzRmYzljM2M1In0=', '2023-02-22 13:34:51.080866'),
('o5nt6retz3ddshr7jojf02dble45tgpz', 'MDg5NjcxNWJlMzhiOTNiNmI2NTcwZDViYzJlZTNlNTViMGQ4NmIyODp7Il9hdXRoX3VzZXJfaWQiOiIyIiwiX2F1dGhfdXNlcl9iYWNrZW5kIjoiZGphbmdvLmNvbnRyaWIuYXV0aC5iYWNrZW5kcy5Nb2RlbEJhY2tlbmQiLCJfYXV0aF91c2VyX2hhc2giOiI1ZmVlMmM1ZDJlNmY4N2VhNTkyYTU4MTAyNjk4ZmJhYTc2MDQ0MzZmIn0=', '2022-10-19 03:10:38.176778'),
('oigk1qitpwnhjofroc61d2s7uzfz7g5n', 'MDg5NjcxNWJlMzhiOTNiNmI2NTcwZDViYzJlZTNlNTViMGQ4NmIyODp7Il9hdXRoX3VzZXJfaWQiOiIyIiwiX2F1dGhfdXNlcl9iYWNrZW5kIjoiZGphbmdvLmNvbnRyaWIuYXV0aC5iYWNrZW5kcy5Nb2RlbEJhY2tlbmQiLCJfYXV0aF91c2VyX2hhc2giOiI1ZmVlMmM1ZDJlNmY4N2VhNTkyYTU4MTAyNjk4ZmJhYTc2MDQ0MzZmIn0=', '2023-02-27 22:58:40.710134'),
('omocbfz6ojmf75fdsylmmsseedr1q1r7', 'MmJkOTBmNjQwYWU4ZWJiYWZiMDQwMDBhYmQ1YWU2ZjI1ZGY0YTMzYTp7Il9hdXRoX3VzZXJfaWQiOiI0IiwiX2F1dGhfdXNlcl9iYWNrZW5kIjoiZGphbmdvLmNvbnRyaWIuYXV0aC5iYWNrZW5kcy5Nb2RlbEJhY2tlbmQiLCJfYXV0aF91c2VyX2hhc2giOiI3Y2M2Nzk2YWZjOWUzZmMwZTliNzZhYzQ3YjI0ZDFhMThlOTdjY2E4In0=', '2022-12-28 20:22:46.471799'),
('ona0cxxb1d4s3o2lwjospwa6cbmbhgo0', 'MmJkOTBmNjQwYWU4ZWJiYWZiMDQwMDBhYmQ1YWU2ZjI1ZGY0YTMzYTp7Il9hdXRoX3VzZXJfaWQiOiI0IiwiX2F1dGhfdXNlcl9iYWNrZW5kIjoiZGphbmdvLmNvbnRyaWIuYXV0aC5iYWNrZW5kcy5Nb2RlbEJhY2tlbmQiLCJfYXV0aF91c2VyX2hhc2giOiI3Y2M2Nzk2YWZjOWUzZmMwZTliNzZhYzQ3YjI0ZDFhMThlOTdjY2E4In0=', '2023-02-17 00:30:53.172678'),
('oq8b7uul6zum1tmw724jopld8fx7qwsv', 'MDg5NjcxNWJlMzhiOTNiNmI2NTcwZDViYzJlZTNlNTViMGQ4NmIyODp7Il9hdXRoX3VzZXJfaWQiOiIyIiwiX2F1dGhfdXNlcl9iYWNrZW5kIjoiZGphbmdvLmNvbnRyaWIuYXV0aC5iYWNrZW5kcy5Nb2RlbEJhY2tlbmQiLCJfYXV0aF91c2VyX2hhc2giOiI1ZmVlMmM1ZDJlNmY4N2VhNTkyYTU4MTAyNjk4ZmJhYTc2MDQ0MzZmIn0=', '2023-03-09 04:08:51.182380'),
('oqimrqc0bfsgfwtkxt5ky1iv61qh364f', 'MDg5NjcxNWJlMzhiOTNiNmI2NTcwZDViYzJlZTNlNTViMGQ4NmIyODp7Il9hdXRoX3VzZXJfaWQiOiIyIiwiX2F1dGhfdXNlcl9iYWNrZW5kIjoiZGphbmdvLmNvbnRyaWIuYXV0aC5iYWNrZW5kcy5Nb2RlbEJhY2tlbmQiLCJfYXV0aF91c2VyX2hhc2giOiI1ZmVlMmM1ZDJlNmY4N2VhNTkyYTU4MTAyNjk4ZmJhYTc2MDQ0MzZmIn0=', '2023-01-26 05:28:37.850155'),
('ou7v1qdo4bfl3dwypz1luboazof4wuow', 'NzA0ODZjZmYyYWE1OWRmMDJkNTg4NDdhNzk2ZjMyZTAxMjk2NzU3ZTp7Il9hdXRoX3VzZXJfaWQiOiIzIiwiX2F1dGhfdXNlcl9iYWNrZW5kIjoiZGphbmdvLmNvbnRyaWIuYXV0aC5iYWNrZW5kcy5Nb2RlbEJhY2tlbmQiLCJfYXV0aF91c2VyX2hhc2giOiJhMzUwMjNmMzk4MjVlNjBkM2QzMWYyOTY0NmE5NDFiYzRmYzljM2M1In0=', '2022-12-02 16:27:02.702535'),
('ows0rb5vv6zae7u818869snqyodwb644', 'MmE2NGVmNWFjODM2OWRkMWYxNTQ3YmRjZjcyNTBkZGU2NzY3OWQ2Mjp7Il9hdXRoX3VzZXJfaWQiOiIzMSIsIl9hdXRoX3VzZXJfYmFja2VuZCI6ImRqYW5nby5jb250cmliLmF1dGguYmFja2VuZHMuTW9kZWxCYWNrZW5kIiwiX2F1dGhfdXNlcl9oYXNoIjoiM2VhZTcyOGI4OTNhMGViOGUyNmQ5OWVmODRjMzVkNGJkNDdjY2ZiYSIsInVzZXJfYWN0aXZhdGUiOiJhY3RpdmVfdXNlciJ9', '2023-04-25 01:46:04.639000'),
('p6362t6qexhs9ernymk76244c4mwd2d3', 'MDg5NjcxNWJlMzhiOTNiNmI2NTcwZDViYzJlZTNlNTViMGQ4NmIyODp7Il9hdXRoX3VzZXJfaWQiOiIyIiwiX2F1dGhfdXNlcl9iYWNrZW5kIjoiZGphbmdvLmNvbnRyaWIuYXV0aC5iYWNrZW5kcy5Nb2RlbEJhY2tlbmQiLCJfYXV0aF91c2VyX2hhc2giOiI1ZmVlMmM1ZDJlNmY4N2VhNTkyYTU4MTAyNjk4ZmJhYTc2MDQ0MzZmIn0=', '2023-03-09 04:31:02.681386'),
('p8jk4pj99yzeap289ret2jw1020f6fix', 'NzA0ODZjZmYyYWE1OWRmMDJkNTg4NDdhNzk2ZjMyZTAxMjk2NzU3ZTp7Il9hdXRoX3VzZXJfaWQiOiIzIiwiX2F1dGhfdXNlcl9iYWNrZW5kIjoiZGphbmdvLmNvbnRyaWIuYXV0aC5iYWNrZW5kcy5Nb2RlbEJhY2tlbmQiLCJfYXV0aF91c2VyX2hhc2giOiJhMzUwMjNmMzk4MjVlNjBkM2QzMWYyOTY0NmE5NDFiYzRmYzljM2M1In0=', '2022-11-28 15:12:32.694425'),
('ph4lorxr1ayfxt95dcce85rj0znek32v', 'NzA0ODZjZmYyYWE1OWRmMDJkNTg4NDdhNzk2ZjMyZTAxMjk2NzU3ZTp7Il9hdXRoX3VzZXJfaWQiOiIzIiwiX2F1dGhfdXNlcl9iYWNrZW5kIjoiZGphbmdvLmNvbnRyaWIuYXV0aC5iYWNrZW5kcy5Nb2RlbEJhY2tlbmQiLCJfYXV0aF91c2VyX2hhc2giOiJhMzUwMjNmMzk4MjVlNjBkM2QzMWYyOTY0NmE5NDFiYzRmYzljM2M1In0=', '2023-01-11 20:22:44.109375'),
('ps4y78f2fd8fq3a5z56rsfzsxflpeheb', 'MmJkOTBmNjQwYWU4ZWJiYWZiMDQwMDBhYmQ1YWU2ZjI1ZGY0YTMzYTp7Il9hdXRoX3VzZXJfaWQiOiI0IiwiX2F1dGhfdXNlcl9iYWNrZW5kIjoiZGphbmdvLmNvbnRyaWIuYXV0aC5iYWNrZW5kcy5Nb2RlbEJhY2tlbmQiLCJfYXV0aF91c2VyX2hhc2giOiI3Y2M2Nzk2YWZjOWUzZmMwZTliNzZhYzQ3YjI0ZDFhMThlOTdjY2E4In0=', '2023-02-28 16:27:56.508709'),
('ptbcwiaqz5mpkyk4khpr6o7zylxvdc6q', 'NzA0ODZjZmYyYWE1OWRmMDJkNTg4NDdhNzk2ZjMyZTAxMjk2NzU3ZTp7Il9hdXRoX3VzZXJfaWQiOiIzIiwiX2F1dGhfdXNlcl9iYWNrZW5kIjoiZGphbmdvLmNvbnRyaWIuYXV0aC5iYWNrZW5kcy5Nb2RlbEJhY2tlbmQiLCJfYXV0aF91c2VyX2hhc2giOiJhMzUwMjNmMzk4MjVlNjBkM2QzMWYyOTY0NmE5NDFiYzRmYzljM2M1In0=', '2023-02-09 02:40:14.476685'),
('q1nogsych7hxh2l1zb8krljm6tyz5ig5', 'MmJkOTBmNjQwYWU4ZWJiYWZiMDQwMDBhYmQ1YWU2ZjI1ZGY0YTMzYTp7Il9hdXRoX3VzZXJfaWQiOiI0IiwiX2F1dGhfdXNlcl9iYWNrZW5kIjoiZGphbmdvLmNvbnRyaWIuYXV0aC5iYWNrZW5kcy5Nb2RlbEJhY2tlbmQiLCJfYXV0aF91c2VyX2hhc2giOiI3Y2M2Nzk2YWZjOWUzZmMwZTliNzZhYzQ3YjI0ZDFhMThlOTdjY2E4In0=', '2022-11-22 15:55:57.936230'),
('qkv4dyssqj01dffc9w4zf7853gy5ojce', 'MmJkOTBmNjQwYWU4ZWJiYWZiMDQwMDBhYmQ1YWU2ZjI1ZGY0YTMzYTp7Il9hdXRoX3VzZXJfaWQiOiI0IiwiX2F1dGhfdXNlcl9iYWNrZW5kIjoiZGphbmdvLmNvbnRyaWIuYXV0aC5iYWNrZW5kcy5Nb2RlbEJhY2tlbmQiLCJfYXV0aF91c2VyX2hhc2giOiI3Y2M2Nzk2YWZjOWUzZmMwZTliNzZhYzQ3YjI0ZDFhMThlOTdjY2E4In0=', '2023-03-27 13:37:56.575508'),
('qpwa26e12xnk932zckjqxm1af3ts9n9r', 'MmJkOTBmNjQwYWU4ZWJiYWZiMDQwMDBhYmQ1YWU2ZjI1ZGY0YTMzYTp7Il9hdXRoX3VzZXJfaWQiOiI0IiwiX2F1dGhfdXNlcl9iYWNrZW5kIjoiZGphbmdvLmNvbnRyaWIuYXV0aC5iYWNrZW5kcy5Nb2RlbEJhY2tlbmQiLCJfYXV0aF91c2VyX2hhc2giOiI3Y2M2Nzk2YWZjOWUzZmMwZTliNzZhYzQ3YjI0ZDFhMThlOTdjY2E4In0=', '2022-11-20 02:59:27.599002'),
('r2z7j4zuv208hw0qca6alg52w6ubs8us', 'NzA0ODZjZmYyYWE1OWRmMDJkNTg4NDdhNzk2ZjMyZTAxMjk2NzU3ZTp7Il9hdXRoX3VzZXJfaWQiOiIzIiwiX2F1dGhfdXNlcl9iYWNrZW5kIjoiZGphbmdvLmNvbnRyaWIuYXV0aC5iYWNrZW5kcy5Nb2RlbEJhY2tlbmQiLCJfYXV0aF91c2VyX2hhc2giOiJhMzUwMjNmMzk4MjVlNjBkM2QzMWYyOTY0NmE5NDFiYzRmYzljM2M1In0=', '2023-02-24 21:02:32.694596'),
('r3d3v2g6glza1gk0o6e8y6ymm27285u7', 'MGNlOTIyYTcyZTg2NWFmYjNjNjVjODNkZDRkMGNmNDJhOGY4OTExZDp7Il9hdXRoX3VzZXJfaWQiOiIyNiIsIl9hdXRoX3VzZXJfYmFja2VuZCI6ImRqYW5nby5jb250cmliLmF1dGguYmFja2VuZHMuTW9kZWxCYWNrZW5kIiwiX2F1dGhfdXNlcl9oYXNoIjoiYWJhZDBjZGU2ZDBmODg4OWI3M2VkN2QxMzljMmIxMDE5MzczODQ2MyJ9', '2023-03-06 17:43:41.122656'),
('r5fyko1ognozhlzqzvtda1yqmajj2oh8', 'MmJkOTBmNjQwYWU4ZWJiYWZiMDQwMDBhYmQ1YWU2ZjI1ZGY0YTMzYTp7Il9hdXRoX3VzZXJfaWQiOiI0IiwiX2F1dGhfdXNlcl9iYWNrZW5kIjoiZGphbmdvLmNvbnRyaWIuYXV0aC5iYWNrZW5kcy5Nb2RlbEJhY2tlbmQiLCJfYXV0aF91c2VyX2hhc2giOiI3Y2M2Nzk2YWZjOWUzZmMwZTliNzZhYzQ3YjI0ZDFhMThlOTdjY2E4In0=', '2022-11-07 03:16:00.098437'),
('rc37xevhic5ho46ya2ht2ozaphlwwh83', 'MmJkOTBmNjQwYWU4ZWJiYWZiMDQwMDBhYmQ1YWU2ZjI1ZGY0YTMzYTp7Il9hdXRoX3VzZXJfaWQiOiI0IiwiX2F1dGhfdXNlcl9iYWNrZW5kIjoiZGphbmdvLmNvbnRyaWIuYXV0aC5iYWNrZW5kcy5Nb2RlbEJhY2tlbmQiLCJfYXV0aF91c2VyX2hhc2giOiI3Y2M2Nzk2YWZjOWUzZmMwZTliNzZhYzQ3YjI0ZDFhMThlOTdjY2E4In0=', '2023-04-04 20:05:23.443486'),
('ri87efx9mmr4nzpsfyv6l3tu2ail0bjw', 'MDg5NjcxNWJlMzhiOTNiNmI2NTcwZDViYzJlZTNlNTViMGQ4NmIyODp7Il9hdXRoX3VzZXJfaWQiOiIyIiwiX2F1dGhfdXNlcl9iYWNrZW5kIjoiZGphbmdvLmNvbnRyaWIuYXV0aC5iYWNrZW5kcy5Nb2RlbEJhY2tlbmQiLCJfYXV0aF91c2VyX2hhc2giOiI1ZmVlMmM1ZDJlNmY4N2VhNTkyYTU4MTAyNjk4ZmJhYTc2MDQ0MzZmIn0=', '2023-03-14 16:46:02.214249'),
('rnoet23di9241stbjxaffy4s1at1e6ro', 'OGFiMGZhZjZiMDkxNWI5OTNhYzFiZDkzOTM0M2RiZTExZjdkOTM5ZTp7Il9hdXRoX3VzZXJfaWQiOiIzIiwiX2F1dGhfdXNlcl9iYWNrZW5kIjoiZGphbmdvLmNvbnRyaWIuYXV0aC5iYWNrZW5kcy5Nb2RlbEJhY2tlbmQiLCJfYXV0aF91c2VyX2hhc2giOiJhMzUwMjNmMzk4MjVlNjBkM2QzMWYyOTY0NmE5NDFiYzRmYzljM2M1IiwidXNlcl9hY3RpdmF0ZSI6ImFjdGl2ZV91c2VyIn0=', '2023-04-26 17:29:24.479547'),
('s0zwter56t8l2c72vhozrw5tsvrcub92', 'NzA0ODZjZmYyYWE1OWRmMDJkNTg4NDdhNzk2ZjMyZTAxMjk2NzU3ZTp7Il9hdXRoX3VzZXJfaWQiOiIzIiwiX2F1dGhfdXNlcl9iYWNrZW5kIjoiZGphbmdvLmNvbnRyaWIuYXV0aC5iYWNrZW5kcy5Nb2RlbEJhY2tlbmQiLCJfYXV0aF91c2VyX2hhc2giOiJhMzUwMjNmMzk4MjVlNjBkM2QzMWYyOTY0NmE5NDFiYzRmYzljM2M1In0=', '2022-12-05 03:54:19.165243'),
('s1d1kfyvnpat7gaj8ou8rx1m2jb15vtf', 'Njc0MGMxYzk1ZGIwNzI1MzAwNzhlZjMyODZlNzE5M2VkNDlhZjNlYzp7Il9hdXRoX3VzZXJfaWQiOiIxMCIsIl9hdXRoX3VzZXJfYmFja2VuZCI6ImRqYW5nby5jb250cmliLmF1dGguYmFja2VuZHMuTW9kZWxCYWNrZW5kIiwiX2F1dGhfdXNlcl9oYXNoIjoiMWE0Yzk2YTY0ODQ0NGNjZjE5MWYyYjNiNmJhMzNlZTM0ZTY1Zjk5ZCJ9', '2023-01-11 02:49:10.461583'),
('sbh3n899hgjuj8ebsnn09oz38d9itfm9', 'MDg5NjcxNWJlMzhiOTNiNmI2NTcwZDViYzJlZTNlNTViMGQ4NmIyODp7Il9hdXRoX3VzZXJfaWQiOiIyIiwiX2F1dGhfdXNlcl9iYWNrZW5kIjoiZGphbmdvLmNvbnRyaWIuYXV0aC5iYWNrZW5kcy5Nb2RlbEJhY2tlbmQiLCJfYXV0aF91c2VyX2hhc2giOiI1ZmVlMmM1ZDJlNmY4N2VhNTkyYTU4MTAyNjk4ZmJhYTc2MDQ0MzZmIn0=', '2022-12-08 03:36:52.773860'),
('sdjnp8a46d6xri5axxd3dh224sg4co3a', 'OGFiMGZhZjZiMDkxNWI5OTNhYzFiZDkzOTM0M2RiZTExZjdkOTM5ZTp7Il9hdXRoX3VzZXJfaWQiOiIzIiwiX2F1dGhfdXNlcl9iYWNrZW5kIjoiZGphbmdvLmNvbnRyaWIuYXV0aC5iYWNrZW5kcy5Nb2RlbEJhY2tlbmQiLCJfYXV0aF91c2VyX2hhc2giOiJhMzUwMjNmMzk4MjVlNjBkM2QzMWYyOTY0NmE5NDFiYzRmYzljM2M1IiwidXNlcl9hY3RpdmF0ZSI6ImFjdGl2ZV91c2VyIn0=', '2023-04-25 01:50:35.948830'),
('sef9g8ewhwx16k1rftlkpp59l7hytreq', 'MDg5NjcxNWJlMzhiOTNiNmI2NTcwZDViYzJlZTNlNTViMGQ4NmIyODp7Il9hdXRoX3VzZXJfaWQiOiIyIiwiX2F1dGhfdXNlcl9iYWNrZW5kIjoiZGphbmdvLmNvbnRyaWIuYXV0aC5iYWNrZW5kcy5Nb2RlbEJhY2tlbmQiLCJfYXV0aF91c2VyX2hhc2giOiI1ZmVlMmM1ZDJlNmY4N2VhNTkyYTU4MTAyNjk4ZmJhYTc2MDQ0MzZmIn0=', '2022-11-16 16:04:19.823434'),
('seju461fja6sj64opbio5270q9qel77b', 'ZTZlMTQ1ZGRmNTEyMDgzMTgzMjUwM2VjOTY1MDk4NjY0YmYyNDc1MDp7Il9wYXNzd29yZF9yZXNldF90b2tlbiI6IjY5Ni04MTE0OTk4ODBkYjNiMDBkZGQ2MSJ9', '2023-03-28 05:17:04.905835'),
('sj7jatzoyor1g6dvcy57dk3ajo49efub', 'NzA0ODZjZmYyYWE1OWRmMDJkNTg4NDdhNzk2ZjMyZTAxMjk2NzU3ZTp7Il9hdXRoX3VzZXJfaWQiOiIzIiwiX2F1dGhfdXNlcl9iYWNrZW5kIjoiZGphbmdvLmNvbnRyaWIuYXV0aC5iYWNrZW5kcy5Nb2RlbEJhY2tlbmQiLCJfYXV0aF91c2VyX2hhc2giOiJhMzUwMjNmMzk4MjVlNjBkM2QzMWYyOTY0NmE5NDFiYzRmYzljM2M1In0=', '2022-10-21 17:18:48.353581'),
('t0h011dl8as9dr51sk2bjh06ezpdgf49', 'MDg5NjcxNWJlMzhiOTNiNmI2NTcwZDViYzJlZTNlNTViMGQ4NmIyODp7Il9hdXRoX3VzZXJfaWQiOiIyIiwiX2F1dGhfdXNlcl9iYWNrZW5kIjoiZGphbmdvLmNvbnRyaWIuYXV0aC5iYWNrZW5kcy5Nb2RlbEJhY2tlbmQiLCJfYXV0aF91c2VyX2hhc2giOiI1ZmVlMmM1ZDJlNmY4N2VhNTkyYTU4MTAyNjk4ZmJhYTc2MDQ0MzZmIn0=', '2023-03-09 04:32:18.980533'),
('tcw2fud5ylnxg5nxrw5rlpt11fsn27eh', 'NzA0ODZjZmYyYWE1OWRmMDJkNTg4NDdhNzk2ZjMyZTAxMjk2NzU3ZTp7Il9hdXRoX3VzZXJfaWQiOiIzIiwiX2F1dGhfdXNlcl9iYWNrZW5kIjoiZGphbmdvLmNvbnRyaWIuYXV0aC5iYWNrZW5kcy5Nb2RlbEJhY2tlbmQiLCJfYXV0aF91c2VyX2hhc2giOiJhMzUwMjNmMzk4MjVlNjBkM2QzMWYyOTY0NmE5NDFiYzRmYzljM2M1In0=', '2023-02-24 14:28:50.682387'),
('tdkgzzd5u4zl19lw7psvepbpdfhn3ne7', 'MDg5NjcxNWJlMzhiOTNiNmI2NTcwZDViYzJlZTNlNTViMGQ4NmIyODp7Il9hdXRoX3VzZXJfaWQiOiIyIiwiX2F1dGhfdXNlcl9iYWNrZW5kIjoiZGphbmdvLmNvbnRyaWIuYXV0aC5iYWNrZW5kcy5Nb2RlbEJhY2tlbmQiLCJfYXV0aF91c2VyX2hhc2giOiI1ZmVlMmM1ZDJlNmY4N2VhNTkyYTU4MTAyNjk4ZmJhYTc2MDQ0MzZmIn0=', '2023-02-24 02:01:09.192968'),
('tlw1nlwmbu873s9xsftysc4y5hobqxvr', 'MDg5NjcxNWJlMzhiOTNiNmI2NTcwZDViYzJlZTNlNTViMGQ4NmIyODp7Il9hdXRoX3VzZXJfaWQiOiIyIiwiX2F1dGhfdXNlcl9iYWNrZW5kIjoiZGphbmdvLmNvbnRyaWIuYXV0aC5iYWNrZW5kcy5Nb2RlbEJhY2tlbmQiLCJfYXV0aF91c2VyX2hhc2giOiI1ZmVlMmM1ZDJlNmY4N2VhNTkyYTU4MTAyNjk4ZmJhYTc2MDQ0MzZmIn0=', '2023-03-16 22:32:32.621794'),
('tqsmygvvwe4c2fm40nkl17l6v5y85aiv', 'MmJkOTBmNjQwYWU4ZWJiYWZiMDQwMDBhYmQ1YWU2ZjI1ZGY0YTMzYTp7Il9hdXRoX3VzZXJfaWQiOiI0IiwiX2F1dGhfdXNlcl9iYWNrZW5kIjoiZGphbmdvLmNvbnRyaWIuYXV0aC5iYWNrZW5kcy5Nb2RlbEJhY2tlbmQiLCJfYXV0aF91c2VyX2hhc2giOiI3Y2M2Nzk2YWZjOWUzZmMwZTliNzZhYzQ3YjI0ZDFhMThlOTdjY2E4In0=', '2022-10-21 22:35:09.252717'),
('txdq60527188xphjoz1f6wct9560kpvi', 'MDg5NjcxNWJlMzhiOTNiNmI2NTcwZDViYzJlZTNlNTViMGQ4NmIyODp7Il9hdXRoX3VzZXJfaWQiOiIyIiwiX2F1dGhfdXNlcl9iYWNrZW5kIjoiZGphbmdvLmNvbnRyaWIuYXV0aC5iYWNrZW5kcy5Nb2RlbEJhY2tlbmQiLCJfYXV0aF91c2VyX2hhc2giOiI1ZmVlMmM1ZDJlNmY4N2VhNTkyYTU4MTAyNjk4ZmJhYTc2MDQ0MzZmIn0=', '2023-02-28 16:28:33.248462'),
('u0dho8ngf80tc2d7zcsxn9o18fkno0xi', 'MDg5NjcxNWJlMzhiOTNiNmI2NTcwZDViYzJlZTNlNTViMGQ4NmIyODp7Il9hdXRoX3VzZXJfaWQiOiIyIiwiX2F1dGhfdXNlcl9iYWNrZW5kIjoiZGphbmdvLmNvbnRyaWIuYXV0aC5iYWNrZW5kcy5Nb2RlbEJhY2tlbmQiLCJfYXV0aF91c2VyX2hhc2giOiI1ZmVlMmM1ZDJlNmY4N2VhNTkyYTU4MTAyNjk4ZmJhYTc2MDQ0MzZmIn0=', '2023-03-08 23:47:30.731373'),
('u3lp9i2tvi4tumbjz2lpo15ritlnmvbl', 'Njc0MGMxYzk1ZGIwNzI1MzAwNzhlZjMyODZlNzE5M2VkNDlhZjNlYzp7Il9hdXRoX3VzZXJfaWQiOiIxMCIsIl9hdXRoX3VzZXJfYmFja2VuZCI6ImRqYW5nby5jb250cmliLmF1dGguYmFja2VuZHMuTW9kZWxCYWNrZW5kIiwiX2F1dGhfdXNlcl9oYXNoIjoiMWE0Yzk2YTY0ODQ0NGNjZjE5MWYyYjNiNmJhMzNlZTM0ZTY1Zjk5ZCJ9', '2023-02-16 01:07:29.376385'),
('u4c275v7pblxhrcakp9cwjsfra1y5123', 'MDg5NjcxNWJlMzhiOTNiNmI2NTcwZDViYzJlZTNlNTViMGQ4NmIyODp7Il9hdXRoX3VzZXJfaWQiOiIyIiwiX2F1dGhfdXNlcl9iYWNrZW5kIjoiZGphbmdvLmNvbnRyaWIuYXV0aC5iYWNrZW5kcy5Nb2RlbEJhY2tlbmQiLCJfYXV0aF91c2VyX2hhc2giOiI1ZmVlMmM1ZDJlNmY4N2VhNTkyYTU4MTAyNjk4ZmJhYTc2MDQ0MzZmIn0=', '2022-12-10 03:14:50.776839'),
('udmohxj4z4m3jyif413gv56tmr41ss82', 'Njc0MGMxYzk1ZGIwNzI1MzAwNzhlZjMyODZlNzE5M2VkNDlhZjNlYzp7Il9hdXRoX3VzZXJfaWQiOiIxMCIsIl9hdXRoX3VzZXJfYmFja2VuZCI6ImRqYW5nby5jb250cmliLmF1dGguYmFja2VuZHMuTW9kZWxCYWNrZW5kIiwiX2F1dGhfdXNlcl9oYXNoIjoiMWE0Yzk2YTY0ODQ0NGNjZjE5MWYyYjNiNmJhMzNlZTM0ZTY1Zjk5ZCJ9', '2023-01-18 22:45:39.907232'),
('ue7hfcc40taadkechp470pab2kxl6yeh', 'MmJkOTBmNjQwYWU4ZWJiYWZiMDQwMDBhYmQ1YWU2ZjI1ZGY0YTMzYTp7Il9hdXRoX3VzZXJfaWQiOiI0IiwiX2F1dGhfdXNlcl9iYWNrZW5kIjoiZGphbmdvLmNvbnRyaWIuYXV0aC5iYWNrZW5kcy5Nb2RlbEJhY2tlbmQiLCJfYXV0aF91c2VyX2hhc2giOiI3Y2M2Nzk2YWZjOWUzZmMwZTliNzZhYzQ3YjI0ZDFhMThlOTdjY2E4In0=', '2022-12-03 02:42:01.164321'),
('upoc33rr72gu0t723sovd1b47ddwwmfg', 'NzA0ODZjZmYyYWE1OWRmMDJkNTg4NDdhNzk2ZjMyZTAxMjk2NzU3ZTp7Il9hdXRoX3VzZXJfaWQiOiIzIiwiX2F1dGhfdXNlcl9iYWNrZW5kIjoiZGphbmdvLmNvbnRyaWIuYXV0aC5iYWNrZW5kcy5Nb2RlbEJhY2tlbmQiLCJfYXV0aF91c2VyX2hhc2giOiJhMzUwMjNmMzk4MjVlNjBkM2QzMWYyOTY0NmE5NDFiYzRmYzljM2M1In0=', '2023-04-15 21:55:34.567727'),
('uvpvvuar814idjhscr3uzhgngi1w9498', 'MWFkZjJlNTA0MDcyOGViZTJlMWVlOTY5YzU5MzRjNDhhMmFlNWQ3Yjp7Il9hdXRoX3VzZXJfaWQiOiIyIiwiX2F1dGhfdXNlcl9iYWNrZW5kIjoiZGphbmdvLmNvbnRyaWIuYXV0aC5iYWNrZW5kcy5Nb2RlbEJhY2tlbmQiLCJfYXV0aF91c2VyX2hhc2giOiIyNGE2MWJlZDk0MDhmYjU4ODZkNjI0ZWZkOTVmYTBhMGFiNGUzZTMyIn0=', '2023-05-03 23:25:18.214069'),
('v015z4y47uydacslp1luyrx8vxebcxj6', 'MmJkOTBmNjQwYWU4ZWJiYWZiMDQwMDBhYmQ1YWU2ZjI1ZGY0YTMzYTp7Il9hdXRoX3VzZXJfaWQiOiI0IiwiX2F1dGhfdXNlcl9iYWNrZW5kIjoiZGphbmdvLmNvbnRyaWIuYXV0aC5iYWNrZW5kcy5Nb2RlbEJhY2tlbmQiLCJfYXV0aF91c2VyX2hhc2giOiI3Y2M2Nzk2YWZjOWUzZmMwZTliNzZhYzQ3YjI0ZDFhMThlOTdjY2E4In0=', '2023-03-10 17:59:46.168460'),
('v6uqshu200h9xq45xipjn95ez2i8572d', 'MWFkZjJlNTA0MDcyOGViZTJlMWVlOTY5YzU5MzRjNDhhMmFlNWQ3Yjp7Il9hdXRoX3VzZXJfaWQiOiIyIiwiX2F1dGhfdXNlcl9iYWNrZW5kIjoiZGphbmdvLmNvbnRyaWIuYXV0aC5iYWNrZW5kcy5Nb2RlbEJhY2tlbmQiLCJfYXV0aF91c2VyX2hhc2giOiIyNGE2MWJlZDk0MDhmYjU4ODZkNjI0ZWZkOTVmYTBhMGFiNGUzZTMyIn0=', '2023-04-11 15:22:13.271291'),
('vc27e6q2z2ogikm3fa7r7ww86ge6unpl', 'MGNlOTIyYTcyZTg2NWFmYjNjNjVjODNkZDRkMGNmNDJhOGY4OTExZDp7Il9hdXRoX3VzZXJfaWQiOiIyNiIsIl9hdXRoX3VzZXJfYmFja2VuZCI6ImRqYW5nby5jb250cmliLmF1dGguYmFja2VuZHMuTW9kZWxCYWNrZW5kIiwiX2F1dGhfdXNlcl9oYXNoIjoiYWJhZDBjZGU2ZDBmODg4OWI3M2VkN2QxMzljMmIxMDE5MzczODQ2MyJ9', '2023-03-20 17:15:49.616119'),
('vdmh2i6zw5m2qjy8ddl69l2nj1d85y5j', 'MDg5NjcxNWJlMzhiOTNiNmI2NTcwZDViYzJlZTNlNTViMGQ4NmIyODp7Il9hdXRoX3VzZXJfaWQiOiIyIiwiX2F1dGhfdXNlcl9iYWNrZW5kIjoiZGphbmdvLmNvbnRyaWIuYXV0aC5iYWNrZW5kcy5Nb2RlbEJhY2tlbmQiLCJfYXV0aF91c2VyX2hhc2giOiI1ZmVlMmM1ZDJlNmY4N2VhNTkyYTU4MTAyNjk4ZmJhYTc2MDQ0MzZmIn0=', '2023-03-06 16:53:12.945566'),
('vgf696734mlxfhvhfb49hz293bw1s0im', 'MmJkOTBmNjQwYWU4ZWJiYWZiMDQwMDBhYmQ1YWU2ZjI1ZGY0YTMzYTp7Il9hdXRoX3VzZXJfaWQiOiI0IiwiX2F1dGhfdXNlcl9iYWNrZW5kIjoiZGphbmdvLmNvbnRyaWIuYXV0aC5iYWNrZW5kcy5Nb2RlbEJhY2tlbmQiLCJfYXV0aF91c2VyX2hhc2giOiI3Y2M2Nzk2YWZjOWUzZmMwZTliNzZhYzQ3YjI0ZDFhMThlOTdjY2E4In0=', '2022-11-29 22:43:45.514515'),
('vnszd9i7mpzk23a6jogrmljw7mcjpuce', 'MDg5NjcxNWJlMzhiOTNiNmI2NTcwZDViYzJlZTNlNTViMGQ4NmIyODp7Il9hdXRoX3VzZXJfaWQiOiIyIiwiX2F1dGhfdXNlcl9iYWNrZW5kIjoiZGphbmdvLmNvbnRyaWIuYXV0aC5iYWNrZW5kcy5Nb2RlbEJhY2tlbmQiLCJfYXV0aF91c2VyX2hhc2giOiI1ZmVlMmM1ZDJlNmY4N2VhNTkyYTU4MTAyNjk4ZmJhYTc2MDQ0MzZmIn0=', '2023-03-15 05:13:39.456281'),
('vp5uoz082fklvr8dagrd7kbz4edt8fos', 'MGEyNTM3ZTY2MmQyZjQwMTA4ODM5ZjhlNjBkZWNiMzhlNTQxZTA5Yzp7fQ==', '2023-04-04 22:45:13.746250'),
('vs6nakouub8cqedt1aonase84a7du94e', 'NmU5MTNkOWNjMTM4OWNlMjI2MDdiM2VhMWZhMjM4OThlZDA0ZDFhNTp7Il9hdXRoX3VzZXJfaWQiOiIzNCIsIl9hdXRoX3VzZXJfYmFja2VuZCI6ImRqYW5nby5jb250cmliLmF1dGguYmFja2VuZHMuTW9kZWxCYWNrZW5kIiwiX2F1dGhfdXNlcl9oYXNoIjoiNDYwMmM2N2FhZWFiYzVlOWM3MjE4YmI4NWQ3MDA2ZjE0YmQ1MjE3NiJ9', '2023-04-19 22:57:26.598441'),
('vsxd1x8ty6nx7cjzjhgf5pjqofbkjbux', 'MWFkZjJlNTA0MDcyOGViZTJlMWVlOTY5YzU5MzRjNDhhMmFlNWQ3Yjp7Il9hdXRoX3VzZXJfaWQiOiIyIiwiX2F1dGhfdXNlcl9iYWNrZW5kIjoiZGphbmdvLmNvbnRyaWIuYXV0aC5iYWNrZW5kcy5Nb2RlbEJhY2tlbmQiLCJfYXV0aF91c2VyX2hhc2giOiIyNGE2MWJlZDk0MDhmYjU4ODZkNjI0ZWZkOTVmYTBhMGFiNGUzZTMyIn0=', '2023-05-01 05:01:53.787255'),
('w053xltqk6whm76n92ekitvpsgg8unb4', 'NzA0ODZjZmYyYWE1OWRmMDJkNTg4NDdhNzk2ZjMyZTAxMjk2NzU3ZTp7Il9hdXRoX3VzZXJfaWQiOiIzIiwiX2F1dGhfdXNlcl9iYWNrZW5kIjoiZGphbmdvLmNvbnRyaWIuYXV0aC5iYWNrZW5kcy5Nb2RlbEJhY2tlbmQiLCJfYXV0aF91c2VyX2hhc2giOiJhMzUwMjNmMzk4MjVlNjBkM2QzMWYyOTY0NmE5NDFiYzRmYzljM2M1In0=', '2023-03-20 17:16:50.205345'),
('w10cuq3rdizup7g2pf7b3f4j3299tsk0', 'MDg5NjcxNWJlMzhiOTNiNmI2NTcwZDViYzJlZTNlNTViMGQ4NmIyODp7Il9hdXRoX3VzZXJfaWQiOiIyIiwiX2F1dGhfdXNlcl9iYWNrZW5kIjoiZGphbmdvLmNvbnRyaWIuYXV0aC5iYWNrZW5kcy5Nb2RlbEJhY2tlbmQiLCJfYXV0aF91c2VyX2hhc2giOiI1ZmVlMmM1ZDJlNmY4N2VhNTkyYTU4MTAyNjk4ZmJhYTc2MDQ0MzZmIn0=', '2022-11-19 04:40:10.254603'),
('wfadyoywi4u6w3sl2swqtfdodugqg35j', 'MWFkZjJlNTA0MDcyOGViZTJlMWVlOTY5YzU5MzRjNDhhMmFlNWQ3Yjp7Il9hdXRoX3VzZXJfaWQiOiIyIiwiX2F1dGhfdXNlcl9iYWNrZW5kIjoiZGphbmdvLmNvbnRyaWIuYXV0aC5iYWNrZW5kcy5Nb2RlbEJhY2tlbmQiLCJfYXV0aF91c2VyX2hhc2giOiIyNGE2MWJlZDk0MDhmYjU4ODZkNjI0ZWZkOTVmYTBhMGFiNGUzZTMyIn0=', '2023-04-25 02:45:36.026385'),
('wgmcwa3s76i504xpdfrta3glj52zkemz', 'MGNlOTIyYTcyZTg2NWFmYjNjNjVjODNkZDRkMGNmNDJhOGY4OTExZDp7Il9hdXRoX3VzZXJfaWQiOiIyNiIsIl9hdXRoX3VzZXJfYmFja2VuZCI6ImRqYW5nby5jb250cmliLmF1dGguYmFja2VuZHMuTW9kZWxCYWNrZW5kIiwiX2F1dGhfdXNlcl9oYXNoIjoiYWJhZDBjZGU2ZDBmODg4OWI3M2VkN2QxMzljMmIxMDE5MzczODQ2MyJ9', '2023-04-25 14:20:49.740146'),
('wsteuc25jx8f5zn9r42rasfg7s3dca10', 'NzA0ODZjZmYyYWE1OWRmMDJkNTg4NDdhNzk2ZjMyZTAxMjk2NzU3ZTp7Il9hdXRoX3VzZXJfaWQiOiIzIiwiX2F1dGhfdXNlcl9iYWNrZW5kIjoiZGphbmdvLmNvbnRyaWIuYXV0aC5iYWNrZW5kcy5Nb2RlbEJhY2tlbmQiLCJfYXV0aF91c2VyX2hhc2giOiJhMzUwMjNmMzk4MjVlNjBkM2QzMWYyOTY0NmE5NDFiYzRmYzljM2M1In0=', '2022-11-27 17:24:33.510197'),
('wub0hhkaojbs3938wvva297iiwv8njoc', 'Njc0MGMxYzk1ZGIwNzI1MzAwNzhlZjMyODZlNzE5M2VkNDlhZjNlYzp7Il9hdXRoX3VzZXJfaWQiOiIxMCIsIl9hdXRoX3VzZXJfYmFja2VuZCI6ImRqYW5nby5jb250cmliLmF1dGguYmFja2VuZHMuTW9kZWxCYWNrZW5kIiwiX2F1dGhfdXNlcl9oYXNoIjoiMWE0Yzk2YTY0ODQ0NGNjZjE5MWYyYjNiNmJhMzNlZTM0ZTY1Zjk5ZCJ9', '2023-02-14 02:00:36.074677'),
('wujo8eag7s9nem2asto8wrg4rpuf9ndd', 'MDg5NjcxNWJlMzhiOTNiNmI2NTcwZDViYzJlZTNlNTViMGQ4NmIyODp7Il9hdXRoX3VzZXJfaWQiOiIyIiwiX2F1dGhfdXNlcl9iYWNrZW5kIjoiZGphbmdvLmNvbnRyaWIuYXV0aC5iYWNrZW5kcy5Nb2RlbEJhY2tlbmQiLCJfYXV0aF91c2VyX2hhc2giOiI1ZmVlMmM1ZDJlNmY4N2VhNTkyYTU4MTAyNjk4ZmJhYTc2MDQ0MzZmIn0=', '2023-03-09 04:35:42.241211'),
('x09s0mn6uyythsaoub5451793uuqf0n1', 'MGNlOTIyYTcyZTg2NWFmYjNjNjVjODNkZDRkMGNmNDJhOGY4OTExZDp7Il9hdXRoX3VzZXJfaWQiOiIyNiIsIl9hdXRoX3VzZXJfYmFja2VuZCI6ImRqYW5nby5jb250cmliLmF1dGguYmFja2VuZHMuTW9kZWxCYWNrZW5kIiwiX2F1dGhfdXNlcl9oYXNoIjoiYWJhZDBjZGU2ZDBmODg4OWI3M2VkN2QxMzljMmIxMDE5MzczODQ2MyJ9', '2023-03-21 21:50:06.593147'),
('x1wfc8vy3jj67csaj84suub0evfddx65', 'MDg5NjcxNWJlMzhiOTNiNmI2NTcwZDViYzJlZTNlNTViMGQ4NmIyODp7Il9hdXRoX3VzZXJfaWQiOiIyIiwiX2F1dGhfdXNlcl9iYWNrZW5kIjoiZGphbmdvLmNvbnRyaWIuYXV0aC5iYWNrZW5kcy5Nb2RlbEJhY2tlbmQiLCJfYXV0aF91c2VyX2hhc2giOiI1ZmVlMmM1ZDJlNmY4N2VhNTkyYTU4MTAyNjk4ZmJhYTc2MDQ0MzZmIn0=', '2023-03-22 14:23:27.379479'),
('x2xgy6ldi5qu1x95lrwhy7iv0xst7nla', 'MDg5NjcxNWJlMzhiOTNiNmI2NTcwZDViYzJlZTNlNTViMGQ4NmIyODp7Il9hdXRoX3VzZXJfaWQiOiIyIiwiX2F1dGhfdXNlcl9iYWNrZW5kIjoiZGphbmdvLmNvbnRyaWIuYXV0aC5iYWNrZW5kcy5Nb2RlbEJhY2tlbmQiLCJfYXV0aF91c2VyX2hhc2giOiI1ZmVlMmM1ZDJlNmY4N2VhNTkyYTU4MTAyNjk4ZmJhYTc2MDQ0MzZmIn0=', '2022-12-04 01:32:20.143556'),
('xb9uun96lbyg48981ij1l7ilvd3y3cb6', 'MDg5NjcxNWJlMzhiOTNiNmI2NTcwZDViYzJlZTNlNTViMGQ4NmIyODp7Il9hdXRoX3VzZXJfaWQiOiIyIiwiX2F1dGhfdXNlcl9iYWNrZW5kIjoiZGphbmdvLmNvbnRyaWIuYXV0aC5iYWNrZW5kcy5Nb2RlbEJhY2tlbmQiLCJfYXV0aF91c2VyX2hhc2giOiI1ZmVlMmM1ZDJlNmY4N2VhNTkyYTU4MTAyNjk4ZmJhYTc2MDQ0MzZmIn0=', '2022-10-21 22:41:00.812224'),
('xe17im8q00xqvx40zo72f57zguwv5g4b', 'MmJkOTBmNjQwYWU4ZWJiYWZiMDQwMDBhYmQ1YWU2ZjI1ZGY0YTMzYTp7Il9hdXRoX3VzZXJfaWQiOiI0IiwiX2F1dGhfdXNlcl9iYWNrZW5kIjoiZGphbmdvLmNvbnRyaWIuYXV0aC5iYWNrZW5kcy5Nb2RlbEJhY2tlbmQiLCJfYXV0aF91c2VyX2hhc2giOiI3Y2M2Nzk2YWZjOWUzZmMwZTliNzZhYzQ3YjI0ZDFhMThlOTdjY2E4In0=', '2022-11-16 19:42:47.282648'),
('xm4nzagbzmpnzwaz8iin5l30oaocdft7', 'MWFkZjJlNTA0MDcyOGViZTJlMWVlOTY5YzU5MzRjNDhhMmFlNWQ3Yjp7Il9hdXRoX3VzZXJfaWQiOiIyIiwiX2F1dGhfdXNlcl9iYWNrZW5kIjoiZGphbmdvLmNvbnRyaWIuYXV0aC5iYWNrZW5kcy5Nb2RlbEJhY2tlbmQiLCJfYXV0aF91c2VyX2hhc2giOiIyNGE2MWJlZDk0MDhmYjU4ODZkNjI0ZWZkOTVmYTBhMGFiNGUzZTMyIn0=', '2023-05-03 23:25:18.023817'),
('xuasnqcdb25gzfpyqwhrl6o3ydh70l8v', 'MmJkOTBmNjQwYWU4ZWJiYWZiMDQwMDBhYmQ1YWU2ZjI1ZGY0YTMzYTp7Il9hdXRoX3VzZXJfaWQiOiI0IiwiX2F1dGhfdXNlcl9iYWNrZW5kIjoiZGphbmdvLmNvbnRyaWIuYXV0aC5iYWNrZW5kcy5Nb2RlbEJhY2tlbmQiLCJfYXV0aF91c2VyX2hhc2giOiI3Y2M2Nzk2YWZjOWUzZmMwZTliNzZhYzQ3YjI0ZDFhMThlOTdjY2E4In0=', '2023-03-28 14:00:59.008721'),
('y0ukdzfbupejaass8mhl1pkgpespbopv', 'MDg5NjcxNWJlMzhiOTNiNmI2NTcwZDViYzJlZTNlNTViMGQ4NmIyODp7Il9hdXRoX3VzZXJfaWQiOiIyIiwiX2F1dGhfdXNlcl9iYWNrZW5kIjoiZGphbmdvLmNvbnRyaWIuYXV0aC5iYWNrZW5kcy5Nb2RlbEJhY2tlbmQiLCJfYXV0aF91c2VyX2hhc2giOiI1ZmVlMmM1ZDJlNmY4N2VhNTkyYTU4MTAyNjk4ZmJhYTc2MDQ0MzZmIn0=', '2023-01-10 17:09:06.834120'),
('y1ginfq0ycn5tlwibw2dztwvwc8ytyy2', 'Njc0MGMxYzk1ZGIwNzI1MzAwNzhlZjMyODZlNzE5M2VkNDlhZjNlYzp7Il9hdXRoX3VzZXJfaWQiOiIxMCIsIl9hdXRoX3VzZXJfYmFja2VuZCI6ImRqYW5nby5jb250cmliLmF1dGguYmFja2VuZHMuTW9kZWxCYWNrZW5kIiwiX2F1dGhfdXNlcl9oYXNoIjoiMWE0Yzk2YTY0ODQ0NGNjZjE5MWYyYjNiNmJhMzNlZTM0ZTY1Zjk5ZCJ9', '2022-11-30 02:40:17.659587'),
('y5lub2sd67brkl4m27a33u0le6xxaf09', 'NzA0ODZjZmYyYWE1OWRmMDJkNTg4NDdhNzk2ZjMyZTAxMjk2NzU3ZTp7Il9hdXRoX3VzZXJfaWQiOiIzIiwiX2F1dGhfdXNlcl9iYWNrZW5kIjoiZGphbmdvLmNvbnRyaWIuYXV0aC5iYWNrZW5kcy5Nb2RlbEJhY2tlbmQiLCJfYXV0aF91c2VyX2hhc2giOiJhMzUwMjNmMzk4MjVlNjBkM2QzMWYyOTY0NmE5NDFiYzRmYzljM2M1In0=', '2022-10-25 19:26:59.650238'),
('yc455gdkgr27qwqb283cewaeo79liiif', 'MmJkOTBmNjQwYWU4ZWJiYWZiMDQwMDBhYmQ1YWU2ZjI1ZGY0YTMzYTp7Il9hdXRoX3VzZXJfaWQiOiI0IiwiX2F1dGhfdXNlcl9iYWNrZW5kIjoiZGphbmdvLmNvbnRyaWIuYXV0aC5iYWNrZW5kcy5Nb2RlbEJhY2tlbmQiLCJfYXV0aF91c2VyX2hhc2giOiI3Y2M2Nzk2YWZjOWUzZmMwZTliNzZhYzQ3YjI0ZDFhMThlOTdjY2E4In0=', '2023-03-08 15:37:20.281793'),
('yc882e2i56qc00f8wh6dktcmmu778b4s', 'MDg5NjcxNWJlMzhiOTNiNmI2NTcwZDViYzJlZTNlNTViMGQ4NmIyODp7Il9hdXRoX3VzZXJfaWQiOiIyIiwiX2F1dGhfdXNlcl9iYWNrZW5kIjoiZGphbmdvLmNvbnRyaWIuYXV0aC5iYWNrZW5kcy5Nb2RlbEJhY2tlbmQiLCJfYXV0aF91c2VyX2hhc2giOiI1ZmVlMmM1ZDJlNmY4N2VhNTkyYTU4MTAyNjk4ZmJhYTc2MDQ0MzZmIn0=', '2023-03-10 22:18:58.615144'),
('yf5vgv10we2q2cbhgdsil8dkdagpyu6l', 'MmJkOTBmNjQwYWU4ZWJiYWZiMDQwMDBhYmQ1YWU2ZjI1ZGY0YTMzYTp7Il9hdXRoX3VzZXJfaWQiOiI0IiwiX2F1dGhfdXNlcl9iYWNrZW5kIjoiZGphbmdvLmNvbnRyaWIuYXV0aC5iYWNrZW5kcy5Nb2RlbEJhY2tlbmQiLCJfYXV0aF91c2VyX2hhc2giOiI3Y2M2Nzk2YWZjOWUzZmMwZTliNzZhYzQ3YjI0ZDFhMThlOTdjY2E4In0=', '2022-12-05 03:31:17.804487'),
('yfxq1u6gt6y778aixvj7mjc3egfg6vqe', 'NTIxNmY3ODIzM2E3MTRmNGE0OTYxNjExMDI5ZGI0ZDkyYzFhNWRlNTp7Il9hdXRoX3VzZXJfaWQiOiI0IiwiX2F1dGhfdXNlcl9iYWNrZW5kIjoiZGphbmdvLmNvbnRyaWIuYXV0aC5iYWNrZW5kcy5Nb2RlbEJhY2tlbmQiLCJfYXV0aF91c2VyX2hhc2giOiI3Y2M2Nzk2YWZjOWUzZmMwZTliNzZhYzQ3YjI0ZDFhMThlOTdjY2E4IiwidXNlcl9hY3RpdmF0ZSI6InN1YnNjcmlwdGlvbiJ9', '2023-04-20 00:44:05.440974'),
('yj3kulm9vxipcraws2jdmre2i7mfu415', 'MmJkOTBmNjQwYWU4ZWJiYWZiMDQwMDBhYmQ1YWU2ZjI1ZGY0YTMzYTp7Il9hdXRoX3VzZXJfaWQiOiI0IiwiX2F1dGhfdXNlcl9iYWNrZW5kIjoiZGphbmdvLmNvbnRyaWIuYXV0aC5iYWNrZW5kcy5Nb2RlbEJhY2tlbmQiLCJfYXV0aF91c2VyX2hhc2giOiI3Y2M2Nzk2YWZjOWUzZmMwZTliNzZhYzQ3YjI0ZDFhMThlOTdjY2E4In0=', '2022-11-07 07:09:24.979571'),
('yjop5705mpux42mtq8twyyj9jagt34ws', 'MDg5NjcxNWJlMzhiOTNiNmI2NTcwZDViYzJlZTNlNTViMGQ4NmIyODp7Il9hdXRoX3VzZXJfaWQiOiIyIiwiX2F1dGhfdXNlcl9iYWNrZW5kIjoiZGphbmdvLmNvbnRyaWIuYXV0aC5iYWNrZW5kcy5Nb2RlbEJhY2tlbmQiLCJfYXV0aF91c2VyX2hhc2giOiI1ZmVlMmM1ZDJlNmY4N2VhNTkyYTU4MTAyNjk4ZmJhYTc2MDQ0MzZmIn0=', '2023-01-25 18:58:33.543031'),
('ykvegxlk8h789wc24vumol14wrhd1imc', 'ZjZlZWQwZDdlYzdlNDU0MDM1YjFlZDhlZWQ2YjE2ZDAyZDM4MDc3ODp7Il9hdXRoX3VzZXJfaWQiOiI0MCIsIl9hdXRoX3VzZXJfYmFja2VuZCI6ImRqYW5nby5jb250cmliLmF1dGguYmFja2VuZHMuTW9kZWxCYWNrZW5kIiwiX2F1dGhfdXNlcl9oYXNoIjoiZTIyYTQ2ZmYxMTg5NWE5ODY2NzE2MjgxODY0MjBkZmViZmE5ZWIyZSIsInVzZXJfYWN0aXZhdGUiOiJhY3RpdmF0ZV9jYXJkIn0=', '2023-05-04 00:12:15.764388'),
('ymtbbk3vk8um25hyg38a2ehnak1vgwp3', 'MDg5NjcxNWJlMzhiOTNiNmI2NTcwZDViYzJlZTNlNTViMGQ4NmIyODp7Il9hdXRoX3VzZXJfaWQiOiIyIiwiX2F1dGhfdXNlcl9iYWNrZW5kIjoiZGphbmdvLmNvbnRyaWIuYXV0aC5iYWNrZW5kcy5Nb2RlbEJhY2tlbmQiLCJfYXV0aF91c2VyX2hhc2giOiI1ZmVlMmM1ZDJlNmY4N2VhNTkyYTU4MTAyNjk4ZmJhYTc2MDQ0MzZmIn0=', '2023-03-13 21:20:30.916839'),
('yqqbel6g7n0tndss3xennwa8xy2wm4ba', 'ZjZlMDY5MDJkZDdhNzc2MzdkYzlmOGU5YjdhMDczNDk0N2Y2YjQzMDp7Il9hdXRoX3VzZXJfaWQiOiIzMiIsIl9hdXRoX3VzZXJfYmFja2VuZCI6ImRqYW5nby5jb250cmliLmF1dGguYmFja2VuZHMuTW9kZWxCYWNrZW5kIiwiX2F1dGhfdXNlcl9oYXNoIjoiMDNkYTJkNjNkMDg5MjU3MjQyZjU3NjE4ZmY3OTQ2OWJkOWRmMDhhOCIsInVzZXJfYWN0aXZhdGUiOiJzdWJzY3JpcHRpb24ifQ==', '2023-04-22 20:21:47.984659'),
('yvz21eob8e4p5szhlk75pl01krfgbwsd', 'MmJkOTBmNjQwYWU4ZWJiYWZiMDQwMDBhYmQ1YWU2ZjI1ZGY0YTMzYTp7Il9hdXRoX3VzZXJfaWQiOiI0IiwiX2F1dGhfdXNlcl9iYWNrZW5kIjoiZGphbmdvLmNvbnRyaWIuYXV0aC5iYWNrZW5kcy5Nb2RlbEJhY2tlbmQiLCJfYXV0aF91c2VyX2hhc2giOiI3Y2M2Nzk2YWZjOWUzZmMwZTliNzZhYzQ3YjI0ZDFhMThlOTdjY2E4In0=', '2023-03-25 21:06:07.634217'),
('ywlepaa6lg3r56joqp94b6j2tvf6dg1j', 'MWFkZjJlNTA0MDcyOGViZTJlMWVlOTY5YzU5MzRjNDhhMmFlNWQ3Yjp7Il9hdXRoX3VzZXJfaWQiOiIyIiwiX2F1dGhfdXNlcl9iYWNrZW5kIjoiZGphbmdvLmNvbnRyaWIuYXV0aC5iYWNrZW5kcy5Nb2RlbEJhY2tlbmQiLCJfYXV0aF91c2VyX2hhc2giOiIyNGE2MWJlZDk0MDhmYjU4ODZkNjI0ZWZkOTVmYTBhMGFiNGUzZTMyIn0=', '2023-05-02 22:34:37.814339'),
('z2uggva21b1hol1ozewidn8vacdp5te1', 'MWFkZjJlNTA0MDcyOGViZTJlMWVlOTY5YzU5MzRjNDhhMmFlNWQ3Yjp7Il9hdXRoX3VzZXJfaWQiOiIyIiwiX2F1dGhfdXNlcl9iYWNrZW5kIjoiZGphbmdvLmNvbnRyaWIuYXV0aC5iYWNrZW5kcy5Nb2RlbEJhY2tlbmQiLCJfYXV0aF91c2VyX2hhc2giOiIyNGE2MWJlZDk0MDhmYjU4ODZkNjI0ZWZkOTVmYTBhMGFiNGUzZTMyIn0=', '2023-05-01 21:31:35.495033'),
('z30jhlcgle9a9336xr113vtvizi7nj66', 'MGNlOTIyYTcyZTg2NWFmYjNjNjVjODNkZDRkMGNmNDJhOGY4OTExZDp7Il9hdXRoX3VzZXJfaWQiOiIyNiIsIl9hdXRoX3VzZXJfYmFja2VuZCI6ImRqYW5nby5jb250cmliLmF1dGguYmFja2VuZHMuTW9kZWxCYWNrZW5kIiwiX2F1dGhfdXNlcl9oYXNoIjoiYWJhZDBjZGU2ZDBmODg4OWI3M2VkN2QxMzljMmIxMDE5MzczODQ2MyJ9', '2023-04-25 15:45:31.528946'),
('z41dfvnw4ednfmlr5l0ch53lg0y9bgb2', 'MDg5NjcxNWJlMzhiOTNiNmI2NTcwZDViYzJlZTNlNTViMGQ4NmIyODp7Il9hdXRoX3VzZXJfaWQiOiIyIiwiX2F1dGhfdXNlcl9iYWNrZW5kIjoiZGphbmdvLmNvbnRyaWIuYXV0aC5iYWNrZW5kcy5Nb2RlbEJhY2tlbmQiLCJfYXV0aF91c2VyX2hhc2giOiI1ZmVlMmM1ZDJlNmY4N2VhNTkyYTU4MTAyNjk4ZmJhYTc2MDQ0MzZmIn0=', '2023-02-13 04:13:18.147357'),
('zb2yhj6inidcrl4t7hdtin2mpkutv9i9', 'MWFkZjJlNTA0MDcyOGViZTJlMWVlOTY5YzU5MzRjNDhhMmFlNWQ3Yjp7Il9hdXRoX3VzZXJfaWQiOiIyIiwiX2F1dGhfdXNlcl9iYWNrZW5kIjoiZGphbmdvLmNvbnRyaWIuYXV0aC5iYWNrZW5kcy5Nb2RlbEJhY2tlbmQiLCJfYXV0aF91c2VyX2hhc2giOiIyNGE2MWJlZDk0MDhmYjU4ODZkNjI0ZWZkOTVmYTBhMGFiNGUzZTMyIn0=', '2023-04-28 17:42:31.668012'),
('zd9ro3dkcvxaq1qfnwdu3jaot4df6ns3', 'ZTZlMTQ1ZGRmNTEyMDgzMTgzMjUwM2VjOTY1MDk4NjY0YmYyNDc1MDp7Il9wYXNzd29yZF9yZXNldF90b2tlbiI6IjY5Ni04MTE0OTk4ODBkYjNiMDBkZGQ2MSJ9', '2023-03-28 03:25:39.827795'),
('ze09tx8sucqmhbs4aug2jgvcr7by48os', 'MDg5NjcxNWJlMzhiOTNiNmI2NTcwZDViYzJlZTNlNTViMGQ4NmIyODp7Il9hdXRoX3VzZXJfaWQiOiIyIiwiX2F1dGhfdXNlcl9iYWNrZW5kIjoiZGphbmdvLmNvbnRyaWIuYXV0aC5iYWNrZW5kcy5Nb2RlbEJhY2tlbmQiLCJfYXV0aF91c2VyX2hhc2giOiI1ZmVlMmM1ZDJlNmY4N2VhNTkyYTU4MTAyNjk4ZmJhYTc2MDQ0MzZmIn0=', '2023-01-12 15:08:37.697700'),
('ze0mcyi5od74bm9ds2z26nymukp8qk5k', 'MDg5NjcxNWJlMzhiOTNiNmI2NTcwZDViYzJlZTNlNTViMGQ4NmIyODp7Il9hdXRoX3VzZXJfaWQiOiIyIiwiX2F1dGhfdXNlcl9iYWNrZW5kIjoiZGphbmdvLmNvbnRyaWIuYXV0aC5iYWNrZW5kcy5Nb2RlbEJhY2tlbmQiLCJfYXV0aF91c2VyX2hhc2giOiI1ZmVlMmM1ZDJlNmY4N2VhNTkyYTU4MTAyNjk4ZmJhYTc2MDQ0MzZmIn0=', '2022-12-04 23:34:34.120752'),
('zkecto2mebwacfenh75c0us3tf1tvpey', 'MDg5NjcxNWJlMzhiOTNiNmI2NTcwZDViYzJlZTNlNTViMGQ4NmIyODp7Il9hdXRoX3VzZXJfaWQiOiIyIiwiX2F1dGhfdXNlcl9iYWNrZW5kIjoiZGphbmdvLmNvbnRyaWIuYXV0aC5iYWNrZW5kcy5Nb2RlbEJhY2tlbmQiLCJfYXV0aF91c2VyX2hhc2giOiI1ZmVlMmM1ZDJlNmY4N2VhNTkyYTU4MTAyNjk4ZmJhYTc2MDQ0MzZmIn0=', '2022-11-14 23:34:49.845215'),
('zkg9si2ic7nsawan5ls18xm86fzanfl6', 'MWFkZjJlNTA0MDcyOGViZTJlMWVlOTY5YzU5MzRjNDhhMmFlNWQ3Yjp7Il9hdXRoX3VzZXJfaWQiOiIyIiwiX2F1dGhfdXNlcl9iYWNrZW5kIjoiZGphbmdvLmNvbnRyaWIuYXV0aC5iYWNrZW5kcy5Nb2RlbEJhY2tlbmQiLCJfYXV0aF91c2VyX2hhc2giOiIyNGE2MWJlZDk0MDhmYjU4ODZkNjI0ZWZkOTVmYTBhMGFiNGUzZTMyIn0=', '2023-04-26 20:58:36.795405'),
('zmagvqz1r9xjr79iskzi05v70fnauxmp', 'MDg5NjcxNWJlMzhiOTNiNmI2NTcwZDViYzJlZTNlNTViMGQ4NmIyODp7Il9hdXRoX3VzZXJfaWQiOiIyIiwiX2F1dGhfdXNlcl9iYWNrZW5kIjoiZGphbmdvLmNvbnRyaWIuYXV0aC5iYWNrZW5kcy5Nb2RlbEJhY2tlbmQiLCJfYXV0aF91c2VyX2hhc2giOiI1ZmVlMmM1ZDJlNmY4N2VhNTkyYTU4MTAyNjk4ZmJhYTc2MDQ0MzZmIn0=', '2023-02-22 21:07:28.449962'),
('ztkknrvtxiwi6j15jxp5musetepslsdh', 'NzA0ODZjZmYyYWE1OWRmMDJkNTg4NDdhNzk2ZjMyZTAxMjk2NzU3ZTp7Il9hdXRoX3VzZXJfaWQiOiIzIiwiX2F1dGhfdXNlcl9iYWNrZW5kIjoiZGphbmdvLmNvbnRyaWIuYXV0aC5iYWNrZW5kcy5Nb2RlbEJhY2tlbmQiLCJfYXV0aF91c2VyX2hhc2giOiJhMzUwMjNmMzk4MjVlNjBkM2QzMWYyOTY0NmE5NDFiYzRmYzljM2M1In0=', '2023-04-04 18:13:25.859961'),
('ztvwo3o3kp6c93q09co1vyufmubfr59j', 'NzA0ODZjZmYyYWE1OWRmMDJkNTg4NDdhNzk2ZjMyZTAxMjk2NzU3ZTp7Il9hdXRoX3VzZXJfaWQiOiIzIiwiX2F1dGhfdXNlcl9iYWNrZW5kIjoiZGphbmdvLmNvbnRyaWIuYXV0aC5iYWNrZW5kcy5Nb2RlbEJhY2tlbmQiLCJfYXV0aF91c2VyX2hhc2giOiJhMzUwMjNmMzk4MjVlNjBkM2QzMWYyOTY0NmE5NDFiYzRmYzljM2M1In0=', '2022-11-22 15:39:43.437822'),
('zz1xyexfskukldwmop5cnpqltrj8mtio', 'Njc0MGMxYzk1ZGIwNzI1MzAwNzhlZjMyODZlNzE5M2VkNDlhZjNlYzp7Il9hdXRoX3VzZXJfaWQiOiIxMCIsIl9hdXRoX3VzZXJfYmFja2VuZCI6ImRqYW5nby5jb250cmliLmF1dGguYmFja2VuZHMuTW9kZWxCYWNrZW5kIiwiX2F1dGhfdXNlcl9oYXNoIjoiMWE0Yzk2YTY0ODQ0NGNjZjE5MWYyYjNiNmJhMzNlZTM0ZTY1Zjk5ZCJ9', '2023-02-03 15:08:01.095019');

-- --------------------------------------------------------

--
-- Estructura de tabla para la tabla `django_site`
--

CREATE TABLE `django_site` (
  `id` int(11) NOT NULL,
  `domain` varchar(100) NOT NULL,
  `name` varchar(50) NOT NULL
);

--
-- Volcado de datos para la tabla `django_site`
--

INSERT INTO `django_site` (`id`, `domain`, `name`) VALUES
(1, 'example.com', 'example.com');

-- --------------------------------------------------------

--
-- Estructura de tabla para la tabla `regions_city`
--

CREATE TABLE `regions_city` (
  `id` int(11) NOT NULL,
  `name` varchar(30) DEFAULT NULL,
  `cod` varchar(2) DEFAULT NULL,
  `department_id` int(11) DEFAULT NULL,
  `state_id` int(11) NOT NULL
);

--
-- Volcado de datos para la tabla `regions_city`
--

INSERT INTO `regions_city` (`id`, `name`, `cod`, `department_id`, `state_id`) VALUES
(1, 'Bogot치', '01', 3, 1),
(2, 'Medellin', '02', 2, 1),
(3, 'Cali', '03', 1, 1),
(4, 'Barranquilla', '04', 4, 1),
(5, 'Cartagena de Indias', '05', 7, 1),
(6, 'Monter칤a', '06', 15, 1),
(7, 'Bucaramanga', '07', 28, 1),
(8, 'Neiva', '08', 18, 1),
(9, 'Pasto', '09', 22, 1),
(10, 'Santa Marta', '10', 20, 1),
(11, 'Tunja', '11', 8, 1),
(12, 'Armenia', '12', 25, 1),
(13, 'Pereira', '13', 26, 1),
(14, 'Manizales', '14', 9, 1),
(15, 'Ibagu칠', '15', 30, 1),
(16, 'Valledupar', '16', 13, 1),
(17, 'Riohacha', '17', 19, 1),
(18, 'Quibd칩', '18', 14, 1),
(19, 'Florencia', '19', 10, 1),
(20, 'Yopal', '20', 11, 1),
(21, 'Villavicencio', '21', 21, 1),
(22, 'Popay치n', '22', 12, 1),
(23, 'Arauca', '23', 6, 1),
(24, 'San Jos칠 de C칰cuta', '24', 23, 1),
(25, 'Mocoa', '25', 24, 1),
(26, 'Sincelejo', '26', 29, 1),
(27, 'In칤rida', '27', 16, 1),
(28, 'San Jos칠 del Guaviare', '28', 17, 1),
(29, 'Leticia', '29', 5, 1),
(30, 'San Andr칠s', '30', 27, 1);

-- --------------------------------------------------------

--
-- Estructura de tabla para la tabla `regions_country`
--

CREATE TABLE `regions_country` (
  `id` int(11) NOT NULL,
  `name` varchar(40) DEFAULT NULL,
  `state_id` int(11) NOT NULL
);

--
-- Volcado de datos para la tabla `regions_country`
--

INSERT INTO `regions_country` (`id`, `name`, `state_id`) VALUES
(1, 'Colombia', 1);

-- --------------------------------------------------------

--
-- Estructura de tabla para la tabla `regions_department`
--

CREATE TABLE `regions_department` (
  `id` int(11) NOT NULL,
  `name` varchar(30) DEFAULT NULL,
  `country_id` int(11) DEFAULT NULL,
  `state_id` int(11) NOT NULL
);

--
-- Volcado de datos para la tabla `regions_department`
--

INSERT INTO `regions_department` (`id`, `name`, `country_id`, `state_id`) VALUES
(1, 'Valle del Cauca', 1, 1),
(2, 'Antioquia', 1, 1),
(3, 'Cundinamarca', 1, 1),
(4, 'Atl치ntico', 1, 1),
(5, 'Amazonas', 1, 1),
(6, 'Arauca', 1, 1),
(7, 'Bol칤var', 1, 1),
(8, 'Boyac치', 1, 1),
(9, 'Caldas', 1, 1),
(10, 'Caquet치', 1, 1),
(11, 'Casanare', 1, 1),
(12, 'Cauca', 1, 1),
(13, 'Cesar', 1, 1),
(14, 'Choc칩', 1, 1),
(15, 'C칩rdoba', 1, 1),
(16, 'Guain칤a', 1, 1),
(17, 'Guaviare', 1, 1),
(18, 'Huila', 1, 1),
(19, 'La Guajira', 1, 1),
(20, 'Magdalena', 1, 1),
(21, 'Meta', 1, 1),
(22, 'Nari침o', 1, 1),
(23, 'Norte de Santander', 1, 1),
(24, 'Putumayo', 1, 1),
(25, 'Quind칤o', 1, 1),
(26, 'Risaralda', 1, 1),
(27, 'San Andr칠s y Providencia', 1, 1),
(28, 'Santander', 1, 1),
(29, 'Sucre', 1, 1),
(30, 'Tolima', 1, 1),
(31, 'Vaup칠s', 1, 1),
(32, 'Vichada', 1, 1);

-- --------------------------------------------------------

--
-- Estructura de tabla para la tabla `regions_location`
--

CREATE TABLE `regions_location` (
  `id` int(11) NOT NULL,
  `name` varchar(30) DEFAULT NULL,
  `address` varchar(100) DEFAULT NULL,
  `state_id` int(11) NOT NULL,
  `user_id` int(11) NOT NULL,
  `city_id` int(11) DEFAULT NULL
);

--
-- Volcado de datos para la tabla `regions_location`
--

INSERT INTO `regions_location` (`id`, `name`, `address`, `state_id`, `user_id`, `city_id`) VALUES
(1, 'Finca 1', 'calle 2 #91b-24', 2, 3, 11),
(2, 'Casa segunda', 'calle 128 A #45-67', 1, 3, 2),
(3, 'Apartamento', 'Carrera 25 #7-8 ', 1, 3, 3),
(4, 'Universidad', 'Calle 57#25-35', 2, 3, 2),
(5, 'Casa hermana', 'Calle 2 #31-57', 1, 3, 4),
(6, 'Nueva casa', 'Calle 100 # 25-89', 1, 3, 3),
(7, 'Apartamento', 'Carera 90 # 71a 81', 1, 2, 1),
(8, 'Apartamento', 'Carera 90 # 71a 81', 1, 3, 1),
(9, 'Abuela', 'Carrera 90 # 71 a 81 oficina 504', 1, 4, 1),
(10, 'Casa 4', 'Finca 2 apto 108 portico', 1, 3, 1),
(11, 'Amarillos De Oro', 'Carera 80 # 72a 81', 1, 31, 1),
(12, 'Negocio', 'Carera 86 # 75a 08', 1, 32, 14),
(13, 'CASA 3', 'Carera 185 # 71a 00', 1, 34, 1),
(14, 'Apartamento', 'Carera 86 # 75a 08', 1, 26, 7),
(15, 'Gim', 'Carrera 7 # 78-98', 1, 4, 29),
(16, 'Apartamento', 'Carrera 7 # 140 a 82 oficina 301 localidad Usaqu칠n barrio  altos de la ca침ada', 1, 3, 1),
(17, 'MAM츼', 'Carera 19 # 55 a 01', 1, 35, 13),
(18, 'pruebas', 'calle de pruebas', 1, 38, 1),
(19, 'Viaja mi mam치 de nombre Flor', 'calle tal', 1, 38, 1),
(20, 'Casa de la cultura', 'Chiquinquira', 1, 38, 20),
(21, 'Torre X Apto Y', 'Cra 15 # 106', 1, 44, 1),
(22, 'Torre Z Apto G', 'Cra 15 # 106 X', 1, 45, 1),
(23, 'Ira mi esposa Karina', 'Cll 72 # 75 -58', 1, 45, 1),
(24, 'MI UBICACION', 'DIRECCION DE IDA', 1, 46, 10),
(25, 'mi negocio', 'mi ubicacion', 1, 47, 9),
(26, 'mi destino', 'ubicacion 1221', 1, 37, 9),
(27, 'cinselejo', 'el cartucho', 1, 38, 2);

-- --------------------------------------------------------

--
-- Estructura de tabla para la tabla `services_history_pqr`
--

CREATE TABLE `services_history_pqr` (
  `id` int(11) NOT NULL,
  `modification_date` datetime(6) NOT NULL,
  `state` varchar(500) DEFAULT NULL,
  `pqr_id` int(11) DEFAULT NULL,
  `user_answer_id` int(11) NOT NULL
);

-- --------------------------------------------------------

--
-- Estructura de tabla para la tabla `services_pqr`
--

CREATE TABLE `services_pqr` (
  `id` int(11) NOT NULL,
  `description` longtext,
  `creation_date` datetime(6) NOT NULL,
  `modification_date` datetime(6) DEFAULT NULL,
  `state_id` int(11) NOT NULL,
  `type_pqr_id` int(11) DEFAULT NULL,
  `user_question_id` int(11) DEFAULT NULL,
  `service_id` int(11) DEFAULT NULL,
  `user_answer_id` int(11) DEFAULT NULL
);

--
-- Volcado de datos para la tabla `services_pqr`
--

INSERT INTO `services_pqr` (`id`, `description`, `creation_date`, `modification_date`, `state_id`, `type_pqr_id`, `user_question_id`, `service_id`, `user_answer_id`) VALUES
(1, 'Problemas con mi tarjeta xxx', '2022-09-21 10:00:00.000000', '2023-01-31 02:08:46.530621', 2, 6, 4, 44, 26),
(2, 'probando\r\n-Comentario hecho por Control2 dsffgaga<gag 3423423', '2022-12-27 00:00:00.000000', '2023-02-03 02:35:54.647341', 2, 13, 17, NULL, 26),
(3, '-probando un nuevo pqr\r\n-segunda respuesta', '2023-01-25 00:00:00.000000', '2023-01-31 01:46:54.926283', 4, 11, 22, NULL, 26),
(4, '-mirando los errores\r\n-segundo comentario', '2023-01-30 01:20:46.814299', '2023-01-30 02:01:33.303838', 3, 9, 4, 43, 26),
(5, '-kjjhjkhjkhj\r\n-COmentario hecho por el contro 2contro2 DOS', '2023-01-30 02:00:36.607337', '2023-02-03 00:29:26.041235', 3, 8, 3, NULL, 26),
(6, 'muy buen servicio', '2023-01-30 02:06:36.712039', '2023-01-30 02:06:36.687891', 1, 8, 3, 41, 26),
(7, 'hghghjgjhg', '2023-01-31 01:59:13.436560', '2023-01-31 01:59:13.418571', 1, 2, 3, NULL, 26),
(8, 'prueba', '2023-02-09 16:50:07.694387', '2023-02-09 16:50:07.679143', 1, 1, 3, 49, 26),
(9, 'Edwin_Prueba_1', '2023-02-11 01:32:04.722964', '2023-02-11 01:32:04.717445', 1, 1, NULL, NULL, NULL),
(10, 'Edwin_Prueba_2', '2023-02-11 01:36:33.250823', '2023-02-11 01:36:33.244808', 1, 1, 3, NULL, NULL),
(11, 'Edwin_Prueba_1', '2023-02-11 02:05:45.651770', '2023-02-11 02:05:45.640787', 1, 7, 3, NULL, NULL),
(12, 'Edwin_Prueba_4', '2023-02-13 15:11:00.586660', '2023-02-13 15:11:00.573068', 1, 10, 3, NULL, NULL),
(13, 'PruebaFinal', '2023-02-13 15:20:14.282533', '2023-02-20 15:52:33.669904', 3, 11, 3, NULL, 26),
(14, 'Prueba Pedro \r\nRespuesta Control_uno', '2023-02-13 15:37:28.688082', '2023-02-13 15:40:21.094741', 3, 10, 3, NULL, 26),
(15, 'Pqr de Alejandro\r\n-Se llamo y no contesto', '2023-02-14 23:06:24.307795', '2023-02-14 23:07:58.801436', 4, 3, 3, NULL, 26),
(16, 'PruebaPQR', '2023-02-20 15:51:51.443295', '2023-02-20 15:51:51.423742', 1, 1, 3, 50, 26),
(17, 'Viajo de la ciudad indefinidamente', '2023-02-20 16:22:05.297628', '2023-04-12 19:24:53.083698', 2, 5, 3, NULL, 26),
(18, 'PRUEBA', '2023-02-27 18:55:55.992465', '2023-02-27 22:56:18.638816', 1, 1, 3, 54, 26),
(19, 'Cordial saludo deseo actualizar unos datos personales y quisiera recibir asesor칤a. Gracias.', '2023-04-08 19:04:54.244925', '2023-04-08 19:04:54.237593', 1, 10, 34, NULL, NULL),
(20, 'dfghjkl침', '2023-04-11 02:31:11.509222', '2023-04-11 02:31:11.485931', 2, 3, 3, 75, 26),
(21, 'Usuario tomado', '2023-04-11 05:16:02.055048', '2023-04-11 05:16:02.038721', 1, 2, 4, 77, 26),
(22, 'U123456789 estos datos no corresponden al usuario', '2023-04-11 05:30:05.000067', '2023-04-11 15:51:22.212355', 2, 14, 4, NULL, 26),
(23, 'Prueba', '2023-04-12 19:19:57.767006', '2023-04-12 19:19:57.743647', 1, 1, 4, 81, 26),
(24, 'David', '2023-04-12 20:20:17.960993', '2023-04-12 20:20:17.941764', 1, 2, 4, 82, 26),
(25, 'El veh칤culo tiene olor a tabaco y ron. En este momento procedemos a darte soluci칩n.', '2023-04-14 05:12:23.478539', '2023-04-14 05:15:55.376851', 2, 11, 26, NULL, 26),
(26, 'El veh칤culo esta en malas condiciones. Gracias por contactarnos nos pondremos en contacto con el conductor.', '2023-04-14 05:24:42.568151', '2023-04-14 05:28:12.346775', 2, 2, 35, NULL, 26),
(27, 'El servicio anterior dejo un celular', '2023-04-14 05:34:13.853930', '2023-04-14 05:34:13.840620', 1, 12, 4, NULL, NULL),
(28, 'El servicio anterior dejo un celular- bhhbyugb', '2023-04-14 05:34:20.135596', '2023-04-17 22:08:29.238919', 4, 12, 4, NULL, 26),
(29, 'sddds fegerge', '2023-04-17 21:58:43.807509', '2023-04-17 22:06:48.236114', 4, 15, 35, 87, 26),
(30, 'estos son unos datos de pruebas', '2023-04-19 22:54:49.852759', '2023-04-19 22:54:49.840797', 1, 1, 38, NULL, NULL),
(31, 'estoy interezado en convertirme en un conductor asociado- Excelente un asesor de ado se pondr치 en contacto contigo', '2023-04-19 23:17:13.435684', '2023-04-20 00:13:27.258805', 2, 10, 38, NULL, 26),
(32, 'Usuario borracho. D칤gale que le invite media de guaro', '2023-04-19 23:56:33.086419', '2023-04-20 00:14:28.761898', 2, 3, 40, NULL, 26),
(33, 'ppp', '2023-04-20 00:18:01.359898', '2023-04-20 00:18:01.340848', 1, 2, 38, 88, 26),
(34, 'Conductor borracho y no invito una chela EN ESTE MOMENTO ESTAMOS COMUNICANDONOS', '2023-04-24 17:19:53.780513', '2023-04-24 17:36:56.694014', 2, 3, 38, NULL, 26),
(35, 'reclamo de prueba', '2023-04-26 14:39:48.009037', '2023-04-26 14:39:47.994477', 1, 3, 47, NULL, NULL),
(36, 'se me quedo mi telefono', '2023-04-26 14:50:28.705969', '2023-04-26 14:50:28.692626', 1, 9, 46, NULL, NULL),
(37, 'deje un bolso en el taxi', '2023-04-26 19:27:28.763467', '2023-04-26 19:27:28.750754', 1, 9, 40, NULL, NULL);

-- --------------------------------------------------------

--
-- Estructura de tabla para la tabla `services_publication`
--

CREATE TABLE `services_publication` (
  `id` int(11) NOT NULL,
  `photo` varchar(100) NOT NULL,
  `url` varchar(500) DEFAULT NULL,
  `main_publication` tinyint(1) NOT NULL,
  `state_id` int(11) NOT NULL
);

--
-- Volcado de datos para la tabla `services_publication`
--

INSERT INTO `services_publication` (`id`, `photo`, `url`, `main_publication`, `state_id`) VALUES
(1, 'publications/BAMMER_APP.png', 'www.tarjetaparataxi.com', 1, 1),
(2, 'publications/LOGO_CIRCULAR_.jpg', 'www.tarjetaparataxi.com', 0, 1),
(3, 'publications/Para_ad칩nde_va.png', 'wwwamarillosdeoro.com', 0, 1);

-- --------------------------------------------------------

--
-- Estructura de tabla para la tabla `services_service`
--

CREATE TABLE `services_service` (
  `id` int(11) NOT NULL,
  `creation_date` datetime(6) NOT NULL,
  `time_start` datetime(6) DEFAULT NULL,
  `time_stop` datetime(6) DEFAULT NULL,
  `price` int(11) DEFAULT NULL,
  `code` varchar(6) DEFAULT NULL,
  `location_id` int(11) DEFAULT NULL,
  `state_id` int(11) DEFAULT NULL,
  `user_providing_id` int(11) DEFAULT NULL,
  `user_receiving_id` int(11) DEFAULT NULL,
  `initial_affectation_bool` tinyint(1) NOT NULL,
  `promotion_category` int(11) NOT NULL,
  `promotion_category_percent` double NOT NULL,
  `discount_increase_policies` int(11) NOT NULL,
  `discount_increase_policies_percent` double NOT NULL,
  `initial_affectation` int(11) NOT NULL,
  `initial_affectation_percent` double NOT NULL,
  `total` int(11) DEFAULT NULL,
  `score` int(11) DEFAULT NULL,
  `flag_call` varchar(2) DEFAULT NULL,
  `payment_method_id` int(11) DEFAULT NULL,
  `vehicle_id` int(11) DEFAULT NULL
);

--
-- Volcado de datos para la tabla `services_service`
--

INSERT INTO `services_service` (`id`, `creation_date`, `time_start`, `time_stop`, `price`, `code`, `location_id`, `state_id`, `user_providing_id`, `user_receiving_id`, `initial_affectation_bool`, `promotion_category`, `promotion_category_percent`, `discount_increase_policies`, `discount_increase_policies_percent`, `initial_affectation`, `initial_affectation_percent`, `total`, `score`, `flag_call`, `payment_method_id`, `vehicle_id`) VALUES
(5, '2022-10-07 22:01:12.466307', '2022-10-07 22:01:41.642161', '2022-10-11 23:57:42.628857', 6500, '380344', 2, 2, 4, 3, 1, 0, 0, 0, 0, 0, 0, NULL, NULL, NULL, NULL, NULL),
(6, '2022-10-11 18:39:54.185208', NULL, NULL, NULL, '826172', 1, 1, NULL, 3, 0, 0, 0, 0, 0, 0, 0, NULL, NULL, NULL, NULL, NULL),
(7, '2022-10-11 18:42:38.745836', '2022-10-11 18:44:02.271033', '2022-10-11 18:49:19.718482', NULL, '340188', 5, 2, NULL, 3, 0, 0, 0, 0, 0, 0, 0, NULL, NULL, NULL, NULL, NULL),
(8, '2022-10-11 19:07:01.183065', '2022-10-11 19:07:36.831103', '2022-10-11 19:27:13.228067', NULL, '972408', 5, 2, NULL, 3, 0, 0, 0, 0, 0, 0, 0, NULL, NULL, NULL, NULL, NULL),
(9, '2022-10-11 19:28:10.962761', '2022-10-11 19:28:26.169509', '2022-10-11 19:29:35.503328', NULL, '208343', 8, 2, NULL, 3, 0, 0, 0, 0, 0, 0, 0, NULL, NULL, NULL, NULL, NULL),
(10, '2022-10-11 20:40:27.615392', '2022-10-11 20:41:53.243493', NULL, NULL, '494471', 1, 2, NULL, 3, 0, 0, 0, 0, 0, 0, 0, NULL, NULL, NULL, NULL, NULL),
(11, '2022-10-11 21:13:06.645960', NULL, NULL, NULL, '382477', 1, 1, NULL, 3, 0, 0, 0, 0, 0, 0, 0, NULL, NULL, NULL, NULL, NULL),
(12, '2022-10-14 00:19:43.653440', '2022-10-14 00:20:18.535554', '2022-10-14 00:20:37.878638', NULL, '740212', 2, 2, NULL, 3, 0, 0, 0, 0, 0, 0, 0, NULL, NULL, NULL, NULL, NULL),
(13, '2022-10-14 00:27:12.328543', '2022-10-14 00:27:27.625673', '2022-10-14 00:40:32.733571', NULL, '882337', 6, 2, NULL, 3, 0, 0, 0, 0, 0, 0, 0, NULL, NULL, NULL, NULL, NULL),
(14, '2022-10-14 01:45:36.132676', '2022-10-14 01:46:05.120058', NULL, NULL, '020388', 3, 2, NULL, 3, 0, 0, 0, 0, 0, 0, 0, NULL, NULL, NULL, NULL, NULL),
(15, '2022-10-14 01:47:34.849898', '2022-10-14 01:47:43.483689', '2022-10-14 01:51:56.395981', NULL, '844879', 4, 2, NULL, 3, 0, 0, 0, 0, 0, 0, 0, NULL, NULL, NULL, NULL, NULL),
(16, '2022-10-14 01:54:33.286112', '2022-10-14 01:55:09.455962', '2022-10-14 01:55:55.372285', NULL, '224410', 1, 2, NULL, 3, 0, 0, 0, 0, 0, 0, 0, NULL, NULL, NULL, NULL, NULL),
(17, '2022-10-24 01:59:15.057805', '2022-10-24 01:59:23.934744', NULL, NULL, '772512', 4, 2, NULL, 3, 0, 0, 0, 0, 0, 0, 0, NULL, NULL, NULL, NULL, NULL),
(18, '2022-10-24 02:35:10.389958', '2022-10-24 02:35:23.156009', NULL, NULL, '045125', 3, 2, NULL, 3, 0, 0, 0, 0, 0, 0, 0, NULL, NULL, NULL, NULL, NULL),
(19, '2022-10-24 03:34:29.307094', '2022-10-24 03:34:38.659009', '2022-10-24 03:35:06.035728', NULL, '944226', 6, 2, NULL, 3, 0, 0, 0, 0, 0, 0, 0, NULL, NULL, NULL, NULL, NULL),
(20, '2022-10-24 03:37:47.543449', '2022-10-24 03:37:56.589712', '2022-10-24 03:38:08.715723', NULL, '070575', 1, 2, NULL, 3, 0, 0, 0, 0, 0, 0, 0, NULL, NULL, NULL, NULL, NULL),
(21, '2022-11-08 15:31:24.726304', NULL, NULL, NULL, '629653', 5, 1, NULL, 3, 0, 0, 0, 0, 0, 0, 0, NULL, NULL, NULL, NULL, NULL),
(22, '2022-11-08 15:39:50.161785', '2022-11-08 15:40:15.754888', '2022-11-08 15:41:47.609862', 10000, '200364', 1, 2, 4, 3, 0, 0, 0, 0, 0, 0, 0, NULL, NULL, NULL, NULL, NULL),
(23, '2022-11-08 16:10:02.443352', '2022-11-08 16:10:46.565431', '2022-11-08 16:13:38.287197', 8000, '194180', 3, 2, 4, 3, 0, 0, 0, 0, 0, 0, 0, NULL, NULL, NULL, NULL, NULL),
(24, '2022-11-15 22:01:52.831229', '2022-11-15 22:03:00.690958', '2022-11-15 22:03:20.217372', 6300, '830708', 2, 2, 4, 3, 1, 0, 0, 0, 0, 0, 0, NULL, NULL, NULL, NULL, NULL),
(25, '2022-11-15 22:04:58.191718', '2022-11-15 22:07:24.726189', '2022-11-15 22:07:44.136721', 9500, '752906', 4, 2, 4, 3, 1, 0, 0, 0, 0, 0, 0, NULL, NULL, NULL, NULL, NULL),
(26, '2022-11-15 22:25:08.626735', '2022-11-15 22:28:04.539166', '2022-11-15 22:41:05.823303', 8500, '157052', 6, 2, 4, 3, 1, 0, 0, 0, 0, 0, 0, NULL, NULL, NULL, NULL, NULL),
(27, '2022-11-15 22:42:55.133047', '2022-11-15 22:43:57.588888', '2022-11-18 05:04:48.030934', 11500, '959648', 1, 2, 4, 3, 0, 0, 0, 0, 0, 0, 0, NULL, NULL, NULL, NULL, NULL),
(28, '2022-11-17 20:43:50.538941', '2022-11-17 20:44:22.055874', '2022-11-17 23:11:34.888147', 5800, '221353', 6, 2, 4, 3, 0, 0, 0, 0, 0, 0, 0, NULL, NULL, NULL, NULL, NULL),
(29, '2022-11-18 16:27:34.942702', '2022-11-18 16:28:04.663215', '2022-11-18 20:29:40.733113', 5500, '494667', 2, 2, 4, 3, 1, 0, 0, 0, 0, 0, 0, NULL, NULL, NULL, NULL, NULL),
(30, '2022-11-20 01:29:38.300139', '2022-11-20 01:29:54.942162', '2022-11-20 01:30:14.205448', 5000, '655558', 8, 2, 4, 3, 0, 0, 0, 0, 0, 0, 0, NULL, NULL, NULL, NULL, NULL),
(31, '2022-11-21 01:30:31.553439', '2022-11-21 01:30:51.653378', '2022-11-21 01:31:41.270352', 5800, '541983', 1, 2, 4, 3, 0, 0, 0, 0, 0, 0, 0, NULL, NULL, NULL, NULL, NULL),
(32, '2022-11-21 03:31:10.981606', '2022-11-21 03:31:33.706511', '2022-11-21 03:37:16.832290', 0, '078891', 4, 2, 4, 3, 0, 0, 0, 0, 0, 0, 0, NULL, NULL, NULL, NULL, NULL),
(33, '2022-11-21 03:56:11.019182', NULL, NULL, NULL, '883686', 6, 1, NULL, 3, 0, 0, 0, 0, 0, 0, 0, NULL, NULL, NULL, NULL, NULL),
(34, '2022-11-23 18:23:55.524498', '2022-11-23 18:24:19.439156', '2022-11-23 18:24:26.422627', 7800, '680183', 3, 2, 4, 3, 1, 0, 0, 0, 0, 0, 0, NULL, NULL, NULL, NULL, NULL),
(35, '2022-11-24 01:42:27.428063', '2022-11-24 01:49:11.330545', '2022-11-24 01:50:05.822835', 9200, '109365', 6, 2, 4, 3, 1, 0, 0, 0, 0, 0, 0, NULL, NULL, NULL, NULL, NULL),
(36, '2022-11-24 03:13:49.730852', '2022-11-24 03:13:58.349582', '2022-11-24 03:15:01.300581', 7300, '464153', 1, 2, 4, 3, 1, 0, 0, 0, 0, 0, 0, NULL, NULL, NULL, NULL, NULL),
(37, '2022-11-26 03:13:19.190601', '2022-11-26 03:13:31.897811', '2022-11-26 03:13:40.774978', 9400, '330493', 8, 2, 4, 3, 1, 0, 0, 0, 0, 0, 0, NULL, NULL, NULL, NULL, NULL),
(38, '2022-11-30 22:24:00.192170', '2022-11-30 22:25:51.888877', '2022-11-30 22:26:12.328168', 6100, '500234', 8, 3, 4, 3, 0, -396, -6.5, 305, 5, 0, 0, 6000, 1, 'SI', NULL, NULL),
(39, '2022-12-01 21:12:42.146975', NULL, NULL, NULL, '795192', 3, 1, NULL, 3, 0, 0, 0, 0, 0, 0, 0, NULL, NULL, NULL, NULL, NULL),
(40, '2022-12-01 21:13:06.314747', '2022-12-01 21:14:08.182495', '2022-12-01 21:25:35.753392', 8000, '832905', 3, 2, 4, 3, 1, -6, 0, 0, 0, 0, 0, NULL, NULL, NULL, NULL, NULL),
(41, '2022-12-06 02:36:05.337700', '2022-12-06 02:37:27.873411', '2022-12-06 00:38:17.801346', 5600, '052901', 2, 2, 4, 3, 0, -364, -6.5, 230, 5, -690, -15, 16900, 3, 'SI', NULL, NULL),
(42, '2022-12-07 11:20:45.222374', '2022-12-07 11:21:16.877307', NULL, NULL, '388954', 1, 2, NULL, 3, 0, 0, 0, 0, 0, 0, 0, NULL, 4, 'NO', NULL, NULL),
(43, '2022-12-07 11:23:03.342340', '2022-12-07 11:23:28.975401', '2022-12-07 11:23:42.173137', 5800, '798444', 5, 2, 4, 3, 0, -377, -6.5, 0, 0, 0, 0, NULL, 4, 'SI', NULL, NULL),
(44, '2022-12-28 20:25:22.430042', NULL, NULL, NULL, '157969', 4, 1, NULL, 3, 0, 0, 0, 0, 0, 0, 0, NULL, 3, '1', NULL, NULL),
(45, '2023-02-03 00:29:10.856246', '2023-02-03 00:32:00.468053', '2023-02-03 00:33:19.150374', 6800, '133222', 6, 3, 4, 3, 1, -442, -6.5, 340, 5, -1020, -15, 8500, NULL, NULL, NULL, NULL),
(46, '2023-02-03 00:33:36.129271', NULL, NULL, NULL, '122059', 4, 1, NULL, 3, 0, 0, 0, 0, 0, 0, 0, NULL, NULL, NULL, NULL, NULL),
(47, '2023-02-03 00:49:57.705245', NULL, NULL, NULL, '644852', 4, 1, NULL, 3, 0, 0, 0, 0, 0, 0, 0, NULL, NULL, NULL, NULL, NULL),
(48, '2023-02-08 04:57:52.122076', NULL, NULL, NULL, '608730', 6, 1, NULL, 3, 0, 0, 0, 0, 0, 0, 0, NULL, NULL, NULL, NULL, NULL),
(49, '2023-02-09 05:47:47.186327', NULL, NULL, NULL, '656655', 4, 1, NULL, 3, 0, 0, 0, 0, 0, 0, 0, NULL, 1, 'SI', NULL, NULL),
(50, '2023-02-14 16:08:05.555817', NULL, NULL, NULL, '617160', 4, 1, NULL, 3, 0, 0, 0, 0, 0, 0, 0, NULL, 1, 'SI', NULL, NULL),
(51, '2023-02-23 01:40:13.945520', NULL, NULL, NULL, '371475', 1, 1, NULL, 3, 0, 0, 0, 0, 0, 0, 0, NULL, NULL, NULL, NULL, NULL),
(52, '2023-02-24 17:59:16.972904', '2023-02-24 18:01:24.954931', '2023-02-24 18:01:52.721161', 15000, '575356', 1, 2, 4, 3, 0, -975, -6.5, 0, 0, 0, 0, NULL, NULL, NULL, NULL, NULL),
(53, '2023-02-27 14:29:35.046134', '2023-02-27 14:33:08.840831', '2023-02-27 14:34:12.821855', 20000, '072529', 1, 2, 4, 3, 0, -1300, -6.5, 0, 0, 0, 0, NULL, NULL, NULL, 1, NULL),
(54, '2023-02-27 16:50:27.420794', NULL, NULL, NULL, '760279', 1, 1, NULL, 3, 0, 0, 0, 0, 0, 0, 0, NULL, 4, 'SI', NULL, NULL),
(55, '2023-03-03 01:32:17.490696', NULL, NULL, NULL, '084902', 2, 1, NULL, 3, 0, 0, 0, 0, 0, 0, 0, NULL, NULL, NULL, NULL, NULL),
(56, '2023-03-04 06:20:06.826228', NULL, NULL, NULL, '918065', 10, 1, NULL, 3, 0, 0, 0, 0, 0, 0, 0, NULL, NULL, NULL, NULL, NULL),
(57, '2023-03-09 00:33:02.722774', NULL, NULL, NULL, '559022', 2, 1, NULL, 3, 0, 0, 0, 0, 0, 0, 0, NULL, NULL, NULL, NULL, NULL),
(58, '2023-03-11 21:04:21.508361', NULL, NULL, NULL, '627150', 1, 1, NULL, 3, 0, 0, 0, 0, 0, 0, 0, NULL, NULL, NULL, NULL, NULL),
(59, '2023-03-12 06:18:31.737489', NULL, NULL, NULL, '381274', 1, 1, NULL, 3, 0, 0, 0, 0, 0, 0, 0, NULL, NULL, NULL, NULL, NULL),
(60, '2023-03-12 09:53:36.266413', NULL, NULL, NULL, '698906', 4, 1, NULL, 3, 0, 0, 0, 0, 0, 0, 0, NULL, NULL, NULL, NULL, NULL),
(61, '2023-03-12 16:15:55.672901', NULL, NULL, NULL, '212821', 5, 1, NULL, 3, 0, 0, 0, 0, 0, 0, 0, NULL, NULL, NULL, NULL, NULL),
(62, '2023-03-19 04:29:43.044821', NULL, NULL, NULL, '937992', 4, 1, NULL, 3, 0, 0, 0, 0, 0, 0, 0, NULL, NULL, NULL, NULL, NULL),
(63, '2023-03-21 03:42:59.568580', NULL, NULL, NULL, '654825', 8, 1, NULL, 3, 0, 0, 0, 0, 0, 0, 0, NULL, NULL, NULL, NULL, NULL),
(64, '2023-04-05 02:17:24.430823', '2023-04-05 02:19:18.331777', '2023-04-05 02:20:57.888718', 7600, '726494', 11, 3, 4, 31, 1, -912, -12, 0, 0, -380, -5, 7200, NULL, NULL, 1, NULL),
(65, '2023-04-05 02:51:40.641911', NULL, NULL, NULL, '560746', 11, 1, NULL, 31, 0, 0, 0, 0, 0, 0, 0, NULL, NULL, NULL, NULL, NULL),
(66, '2023-04-05 21:28:16.341144', NULL, NULL, NULL, '141144', 12, 1, NULL, 32, 0, 0, 0, 0, 0, 0, 0, NULL, NULL, NULL, NULL, NULL),
(67, '2023-04-08 18:57:16.745175', NULL, NULL, NULL, '962679', 13, 1, NULL, 34, 0, 0, 0, 0, 0, 0, 0, NULL, NULL, NULL, NULL, NULL),
(68, '2023-04-10 21:57:44.984960', '2023-04-10 21:58:12.868648', NULL, NULL, '164513', 13, 2, NULL, 34, 0, 0, 0, 0, 0, 0, 0, NULL, NULL, NULL, NULL, NULL),
(69, '2023-04-10 23:51:23.990209', '2023-04-10 23:51:40.960695', NULL, NULL, '361450', 9, 2, NULL, 4, 0, 0, 0, 0, 0, 0, 0, NULL, NULL, NULL, NULL, NULL),
(70, '2023-04-11 00:23:46.235950', '2023-04-11 00:25:04.208341', NULL, NULL, '092159', 14, 2, NULL, 26, 0, 0, 0, 0, 0, 0, 0, NULL, NULL, NULL, NULL, NULL),
(71, '2023-04-11 01:50:41.110144', '2023-04-11 01:51:03.678434', '2023-04-11 01:53:53.864462', 25000, '341258', 4, 3, 4, 3, 0, -1625, -6.5, 0, 0, 0, 0, 23400, NULL, NULL, 2, 2),
(72, '2023-04-11 01:52:12.954947', NULL, NULL, NULL, '081788', 11, 1, NULL, 31, 0, 0, 0, 0, 0, 0, 0, NULL, NULL, NULL, NULL, NULL),
(73, '2023-04-11 01:54:17.543230', NULL, NULL, NULL, '956331', 11, 1, NULL, 31, 0, 0, 0, 0, 0, 0, 0, NULL, NULL, NULL, NULL, NULL),
(74, '2023-04-11 01:54:50.358444', NULL, NULL, NULL, '797918', 13, 1, NULL, 34, 0, 0, 0, 0, 0, 0, 0, NULL, NULL, NULL, NULL, NULL),
(75, '2023-04-11 02:17:53.565122', '2023-04-11 02:18:19.517031', '2023-04-11 02:32:24.937128', 10000, '943033', 3, 3, 4, 3, 1, -650, -6.5, 0, 0, -500, -5, 11400, 3, 'SI', 1, 2),
(76, '2023-04-11 04:16:31.209558', '2023-04-11 04:16:40.753926', '2023-04-11 04:29:50.709600', 15500, '454171', 4, 3, 4, 3, 1, -1007, -6.5, 0, 0, -775, -5, 37400, NULL, NULL, 2, 2),
(77, '2023-04-11 04:43:07.705293', '2023-04-11 04:43:23.373751', '2023-04-11 04:47:44.851508', 12800, '796306', 10, 3, 4, 3, 0, -832, -6.5, 0, 0, 0, 0, 12000, 2, 'SI', 1, 1),
(78, '2023-04-11 05:28:06.995412', '2023-04-11 05:28:17.552403', '2023-04-11 05:55:59.257674', NULL, '563029', 5, 2, NULL, 3, 0, 0, 0, 0, 0, 0, 0, NULL, NULL, NULL, NULL, 1),
(79, '2023-04-12 17:47:03.337871', '2023-04-12 17:47:25.972481', '2023-04-12 17:52:46.928197', NULL, '932699', 5, 2, NULL, 3, 0, 0, 0, 0, 0, 0, 0, NULL, NULL, NULL, NULL, 2),
(80, '2023-04-12 18:40:05.926996', '2023-04-12 18:40:18.661344', '2023-04-12 18:41:13.623340', 0, '464317', 5, 2, 4, 3, 0, 0, 0, 0, 0, 0, 0, NULL, NULL, NULL, NULL, 2),
(81, '2023-04-12 18:40:56.670494', '2023-04-12 18:42:07.374831', '2023-04-12 19:09:16.586355', 18500, '509743', 16, 3, 4, 3, 0, -1202, -6.5, 0, 0, -1850, -10, 27500, 3, 'SI', NULL, 2),
(82, '2023-04-12 18:49:08.664441', '2023-04-12 18:49:21.329540', '2023-04-12 18:50:00.670712', 0, '718441', 10, 2, 4, 3, 0, 0, 0, 0, 0, 0, 0, NULL, 4, 'SI', NULL, 2),
(83, '2023-04-12 20:58:05.190754', '2023-04-12 20:59:28.944773', '2023-04-12 20:59:51.622861', 0, '096319', 2, 4, 4, 3, 0, 0, 0, 0, 0, 0, 0, NULL, NULL, NULL, NULL, 2),
(84, '2023-04-12 23:15:50.517903', '2023-04-12 23:19:45.406445', '2023-04-12 23:48:24.191662', 0, '094506', 4, 4, 4, 3, 0, 0, 0, 0, 0, 0, 0, NULL, NULL, NULL, NULL, 2),
(85, '2023-04-14 05:05:32.518767', '2023-04-14 05:07:31.727504', '2023-04-14 05:40:47.637469', 14500, '688116', 17, 3, 4, 35, 1, -1740, -12, 0, 0, -725, -5, 24100, NULL, NULL, 1, 2),
(86, '2023-04-14 05:20:20.957401', NULL, NULL, NULL, '892051', 14, 1, NULL, 26, 0, 0, 0, 0, 0, 0, 0, NULL, NULL, NULL, NULL, NULL),
(87, '2023-04-14 05:20:54.736031', NULL, NULL, NULL, '520100', 17, 1, NULL, 35, 0, 0, 0, 0, 0, 0, 0, NULL, 4, 'SI', NULL, NULL),
(88, '2023-04-19 23:21:49.591404', '2023-04-19 23:43:53.168502', '2023-04-19 23:58:04.036253', 10000, '844096', 18, 3, 40, 38, 0, -700, -7, 0, 0, -1500, -15, 15500, 4, 'SI', 1, 4),
(89, '2023-04-20 00:00:24.840498', NULL, NULL, NULL, '512302', 18, 1, NULL, 38, 0, 0, 0, 0, 0, 0, 0, NULL, NULL, NULL, NULL, NULL),
(90, '2023-04-22 02:36:29.379097', NULL, NULL, NULL, '597705', 5, 1, NULL, 3, 0, 0, 0, 0, 0, 0, 0, NULL, NULL, NULL, NULL, NULL),
(91, '2023-04-24 16:48:10.967771', NULL, NULL, NULL, '277697', 18, 1, NULL, 38, 0, 0, 0, 0, 0, 0, 0, NULL, NULL, NULL, NULL, NULL),
(92, '2023-04-24 17:16:00.664825', NULL, NULL, NULL, '338623', 18, 1, NULL, 38, 0, 0, 0, 0, 0, 0, 0, NULL, NULL, NULL, NULL, NULL),
(93, '2023-04-24 17:18:21.381404', NULL, NULL, NULL, '490515', 19, 1, NULL, 38, 0, 0, 0, 0, 0, 0, 0, NULL, NULL, NULL, NULL, NULL),
(94, '2023-04-24 17:32:47.516881', '2023-04-24 17:33:14.723045', '2023-04-24 17:38:57.577414', 10000, '129338', 8, 3, 40, 3, 1, -650, -6.5, 0, -0, -1000, -10, 21800, NULL, NULL, 1, 4),
(95, '2023-04-25 14:26:52.069087', NULL, NULL, NULL, '247179', 21, 1, NULL, 44, 0, 0, 0, 0, 0, 0, 0, NULL, NULL, NULL, NULL, NULL),
(96, '2023-04-25 14:27:09.002076', NULL, NULL, NULL, '479414', 21, 1, NULL, 44, 0, 0, 0, 0, 0, 0, 0, NULL, NULL, NULL, NULL, NULL),
(97, '2023-04-25 14:27:12.836414', NULL, NULL, NULL, '518157', 21, 1, NULL, 44, 0, 0, 0, 0, 0, 0, 0, NULL, NULL, NULL, NULL, NULL),
(98, '2023-04-25 14:27:16.609376', NULL, NULL, NULL, '306977', 21, 1, NULL, 44, 0, 0, 0, 0, 0, 0, 0, NULL, NULL, NULL, NULL, NULL),
(99, '2023-04-25 14:33:16.645190', '2023-04-25 14:33:31.761669', NULL, NULL, '092676', 22, 2, NULL, 45, 0, 0, 0, 0, 0, 0, 0, NULL, NULL, NULL, NULL, 5),
(100, '2023-04-25 14:33:59.138218', NULL, NULL, NULL, '384129', 22, 1, NULL, 45, 0, 0, 0, 0, 0, 0, 0, NULL, NULL, NULL, NULL, NULL),
(101, '2023-04-25 14:35:03.094168', NULL, NULL, NULL, '442089', 22, 1, NULL, 45, 0, 0, 0, 0, 0, 0, 0, NULL, NULL, NULL, NULL, NULL),
(102, '2023-04-25 14:35:11.098535', '2023-04-25 14:35:17.658228', '2023-04-25 14:35:37.929989', 16000, '624226', 22, 3, 44, 45, 0, -1920, -12, 0, 0, 0, 0, 19300, NULL, NULL, 1, 5),
(103, '2023-04-25 14:35:21.746803', NULL, NULL, NULL, '821727', 22, 1, NULL, 45, 0, 0, 0, 0, 0, 0, 0, NULL, NULL, NULL, NULL, NULL),
(104, '2023-04-25 14:35:23.997915', NULL, NULL, NULL, '364112', 22, 1, NULL, 45, 0, 0, 0, 0, 0, 0, 0, NULL, NULL, NULL, NULL, NULL),
(105, '2023-04-25 14:35:25.354927', NULL, NULL, NULL, '674669', 22, 1, NULL, 45, 0, 0, 0, 0, 0, 0, 0, NULL, NULL, NULL, NULL, NULL),
(106, '2023-04-25 14:37:36.576464', '2023-04-25 14:37:47.850505', '2023-04-25 14:38:00.584960', 6000, '258660', 23, 2, 44, 45, 0, -720, -12, 0, 0, 0, 0, NULL, NULL, NULL, 1, 5),
(107, '2023-04-26 14:25:55.769771', NULL, NULL, NULL, '408289', 24, 1, NULL, 46, 0, 0, 0, 0, 0, 0, 0, NULL, NULL, NULL, NULL, NULL),
(108, '2023-04-26 14:40:08.839808', '2023-04-26 14:46:01.992574', NULL, NULL, '792479', 25, 2, NULL, 47, 0, 0, 0, 0, 0, 0, 0, NULL, NULL, NULL, NULL, 6),
(109, '2023-04-26 14:48:13.445922', '2023-04-26 14:48:29.241976', '2023-04-26 14:48:42.556172', 25900, '569093', 24, 3, 37, 46, 0, -1813, -7, 0, 0, 0, 0, 31800, NULL, NULL, 1, 6),
(110, '2023-04-26 14:49:55.584138', NULL, NULL, NULL, '852911', 24, 1, NULL, 46, 0, 0, 0, 0, 0, 0, 0, NULL, NULL, NULL, NULL, NULL),
(111, '2023-04-26 14:58:05.178281', '2023-04-26 15:00:49.378919', '2023-04-26 19:23:00.836656', 10000, '327208', 27, 3, 40, 38, 1, -700, -7, 0, 0, -1000, -10, 27600, NULL, NULL, 2, 4);

-- --------------------------------------------------------

--
-- Estructura de tabla para la tabla `services_servicecollection`
--

CREATE TABLE `services_servicecollection` (
  `id` int(11) NOT NULL,
  `quantity` int(11) NOT NULL,
  `collection_id` int(11) NOT NULL,
  `service_id` int(11) NOT NULL,
  `total_price` int(11) DEFAULT NULL
);

--
-- Volcado de datos para la tabla `services_servicecollection`
--

INSERT INTO `services_servicecollection` (`id`, `quantity`, `collection_id`, `service_id`, `total_price`) VALUES
(44, 1, 2, 22, NULL),
(47, 1, 2, 23, NULL),
(85, 4, 1, 5, NULL),
(86, 1, 4, 5, NULL),
(87, 3, 1, 24, NULL),
(88, 1, 2, 24, NULL),
(89, 1, 5, 24, NULL),
(90, 1, 3, 25, NULL),
(91, 1, 3, 26, NULL),
(93, 1, 5, 28, NULL),
(94, 1, 4, 29, NULL),
(95, 1, 5, 30, NULL),
(96, 1, 1, 31, NULL),
(97, 1, 3, 31, NULL),
(109, 1, 1, 34, NULL),
(110, 1, 2, 34, NULL),
(111, 1, 3, 34, NULL),
(112, 1, 4, 34, NULL),
(113, 1, 5, 34, NULL),
(114, 1, 1, 35, NULL),
(115, 1, 2, 35, NULL),
(116, 1, 3, 35, NULL),
(117, 1, 4, 35, NULL),
(118, 1, 5, 35, NULL),
(119, 15, 1, 36, NULL),
(120, 1, 2, 36, NULL),
(121, 1, 3, 36, NULL),
(122, 1, 4, 36, NULL),
(123, 1, 5, 36, NULL),
(124, 1, 1, 37, NULL),
(125, 1, 2, 37, NULL),
(126, 1, 3, 37, NULL),
(127, 1, 4, 37, NULL),
(128, 1, 5, 37, NULL),
(146, 1, 1, 40, NULL),
(147, 1, 2, 40, NULL),
(148, 1, 3, 40, NULL),
(149, 1, 4, 40, NULL),
(150, 1, 5, 40, NULL),
(174, 3, 1, 43, NULL),
(175, 1, 2, 43, NULL),
(176, 1, 3, 43, NULL),
(177, 1, 4, 43, NULL),
(178, 1, 5, 43, NULL),
(186, 1, 3, 45, 2200),
(187, 1, 5, 45, 600),
(188, 5, 1, 41, NULL),
(189, 1, 2, 41, NULL),
(190, 1, 3, 41, NULL),
(191, 1, 4, 41, NULL),
(192, 1, 5, 41, NULL),
(196, 1, 3, 52, NULL),
(197, 1, 5, 52, NULL),
(212, 3, 1, 53, NULL),
(213, 1, 4, 64, 900),
(214, 1, 3, 75, 2500),
(220, 5, 1, 76, 14500),
(221, 1, 2, 76, 5200),
(222, 1, 3, 76, 2500),
(223, 1, 4, 76, 900),
(224, 1, 5, 76, 600),
(230, 1, 1, 81, 2900),
(231, 1, 2, 81, 5200),
(232, 1, 3, 81, 2500),
(233, 1, 4, 81, 900),
(234, 1, 5, 81, 600),
(235, 1, 1, 85, 2900),
(236, 1, 2, 85, 5200),
(237, 1, 3, 85, 2500),
(238, 1, 4, 85, 900),
(239, 1, 5, 85, 600),
(240, 1, 2, 88, 5200),
(241, 1, 3, 88, 2500),
(242, 2, 1, 94, 5800),
(243, 1, 2, 94, 5200),
(244, 1, 3, 94, 2500),
(245, 1, 2, 102, 5200),
(246, 1, 2, 106, NULL),
(247, 1, 2, 109, 5200),
(248, 1, 3, 109, 2500),
(249, 4, 1, 111, 11600),
(250, 1, 2, 111, 5200),
(251, 1, 3, 111, 2500);

-- --------------------------------------------------------

--
-- Estructura de tabla para la tabla `services_typepqr`
--

CREATE TABLE `services_typepqr` (
  `id` int(11) NOT NULL,
  `name` varchar(100) DEFAULT NULL
);

--
-- Volcado de datos para la tabla `services_typepqr`
--

INSERT INTO `services_typepqr` (`id`, `name`) VALUES
(1, 'Petici칩n'),
(2, 'Queja'),
(3, 'Reclamo'),
(4, 'Mal servicio'),
(5, 'Darse de baja'),
(6, 'Plan referidos'),
(7, 'Bloquear tarjeta'),
(8, 'Control de calidad'),
(9, 'Olvide mis art칤culos'),
(10, 'Actualizar mis datos'),
(11, 'Reportar mal servicio'),
(12, 'Art칤culos encontrados'),
(13, 'Buz칩n de sugerencias '),
(14, 'Los datos no corresponden'),
(15, 'Otro');

-- --------------------------------------------------------

--
-- Estructura de tabla para la tabla `socialaccount_socialaccount`
--

CREATE TABLE `socialaccount_socialaccount` (
  `id` int(11) NOT NULL,
  `provider` varchar(30) NOT NULL,
  `uid` varchar(191) NOT NULL,
  `last_login` datetime(6) NOT NULL,
  `date_joined` datetime(6) NOT NULL,
  `extra_data` longtext NOT NULL,
  `user_id` int(11) NOT NULL
);

-- --------------------------------------------------------

--
-- Estructura de tabla para la tabla `socialaccount_socialapp`
--

CREATE TABLE `socialaccount_socialapp` (
  `id` int(11) NOT NULL,
  `provider` varchar(30) NOT NULL,
  `name` varchar(40) NOT NULL,
  `client_id` varchar(191) NOT NULL,
  `secret` varchar(191) NOT NULL,
  `key` varchar(191) NOT NULL
);

-- --------------------------------------------------------

--
-- Estructura de tabla para la tabla `socialaccount_socialapp_sites`
--

CREATE TABLE `socialaccount_socialapp_sites` (
  `id` int(11) NOT NULL,
  `socialapp_id` int(11) NOT NULL,
  `site_id` int(11) NOT NULL
);

-- --------------------------------------------------------

--
-- Estructura de tabla para la tabla `socialaccount_socialtoken`
--

CREATE TABLE `socialaccount_socialtoken` (
  `id` int(11) NOT NULL,
  `token` longtext NOT NULL,
  `token_secret` longtext NOT NULL,
  `expires_at` datetime(6) DEFAULT NULL,
  `account_id` int(11) NOT NULL,
  `app_id` int(11) NOT NULL
);

-- --------------------------------------------------------

--
-- Estructura de tabla para la tabla `states_invoicestate`
--

CREATE TABLE `states_invoicestate` (
  `id` int(11) NOT NULL,
  `name` varchar(50) DEFAULT NULL
);

--
-- Volcado de datos para la tabla `states_invoicestate`
--

INSERT INTO `states_invoicestate` (`id`, `name`) VALUES
(1, 'Precompra'),
(2, 'Aprobada'),
(3, 'Pendiente'),
(4, 'Declinada'),
(5, 'Anulada'),
(6, 'Error');

-- --------------------------------------------------------

--
-- Estructura de tabla para la tabla `states_state`
--

CREATE TABLE `states_state` (
  `id` int(11) NOT NULL,
  `name` varchar(50) DEFAULT NULL
);

--
-- Volcado de datos para la tabla `states_state`
--

INSERT INTO `states_state` (`id`, `name`) VALUES
(1, 'Activo'),
(2, 'Inactivo');

-- --------------------------------------------------------

--
-- Estructura de tabla para la tabla `states_stateservice`
--

CREATE TABLE `states_stateservice` (
  `id` int(11) NOT NULL,
  `name` varchar(50) DEFAULT NULL
);

--
-- Volcado de datos para la tabla `states_stateservice`
--

INSERT INTO `states_stateservice` (`id`, `name`) VALUES
(1, 'Creado'),
(2, 'Iniciado'),
(3, 'Finalizado'),
(4, 'Cancelado');

-- --------------------------------------------------------

--
-- Estructura de tabla para la tabla `states_state_pqr`
--

CREATE TABLE `states_state_pqr` (
  `id` int(11) NOT NULL,
  `name` varchar(50) DEFAULT NULL
);

--
-- Volcado de datos para la tabla `states_state_pqr`
--

INSERT INTO `states_state_pqr` (`id`, `name`) VALUES
(1, 'Recepcionado'),
(2, 'Encaminado'),
(3, 'Solucionado'),
(4, 'Cerrado');

-- --------------------------------------------------------

--
-- Estructura de tabla para la tabla `taxes_agreement`
--

CREATE TABLE `taxes_agreement` (
  `id` int(11) NOT NULL,
  `name` varchar(50) DEFAULT NULL,
  `description` longtext
);

-- --------------------------------------------------------

--
-- Estructura de tabla para la tabla `taxes_collection`
--

CREATE TABLE `taxes_collection` (
  `id` int(11) NOT NULL,
  `name` varchar(100) DEFAULT NULL,
  `value` int(11) NOT NULL,
  `dynamic` tinyint(1) NOT NULL,
  `state_id` int(11) NOT NULL,
  `image` varchar(100) NOT NULL
);

--
-- Volcado de datos para la tabla `taxes_collection`
--

INSERT INTO `taxes_collection` (`id`, `name`, `value`, `dynamic`, `state_id`, `image`) VALUES
(1, 'Banderazo', 2900, 1, 1, '/media/collections/bandera.png'),
(2, 'Aeropuertos', 5200, 0, 1, '/media/collections/avion.png'),
(3, 'Noche / Dom / Fes', 2500, 0, 1, '/media/collections/luna.png'),
(4, 'Puerta a puerta', 900, 0, 2, '/media/collections/afectacion.png'),
(5, 'Terminal terrestre', 600, 0, 1, '/media/collections/bus.png');

-- --------------------------------------------------------

--
-- Estructura de tabla para la tabla `taxes_membership`
--

CREATE TABLE `taxes_membership` (
  `id` int(11) NOT NULL,
  `name` varchar(50) DEFAULT NULL,
  `description` longtext
);

-- --------------------------------------------------------

--
-- Estructura de tabla para la tabla `taxes_paymentmethod`
--

CREATE TABLE `taxes_paymentmethod` (
  `id` int(11) NOT NULL,
  `name` varchar(50) DEFAULT NULL
);

--
-- Volcado de datos para la tabla `taxes_paymentmethod`
--

INSERT INTO `taxes_paymentmethod` (`id`, `name`) VALUES
(1, 'Efectivo'),
(2, 'Transacci칩n ');

-- --------------------------------------------------------

--
-- Estructura de tabla para la tabla `taxes_rate`
--

CREATE TABLE `taxes_rate` (
  `id` int(11) NOT NULL,
  `value` int(11) NOT NULL,
  `discount_increase` double NOT NULL,
  `unit` int(11) DEFAULT NULL
);

--
-- Volcado de datos para la tabla `taxes_rate`
--

INSERT INTO `taxes_rate` (`id`, `value`, `discount_increase`, `unit`) VALUES
(1, 5200, 0, 28),
(2, 5200, 0, 29),
(3, 5200, 0, 30),
(4, 5200, 0, 31),
(5, 5200, 0, 32),
(6, 5200, 0, 33),
(7, 5200, 0, 34),
(8, 5200, 0, 35),
(9, 5200, 0, 36),
(10, 5200, 0, 37),
(11, 5200, 0, 38),
(12, 5200, 0, 39),
(13, 5200, 0, 40),
(14, 5200, 0, 41),
(15, 5200, 0, 42),
(16, 5200, 0, 43),
(17, 5200, 0, 44),
(18, 5200, 0, 45),
(19, 5200, 0, 46),
(20, 5200, 0, 47),
(21, 5200, 0, 48),
(22, 5200, 0, 49),
(23, 5200, 0, 50),
(24, 5300, 0, 51),
(25, 5400, 0, 52),
(26, 5500, 0, 53),
(27, 5600, 0, 54),
(28, 5700, 0, 55),
(29, 5800, 0, 56),
(30, 5900, 0, 57),
(31, 6000, 0, 58),
(32, 6100, 0, 59),
(33, 6200, 0, 60),
(34, 6300, 0, 61),
(35, 6400, 0, 62),
(36, 6600, 0, 63),
(37, 6700, 0, 64),
(38, 6800, 0, 65),
(39, 6900, 0, 66),
(40, 7000, 0, 67),
(41, 7100, 0, 68),
(42, 7200, 0, 69),
(43, 7300, 0, 70),
(44, 7400, 0, 71),
(45, 7500, 0, 72),
(46, 7600, 0, 73),
(47, 7700, 0, 74),
(48, 7800, 0, 75),
(49, 7900, 0, 76),
(50, 8000, 0, 77),
(51, 8100, 0, 78),
(52, 8200, 0, 79),
(53, 8300, 0, 80),
(54, 8400, 0, 81),
(55, 8500, 0, 82),
(56, 8600, 0, 83),
(57, 8700, 0, 84),
(58, 8800, 0, 85),
(59, 8900, 0, 86),
(60, 9000, 0, 87),
(61, 9200, 0, 88),
(62, 9300, 0, 89),
(63, 9400, 0, 90),
(64, 9500, 0, 91),
(65, 9600, 0, 92),
(66, 9700, 0, 93),
(67, 9800, 0, 94),
(68, 9900, 0, 95),
(69, 10000, 0, 96),
(70, 10100, 0, 97),
(71, 10200, 0, 98),
(72, 10300, 0, 99),
(73, 10400, 0, 100),
(74, 10500, 0, 101),
(75, 10600, 0, 102),
(76, 10700, 0, 103),
(77, 10800, 0, 104),
(78, 10900, 0, 105),
(79, 11000, 0, 106),
(80, 11100, 0, 107),
(81, 11200, 0, 108),
(82, 11300, 0, 109),
(83, 11400, 0, 110),
(84, 11500, 0, 111),
(85, 11600, 0, 112),
(86, 11800, 0, 113),
(87, 11900, 0, 114),
(88, 12000, 0, 115),
(89, 12100, 0, 116),
(90, 12200, 0, 117),
(91, 12300, 0, 118),
(92, 12400, 0, 119),
(93, 12500, 0, 120),
(94, 12600, 0, 121),
(95, 12700, 0, 122),
(96, 12800, 0, 123),
(97, 12900, 0, 124),
(98, 13000, 0, 125),
(99, 13100, 0, 126),
(100, 13200, 0, 127),
(101, 13300, 0, 128),
(102, 13400, 0, 129),
(103, 13500, 0, 130),
(104, 13600, 0, 131),
(105, 13700, 0, 132),
(106, 13800, 0, 133),
(107, 13900, 0, 134),
(108, 14000, 0, 135),
(109, 14100, 0, 136),
(110, 14200, 0, 137),
(111, 14400, 0, 138),
(112, 14500, 0, 139),
(113, 14600, 0, 140),
(114, 14700, 0, 141),
(115, 14800, 0, 142),
(116, 14900, 0, 143),
(117, 15000, 0, 144),
(118, 15100, 0, 145),
(119, 15200, 0, 146),
(120, 15300, 0, 147),
(121, 15400, 6, 148),
(122, 15500, 0, 149),
(123, 15600, 0, 150),
(124, 15700, 10, 151),
(125, 15800, 0, 152),
(126, 15900, 12, 153),
(127, 16000, 0, 154),
(128, 16100, 0, 155),
(129, 16200, 0, 156),
(130, 16300, 0, 157),
(131, 16400, 0, 158),
(132, 16500, 0, 159),
(133, 16600, 5, 160),
(134, 16700, 0, 161),
(135, 16800, 0, 162),
(136, 17000, 13, 163),
(137, 17100, 0, 164),
(138, 17200, 0, 165),
(139, 17300, 0, 166),
(140, 17400, 0, 167),
(141, 17500, 11, 168),
(142, 17600, 0, 169),
(143, 17700, 8, 170),
(144, 17800, 9, 171),
(145, 17900, 5, 172),
(146, 18000, 0, 173),
(147, 18100, 0, 174),
(148, 18200, 0, 175),
(149, 18300, 7, 176),
(150, 18400, 0, 177),
(151, 18500, 14, 178),
(152, 18600, 0, 179),
(153, 18700, 0, 180),
(154, 18800, 8, 181),
(155, 18900, 0, 182),
(156, 19000, 0, 183),
(157, 19100, 0, 184),
(158, 19200, 15, 185),
(159, 19300, 12, 186),
(160, 19400, 13, 187),
(161, 19600, 0, 188),
(162, 19700, 7, 189),
(163, 19800, 0, 190),
(164, 19900, 6, 191),
(165, 20000, 0, 192),
(166, 20100, 0, 193),
(167, 20200, 0, 194),
(168, 20300, 11, 195),
(169, 20400, 0, 196),
(170, 20500, 5, 197),
(171, 20600, 6, 198),
(172, 20700, 0, 199),
(173, 20800, 15, 200),
(174, 20900, 14, 201),
(175, 21000, 0, 202),
(176, 21100, 0, 203),
(177, 21200, 0, 204),
(178, 21300, 0, 205),
(179, 21400, 0, 206),
(180, 21500, 0, 207),
(181, 21600, 0, 208),
(182, 21700, 10, 209),
(183, 21800, 0, 210),
(184, 21900, 0, 211),
(185, 22000, 0, 212),
(186, 22200, 9, 213),
(187, 22300, 0, 214),
(188, 22400, 0, 215),
(189, 22500, 9, 216),
(190, 22600, 0, 217),
(191, 22700, 8, 218),
(192, 22800, 0, 219),
(193, 22900, 7, 220),
(194, 23000, 5, 221),
(195, 23100, 0, 222),
(196, 23200, 0, 223),
(197, 23300, 10, 224),
(198, 23400, 0, 225),
(199, 23500, 6, 226),
(200, 23600, 5, 227),
(201, 23700, 5, 228),
(202, 23800, 5, 229),
(203, 23900, 5, 230),
(204, 24000, 5, 231),
(205, 24100, 5, 232),
(206, 24200, 5, 233),
(207, 24300, 5, 234),
(208, 24400, 5, 235),
(209, 24500, 5, 236),
(210, 24600, 5, 237),
(211, 24800, 5, 238),
(212, 24900, 5, 239),
(213, 25000, 5, 240),
(214, 25100, 5, 241),
(215, 25200, 5, 242),
(216, 25300, 5, 243),
(217, 25400, 5, 244),
(218, 25500, 5, 245),
(219, 25600, 5, 246),
(220, 25700, 5, 247),
(221, 25800, 5, 248),
(222, 25900, 5, 249),
(223, 26000, 5, 250),
(224, 26100, 5, 251),
(225, 26200, 5, 252),
(226, 26300, 5, 253),
(227, 26400, 5, 254),
(228, 26500, 5, 255),
(229, 26600, 5, 256),
(230, 26700, 5, 257),
(231, 26800, 5, 258),
(232, 26900, 5, 259),
(233, 27000, 5, 260),
(234, 27100, 5, 261),
(235, 27200, 5, 262),
(236, 27400, 5, 263),
(237, 27500, 5, 264),
(238, 27600, 5, 265),
(239, 27700, 5, 266),
(240, 27800, 5, 267),
(241, 27900, 5, 268),
(242, 28000, 5, 269),
(243, 28100, 5, 270),
(244, 28200, 5, 271),
(245, 28300, 5, 272),
(246, 28400, 5, 273),
(247, 28500, 5, 274),
(248, 28600, 5, 275),
(249, 28700, 5, 276),
(250, 28800, 5, 277),
(251, 28900, 5, 278),
(252, 29000, 5, 279),
(253, 29100, 5, 280),
(254, 29200, 5, 281),
(255, 29300, 5, 282),
(256, 29400, 5, 283),
(257, 29500, 5, 284),
(258, 29600, 5, 285),
(259, 29700, 5, 286),
(260, 29800, 5, 287),
(261, 30000, 5, 288),
(262, 30100, 5, 289),
(263, 30200, 5, 290),
(264, 30300, 5, 291),
(265, 30400, 5, 292),
(266, 30500, 5, 293),
(267, 30600, 5, 294),
(268, 30700, 5, 295),
(269, 30800, 5, 296),
(270, 30900, 5, 297),
(271, 31000, 5, 298),
(272, 31100, 5, 299),
(273, 31200, 5, 300),
(274, 31300, 5, 301),
(275, 31400, 5, 302),
(276, 31500, 5, 303),
(277, 31600, 5, 304),
(278, 31700, 5, 305),
(279, 31800, 5, 306),
(280, 31900, 5, 307),
(281, 32000, 5, 308),
(282, 32100, 5, 309),
(283, 32200, 5, 310),
(284, 32300, 5, 311),
(285, 32400, 5, 312),
(286, 32600, 5, 313),
(287, 32700, 5, 314),
(288, 32800, 5, 315),
(289, 32900, 5, 316),
(290, 33000, 5, 317),
(291, 33100, 5, 318),
(292, 33200, 5, 319),
(293, 33300, 5, 320),
(294, 33400, 5, 321),
(295, 33500, 5, 322),
(296, 33600, 5, 323),
(297, 33700, 5, 324),
(298, 33800, 5, 325),
(299, 33900, 5, 326),
(300, 34000, 5, 327),
(301, 34100, 5, 328),
(302, 34200, 5, 329),
(303, 34300, 5, 330),
(304, 34400, 5, 331),
(305, 34500, 5, 332),
(306, 34600, 5, 333),
(307, 34700, 5, 334),
(308, 34800, 5, 335),
(309, 34900, 5, 336),
(310, 35000, 5, 337),
(311, 35200, 5, 338),
(312, 35300, 5, 339),
(313, 35400, 5, 340),
(314, 35500, 5, 341),
(315, 35600, 5, 342),
(316, 35700, 5, 343),
(317, 35800, 5, 344),
(318, 35900, 5, 345),
(319, 36000, 5, 346),
(320, 36100, 5, 347),
(321, 36200, 5, 348),
(322, 36300, 5, 349),
(323, 36400, 5, 350),
(324, 36500, 5, 351),
(325, 36600, 5, 352),
(326, 36700, 5, 353),
(327, 36800, 5, 354),
(328, 36900, 5, 355),
(329, 37000, 5, 356),
(330, 37100, 5, 357),
(331, 37200, 5, 358),
(332, 37300, 5, 359),
(333, 37400, 5, 360),
(334, 37500, 5, 361),
(335, 37600, 5, 362),
(336, 37800, 5, 363),
(337, 37900, 5, 364),
(338, 38000, 5, 365),
(339, 38100, 5, 366),
(340, 38200, 5, 367),
(341, 38300, 5, 368),
(342, 38400, 5, 369),
(343, 38500, 5, 370),
(344, 38600, 5, 371),
(345, 38700, 5, 372),
(346, 38800, 5, 373),
(347, 38900, 5, 374),
(348, 39000, 5, 375),
(349, 39100, 5, 376),
(350, 39200, 5, 377),
(351, 39300, 5, 378),
(352, 39400, 5, 379),
(353, 39500, 5, 380),
(354, 39600, 5, 381),
(355, 39700, 5, 382),
(356, 39800, 5, 383),
(357, 39900, 5, 384),
(358, 40000, 5, 385),
(359, 40100, 5, 386),
(360, 40200, 5, 387),
(361, 40400, 5, 388),
(362, 40500, 5, 389),
(363, 40600, 5, 390),
(364, 40700, 5, 391),
(365, 40800, 5, 392),
(366, 40900, 5, 393),
(367, 41000, 5, 394),
(368, 41100, 5, 395),
(369, 41200, 5, 396),
(370, 41300, 5, 397),
(371, 41400, 5, 398),
(372, 41500, 5, 399),
(373, 41600, 5, 400),
(374, 41700, 5, 401),
(375, 41800, 5, 402),
(376, 41900, 5, 403),
(377, 42000, 5, 404),
(378, 42100, 5, 405),
(379, 42200, 5, 406),
(380, 42300, 5, 407),
(381, 42400, 5, 408),
(382, 42500, 5, 409),
(383, 42600, 5, 410),
(384, 42700, 5, 411),
(385, 42800, 5, 412),
(386, 43000, 5, 413),
(387, 43100, 5, 414),
(388, 43200, 5, 415),
(389, 43300, 5, 416),
(390, 43400, 5, 417),
(391, 43500, 5, 418),
(392, 43600, 5, 419),
(393, 43700, 5, 420),
(394, 43800, 5, 421),
(395, 43900, 5, 422),
(396, 44000, 5, 423),
(397, 44100, 5, 424),
(398, 44200, 5, 425),
(399, 44300, 5, 426),
(400, 44400, 5, 427),
(401, 44500, 5, 428),
(402, 44600, 5, 429),
(403, 44700, 5, 430),
(404, 44800, 5, 431),
(405, 44900, 5, 432),
(406, 45000, 5, 433),
(407, 45100, 5, 434),
(408, 45200, 5, 435),
(409, 45300, 5, 436),
(410, 45400, 5, 437),
(411, 45600, 5, 438),
(412, 45700, 5, 439),
(413, 45800, 5, 440),
(414, 45900, 5, 441),
(415, 46000, 5, 442),
(416, 46100, 5, 443),
(417, 46200, 5, 444),
(418, 46300, 5, 445),
(419, 46400, 5, 446),
(420, 46500, 5, 447),
(421, 46600, 5, 448),
(422, 46700, 5, 449),
(423, 46800, 5, 450),
(424, 46900, 5, 451),
(425, 47000, 5, 452),
(426, 47100, 5, 453),
(427, 47200, 5, 454),
(428, 47300, 5, 455),
(429, 47400, 5, 456),
(430, 47500, 5, 457),
(431, 47600, 5, 458),
(432, 47700, 5, 459),
(433, 47800, 5, 460),
(434, 47900, 5, 461),
(435, 48000, 5, 462),
(436, 48200, 5, 463),
(437, 48300, 5, 464),
(438, 48400, 5, 465),
(439, 48500, 5, 466),
(440, 48600, 5, 467),
(441, 48700, 5, 468),
(442, 48800, 5, 469),
(443, 48900, 5, 470),
(444, 49000, 5, 471),
(445, 49100, 5, 472),
(446, 49200, 5, 473),
(447, 49300, 5, 474),
(448, 49400, 5, 475),
(449, 49500, 5, 476),
(450, 49600, 5, 477),
(451, 49700, 5, 478),
(452, 49800, 5, 479),
(453, 49900, 5, 480),
(454, 50000, 5, 481),
(455, 50100, 5, 482),
(456, 50200, 5, 483),
(457, 50300, 5, 484),
(458, 50400, 5, 485),
(459, 50500, 5, 486),
(460, 50600, 5, 487),
(461, 50800, 5, 488),
(462, 50900, 5, 489),
(463, 51000, 5, 490),
(464, 51100, 5, 491),
(465, 51200, 5, 492),
(466, 51300, 5, 493),
(467, 51400, 5, 494),
(468, 51500, 5, 495),
(469, 51600, 5, 496),
(470, 51700, 5, 497),
(471, 51800, 5, 498),
(472, 51900, 5, 499),
(473, 52000, 5, 500),
(474, 52100, 5, 501),
(475, 52200, 5, 502),
(476, 52300, 5, 503),
(477, 52400, 5, 504),
(478, 52500, 5, 505),
(479, 52600, 5, 506),
(480, 52700, 5, 507),
(481, 52800, 5, 508),
(482, 52900, 5, 509),
(483, 53000, 5, 510),
(484, 53100, 5, 511),
(485, 53200, 5, 512),
(486, 53400, 5, 513),
(487, 53500, 5, 514),
(488, 53600, 5, 515),
(489, 53700, 5, 516),
(490, 53800, 5, 517),
(491, 53900, 5, 518),
(492, 54000, 5, 519),
(493, 54100, 5, 520),
(494, 54200, 5, 521),
(495, 54300, 5, 522),
(496, 54400, 5, 523),
(497, 54500, 5, 524),
(498, 54600, 5, 525),
(499, 54700, 5, 526),
(500, 54800, 5, 527),
(501, 54900, 5, 528),
(502, 55000, 5, 529),
(503, 55100, 5, 530),
(504, 55200, 5, 531),
(505, 55300, 5, 532),
(506, 55400, 5, 533),
(507, 55500, 5, 534),
(508, 55600, 5, 535),
(509, 55700, 5, 536),
(510, 55800, 5, 537),
(511, 56000, 5, 538),
(512, 56100, 5, 539),
(513, 56200, 5, 540),
(514, 56300, 5, 541),
(515, 56400, 5, 542),
(516, 56500, 5, 543),
(517, 56600, 5, 544),
(518, 56700, 5, 545),
(519, 56800, 5, 546),
(520, 56900, 5, 547),
(521, 57000, 5, 548),
(522, 57100, 5, 549),
(523, 57200, 5, 550),
(524, 57300, 5, 551),
(525, 57400, 5, 552),
(526, 57500, 5, 553),
(527, 57600, 5, 554),
(528, 57700, 5, 555),
(529, 57800, 5, 556),
(530, 57900, 5, 557),
(531, 58000, 5, 558),
(532, 58100, 5, 559),
(533, 58200, 5, 560),
(534, 58300, 5, 561),
(535, 58400, 5, 562),
(536, 58600, 5, 563),
(537, 58700, 5, 564),
(538, 58800, 5, 565),
(539, 58900, 5, 566),
(540, 59000, 5, 567),
(541, 59100, 5, 568),
(542, 59200, 5, 569),
(543, 59300, 5, 570),
(544, 59400, 5, 571),
(545, 59500, 5, 572),
(546, 59600, 5, 573),
(547, 59700, 5, 574),
(548, 59800, 5, 575),
(549, 59900, 5, 576),
(550, 60000, 5, 577),
(551, 60100, 5, 578),
(552, 60200, 5, 579),
(553, 60300, 5, 580),
(554, 60400, 5, 581),
(555, 60500, 5, 582),
(556, 60600, 5, 583),
(557, 60700, 5, 584),
(558, 60800, 5, 585),
(559, 60900, 5, 586),
(560, 61000, 5, 587),
(561, 61200, 5, 588),
(562, 61300, 5, 589),
(563, 61400, 5, 590),
(564, 61500, 5, 591),
(565, 61600, 5, 592),
(566, 61700, 5, 593),
(567, 61800, 5, 594),
(568, 61900, 5, 595),
(569, 62000, 5, 596),
(570, 62100, 5, 597),
(571, 62200, 5, 598),
(572, 62300, 5, 599),
(573, 62400, 5, 600),
(574, 62500, 5, 601),
(575, 62600, 5, 602),
(576, 62700, 5, 603),
(577, 62800, 5, 604),
(578, 62900, 5, 605),
(579, 63000, 5, 606),
(580, 63100, 5, 607),
(581, 63200, 5, 608),
(582, 63300, 5, 609),
(583, 63400, 5, 610),
(584, 63500, 5, 611),
(585, 63600, 5, 612),
(586, 63800, 5, 613),
(587, 63900, 5, 614),
(588, 64000, 5, 615),
(589, 64100, 5, 616),
(590, 64200, 5, 617),
(591, 64300, 5, 618),
(592, 64400, 5, 619),
(593, 64500, 5, 620),
(594, 64600, 5, 621),
(595, 64700, 5, 622),
(596, 64800, 5, 623),
(597, 64900, 5, 624),
(598, 65000, 5, 625),
(599, 65100, 5, 626),
(600, 65200, 5, 627),
(601, 65300, 5, 628),
(602, 65400, 5, 629),
(603, 65500, 5, 630),
(604, 65600, 5, 631),
(605, 65700, 5, 632),
(606, 65800, 5, 633),
(607, 65900, 5, 634),
(608, 66000, 5, 635),
(609, 66100, 5, 636),
(610, 66200, 5, 637),
(611, 66400, 5, 638),
(612, 66500, 5, 639),
(613, 66600, 5, 640),
(614, 66700, 5, 641),
(615, 66800, 5, 642),
(616, 66900, 5, 643),
(617, 67000, 5, 644),
(618, 67100, 5, 645),
(619, 67200, 5, 646),
(620, 67300, 5, 647),
(621, 67400, 5, 648),
(622, 67500, 5, 649),
(623, 67600, 5, 650),
(624, 67700, 5, 651),
(625, 67800, 5, 652),
(626, 67900, 5, 653),
(627, 68000, 5, 654),
(628, 68100, 5, 655),
(629, 68200, 5, 656),
(630, 68300, 5, 657),
(631, 68400, 5, 658),
(632, 68500, 5, 659),
(633, 68600, 5, 660),
(634, 68700, 5, 661),
(635, 68800, 5, 662),
(636, 69000, 5, 663),
(637, 69100, 5, 664),
(638, 69200, 5, 665),
(639, 69300, 5, 666),
(640, 69400, 5, 667),
(641, 69500, 5, 668),
(642, 69600, 5, 669),
(643, 69700, 5, 670),
(644, 69800, 5, 671),
(645, 69900, 5, 672),
(646, 70000, 5, 673),
(647, 70100, 5, 674),
(648, 70200, 5, 675),
(649, 70300, 5, 676),
(650, 70400, 5, 677),
(651, 70500, 5, 678),
(652, 70600, 5, 679),
(653, 70700, 5, 680),
(654, 70800, 5, 681),
(655, 70900, 5, 682),
(656, 71000, 5, 683),
(657, 71100, 5, 684),
(658, 71200, 5, 685),
(659, 71300, 5, 686),
(660, 71400, 5, 687),
(661, 71600, 5, 688),
(662, 71700, 5, 689),
(663, 71800, 5, 690),
(664, 71900, 5, 691),
(665, 72000, 5, 692),
(666, 72100, 5, 693),
(667, 72200, 5, 694),
(668, 72300, 5, 695),
(669, 72400, 5, 696),
(670, 72500, 5, 697),
(671, 72600, 5, 698),
(672, 72700, 5, 699),
(673, 72800, 5, 700),
(674, 72900, 5, 701),
(675, 73000, 5, 702),
(676, 73100, 5, 703),
(677, 73200, 5, 704),
(678, 73300, 5, 705),
(679, 73400, 5, 706),
(680, 73500, 5, 707),
(681, 73600, 5, 708),
(682, 73700, 5, 709),
(683, 73800, 5, 710),
(684, 73900, 5, 711),
(685, 74000, 5, 712),
(686, 74200, 5, 713),
(687, 74300, 5, 714),
(688, 74400, 5, 715),
(689, 74500, 5, 716),
(690, 74600, 5, 717),
(691, 74700, 5, 718),
(692, 74800, 5, 719),
(693, 74900, 5, 720),
(694, 75000, 5, 721),
(695, 75100, 5, 722),
(696, 75200, 5, 723),
(697, 75300, 5, 724),
(698, 75400, 5, 725),
(699, 75500, 5, 726),
(700, 75600, 5, 727),
(701, 75700, 5, 728),
(702, 75800, 5, 729),
(703, 75900, 5, 730),
(704, 76000, 5, 731),
(705, 76100, 5, 732),
(706, 76200, 5, 733),
(707, 76300, 5, 734),
(708, 76400, 5, 735),
(709, 76500, 5, 736),
(710, 76600, 5, 737),
(711, 76800, 5, 738),
(712, 76900, 5, 739),
(713, 77000, 5, 740),
(714, 77100, 5, 741),
(715, 77200, 5, 742),
(716, 77300, 5, 743),
(717, 77400, 5, 744),
(718, 77500, 5, 745),
(719, 77600, 5, 746),
(720, 77700, 5, 747),
(721, 77800, 5, 748),
(722, 77900, 5, 749),
(723, 78000, 5, 750),
(724, 78100, 5, 751),
(725, 78200, 5, 752),
(726, 78300, 5, 753),
(727, 78400, 5, 754),
(728, 78500, 5, 755),
(729, 78600, 5, 756),
(730, 78700, 5, 757),
(731, 78800, 5, 758),
(732, 78900, 5, 759),
(733, 79000, 5, 760),
(734, 79100, 5, 761),
(735, 79200, 5, 762),
(736, 79400, 5, 763),
(737, 79500, 5, 764),
(738, 79600, 5, 765),
(739, 79700, 5, 766),
(740, 79800, 5, 767),
(741, 79900, 5, 768),
(742, 80000, 5, 769),
(743, 80100, 5, 770),
(744, 80200, 5, 771),
(745, 80300, 5, 772),
(746, 80400, 5, 773),
(747, 80500, 5, 774),
(748, 80600, 5, 775),
(749, 80700, 5, 776),
(750, 80800, 5, 777),
(751, 80900, 5, 778),
(752, 81000, 5, 779),
(753, 81100, 5, 780),
(754, 81200, 5, 781),
(755, 81300, 5, 782),
(756, 81400, 5, 783),
(757, 81500, 5, 784),
(758, 81600, 5, 785),
(759, 81700, 5, 786),
(760, 81800, 5, 787),
(761, 82000, 5, 788),
(762, 82100, 5, 789),
(763, 82200, 5, 790),
(764, 82300, 5, 791),
(765, 82400, 5, 792),
(766, 82500, 5, 793),
(767, 82600, 5, 794),
(768, 82700, 5, 795),
(769, 82800, 5, 796),
(770, 82900, 5, 797),
(771, 83000, 5, 798),
(772, 83100, 5, 799),
(773, 83200, 5, 800),
(774, 83300, 5, 801),
(775, 83400, 5, 802),
(776, 83500, 5, 803),
(777, 83600, 5, 804),
(778, 83700, 5, 805),
(779, 83800, 5, 806),
(780, 83900, 5, 807),
(781, 84000, 5, 808),
(782, 84100, 5, 809),
(783, 84200, 5, 810),
(784, 84300, 5, 811),
(785, 84400, 5, 812),
(786, 84600, 5, 813),
(787, 84700, 5, 814),
(788, 84800, 5, 815),
(789, 84900, 5, 816),
(790, 85000, 5, 817),
(791, 85100, 5, 818),
(792, 85200, 5, 819),
(793, 85300, 5, 820),
(794, 85400, 5, 821),
(795, 85500, 5, 822),
(796, 85600, 5, 823),
(797, 85700, 5, 824),
(798, 85800, 5, 825),
(799, 85900, 5, 826),
(800, 86000, 5, 827),
(801, 86100, 5, 828),
(802, 86200, 5, 829),
(803, 86300, 5, 830),
(804, 86400, 5, 831),
(805, 86500, 5, 832),
(806, 86600, 5, 833),
(807, 86700, 5, 834),
(808, 86800, 5, 835),
(809, 86900, 5, 836),
(810, 87000, 5, 837),
(811, 87200, 5, 838),
(812, 87300, 5, 839),
(813, 87400, 5, 840),
(814, 87500, 5, 841),
(815, 87600, 5, 842),
(816, 87700, 5, 843),
(817, 87800, 5, 844),
(818, 87900, 5, 845),
(819, 88000, 5, 846),
(820, 88100, 5, 847),
(821, 88200, 5, 848),
(822, 88300, 5, 849),
(823, 88400, 5, 850),
(824, 88500, 5, 851),
(825, 88600, 5, 852),
(826, 88700, 5, 853),
(827, 88800, 5, 854),
(828, 88900, 5, 855),
(829, 89000, 5, 856),
(830, 89100, 5, 857),
(831, 89200, 5, 858),
(832, 89300, 5, 859),
(833, 89400, 5, 860),
(834, 89500, 5, 861),
(835, 89600, 5, 862),
(836, 89800, 5, 863),
(837, 89900, 5, 864),
(838, 90000, 5, 865),
(839, 90100, 5, 866),
(840, 90200, 5, 867),
(841, 90300, 5, 868),
(842, 90400, 5, 869),
(843, 90500, 5, 870),
(844, 90600, 5, 871),
(845, 90700, 5, 872),
(846, 90800, 5, 873),
(847, 90900, 5, 874),
(848, 91000, 5, 875),
(849, 91100, 5, 876),
(850, 91200, 5, 877),
(851, 91300, 5, 878),
(852, 91400, 5, 879),
(853, 91500, 5, 880),
(854, 91600, 5, 881),
(855, 91700, 5, 882),
(856, 91800, 5, 883),
(857, 91900, 5, 884),
(858, 92000, 5, 885),
(859, 92100, 5, 886),
(860, 92200, 5, 887),
(861, 92400, 5, 888),
(862, 92500, 5, 889),
(863, 92600, 5, 890),
(864, 92700, 5, 891),
(865, 92800, 5, 892),
(866, 92900, 5, 893),
(867, 93000, 5, 894),
(868, 93100, 5, 895),
(869, 93200, 5, 896),
(870, 93300, 5, 897),
(871, 93400, 5, 898),
(872, 93500, 5, 899),
(873, 93600, 5, 900),
(874, 93700, 5, 901),
(875, 93800, 5, 902),
(876, 93900, 5, 903),
(877, 94000, 5, 904),
(878, 94100, 5, 905),
(879, 94200, 5, 906),
(880, 94300, 5, 907),
(881, 94400, 5, 908),
(882, 94500, 5, 909),
(883, 94600, 5, 910),
(884, 94700, 5, 911),
(885, 94800, 5, 912),
(886, 95000, 5, 913),
(887, 95100, 5, 914),
(888, 95200, 5, 915),
(889, 95300, 5, 916),
(890, 95400, 5, 917),
(891, 95500, 5, 918),
(892, 95600, 5, 919),
(893, 95700, 5, 920),
(894, 95800, 5, 921),
(895, 95900, 5, 922),
(896, 96000, 5, 923),
(897, 96100, 5, 924),
(898, 96200, 5, 925),
(899, 96300, 5, 926),
(900, 96400, 5, 927),
(901, 96500, 5, 928),
(902, 96600, 5, 929),
(903, 96700, 5, 930),
(904, 96800, 5, 931),
(905, 96900, 5, 932),
(906, 97000, 5, 933),
(907, 97100, 5, 934),
(908, 97200, 5, 935),
(909, 97300, 5, 936),
(910, 97400, 5, 937),
(911, 97600, 5, 938),
(912, 97700, 5, 939),
(913, 97800, 5, 940),
(914, 97900, 5, 941),
(915, 98000, 5, 942),
(916, 98100, 5, 943),
(917, 98200, 5, 944),
(918, 98300, 5, 945),
(919, 98400, 5, 946),
(920, 98500, 5, 947),
(921, 98600, 5, 948),
(922, 98700, 5, 949),
(923, 98800, 5, 950),
(924, 98900, 5, 951),
(925, 99000, 5, 952),
(926, 99100, 5, 953),
(927, 99200, 5, 954),
(928, 99300, 5, 955),
(929, 99400, 5, 956),
(930, 99500, 5, 957),
(931, 99600, 5, 958),
(932, 99700, 5, 959),
(933, 99800, 5, 960),
(934, 99900, 5, 961),
(935, 100000, 5, 962),
(936, 100200, 5, 963),
(937, 100300, 5, 964),
(938, 100400, 5, 965),
(939, 100500, 5, 966),
(940, 100600, 5, 967),
(941, 100700, 5, 968),
(942, 100800, 5, 969),
(943, 100900, 5, 970),
(944, 101000, 5, 971),
(945, 101100, 5, 972),
(946, 101200, 5, 973),
(947, 101300, 5, 974),
(948, 101400, 5, 975),
(949, 101500, 5, 976),
(950, 101600, 5, 977),
(951, 101700, 5, 978),
(952, 101800, 5, 979),
(953, 101900, 5, 980),
(954, 102000, 5, 981),
(955, 102100, 5, 982),
(956, 102200, 5, 983),
(957, 102300, 5, 984),
(958, 102400, 5, 985),
(959, 102500, 5, 986),
(960, 102600, 5, 987),
(961, 102800, 5, 988),
(962, 102900, 5, 989),
(963, 103000, 5, 990),
(964, 103100, 5, 991),
(965, 103200, 5, 992),
(966, 103300, 5, 993),
(967, 103400, 5, 994),
(968, 103500, 5, 995),
(969, 103600, 5, 996),
(970, 103700, 5, 997),
(971, 103800, 5, 998),
(972, 103900, 5, 999),
(973, 104000, 5, 1000),
(974, 104100, 5, 1001),
(975, 104200, 5, 1002),
(976, 104300, 5, 1003),
(977, 104400, 5, 1004),
(978, 104500, 5, 1005),
(979, 104600, 5, 1006),
(980, 104700, 5, 1007),
(981, 104800, 5, 1008),
(982, 104900, 5, 1009),
(983, 105000, 5, 1010),
(984, 105100, 5, 1011),
(985, 105200, 5, 1012),
(986, 105400, 5, 1013),
(987, 105500, 5, 1014),
(988, 105600, 5, 1015),
(989, 105700, 5, 1016),
(990, 105800, 5, 1017),
(991, 105900, 5, 1018),
(992, 106000, 5, 1019),
(993, 106100, 5, 1020),
(994, 106200, 5, 1021),
(995, 106300, 5, 1022),
(996, 106400, 5, 1023),
(997, 106500, 5, 1024),
(998, 106600, 5, 1025),
(999, 106700, 5, 1026),
(1000, 106800, 5, 1027),
(1001, 106900, 5, 1028),
(1002, 107000, 5, 1029),
(1003, 107100, 5, 1030),
(1004, 107200, 5, 1031),
(1005, 107300, 5, 1032),
(1006, 107400, 5, 1033),
(1007, 107500, 5, 1034),
(1008, 107600, 5, 1035),
(1009, 107700, 5, 1036),
(1010, 107800, 5, 1037),
(1011, 108000, 5, 1038),
(1012, 108100, 5, 1039),
(1013, 108200, 5, 1040),
(1014, 108300, 5, 1041),
(1015, 108400, 5, 1042),
(1016, 108500, 5, 1043),
(1017, 108600, 5, 1044),
(1018, 108700, 5, 1045),
(1019, 108800, 5, 1046),
(1020, 108900, 5, 1047),
(1021, 109000, 5, 1048),
(1022, 109100, 5, 1049),
(1023, 109200, 5, 1050),
(1024, 109300, 5, 1051),
(1025, 109400, 5, 1052),
(1026, 109500, 5, 1053),
(1027, 109600, 5, 1054),
(1028, 109700, 5, 1055),
(1029, 109800, 5, 1056),
(1030, 109900, 5, 1057),
(1031, 110000, 5, 1058),
(1032, 110100, 5, 1059),
(1033, 110200, 5, 1060),
(1034, 110300, 5, 1061),
(1035, 110400, 5, 1062),
(1036, 110600, 5, 1063),
(1037, 110700, 5, 1064),
(1038, 110800, 5, 1065),
(1039, 110900, 5, 1066),
(1040, 111000, 5, 1067),
(1041, 111100, 5, 1068),
(1042, 111200, 5, 1069),
(1043, 111300, 5, 1070),
(1044, 111400, 5, 1071),
(1045, 111500, 5, 1072),
(1046, 111600, 5, 1073),
(1047, 111700, 5, 1074),
(1048, 111800, 5, 1075),
(1049, 111900, 5, 1076),
(1050, 112000, 5, 1077),
(1051, 112100, 5, 1078),
(1052, 112200, 5, 1079),
(1053, 112300, 5, 1080),
(1054, 112400, 5, 1081),
(1055, 112500, 5, 1082),
(1056, 112600, 5, 1083),
(1057, 112700, 5, 1084),
(1058, 112800, 5, 1085),
(1059, 112900, 5, 1086),
(1060, 113000, 5, 1087),
(1061, 113200, 5, 1088),
(1062, 113300, 5, 1089),
(1063, 113400, 5, 1090),
(1064, 113500, 5, 1091),
(1065, 113600, 5, 1092),
(1066, 113700, 5, 1093),
(1067, 113800, 5, 1094),
(1068, 113900, 5, 1095),
(1069, 114000, 5, 1096),
(1070, 114100, 5, 1097),
(1071, 114200, 5, 1098),
(1072, 114300, 5, 1099),
(1073, 114400, 5, 1100),
(1074, 114500, 5, 1101),
(1075, 114600, 5, 1102),
(1076, 114700, 5, 1103),
(1077, 114800, 5, 1104),
(1078, 114900, 5, 1105),
(1079, 115000, 5, 1106),
(1080, 115100, 5, 1107),
(1081, 115200, 5, 1108),
(1082, 115300, 5, 1109),
(1083, 115400, 5, 1110),
(1084, 115500, 5, 1111),
(1085, 115600, 5, 1112),
(1086, 115800, 5, 1113),
(1087, 115900, 5, 1114),
(1088, 116000, 5, 1115),
(1089, 116100, 5, 1116),
(1090, 116200, 5, 1117),
(1091, 116300, 5, 1118),
(1092, 116400, 5, 1119),
(1093, 116500, 5, 1120),
(1094, 116600, 5, 1121),
(1095, 116700, 5, 1122),
(1096, 116800, 5, 1123),
(1097, 116900, 5, 1124),
(1098, 117000, 5, 1125),
(1099, 117100, 5, 1126),
(1100, 117200, 5, 1127),
(1101, 117300, 5, 1128),
(1102, 117400, 5, 1129),
(1103, 117500, 5, 1130),
(1104, 117600, 5, 1131),
(1105, 117700, 5, 1132),
(1106, 117800, 5, 1133),
(1107, 117900, 5, 1134),
(1108, 118000, 5, 1135),
(1109, 118100, 5, 1136),
(1110, 118200, 5, 1137),
(1111, 118400, 5, 1138),
(1112, 118500, 5, 1139),
(1113, 118600, 5, 1140),
(1114, 118700, 5, 1141),
(1115, 118800, 5, 1142),
(1116, 118900, 5, 1143),
(1117, 119000, 5, 1144),
(1118, 119100, 5, 1145),
(1119, 119200, 5, 1146),
(1120, 119300, 5, 1147),
(1121, 119400, 5, 1148),
(1122, 119500, 5, 1149),
(1123, 119600, 5, 1150),
(1124, 119700, 5, 1151),
(1125, 119800, 5, 1152),
(1126, 119900, 5, 1153),
(1127, 120000, 5, 1154),
(1128, 120100, 5, 1155),
(1129, 120200, 5, 1156),
(1130, 120300, 5, 1157),
(1131, 120400, 5, 1158),
(1132, 120500, 5, 1159),
(1133, 120600, 5, 1160),
(1134, 120700, 5, 1161),
(1135, 120800, 5, 1162),
(1136, 121000, 5, 1163),
(1137, 121100, 5, 1164),
(1138, 121200, 5, 1165),
(1139, 121300, 5, 1166),
(1140, 121400, 5, 1167),
(1141, 121500, 5, 1168),
(1142, 121600, 5, 1169),
(1143, 121700, 5, 1170),
(1144, 121800, 5, 1171),
(1145, 121900, 5, 1172),
(1146, 122000, 5, 1173),
(1147, 122100, 5, 1174),
(1148, 122200, 5, 1175),
(1149, 122300, 5, 1176),
(1150, 122400, 5, 1177),
(1151, 122500, 5, 1178),
(1152, 122600, 5, 1179),
(1153, 122700, 5, 1180),
(1154, 122800, 5, 1181),
(1155, 122900, 5, 1182),
(1156, 123000, 5, 1183),
(1157, 123100, 5, 1184),
(1158, 123200, 5, 1185),
(1159, 123300, 5, 1186),
(1160, 123400, 5, 1187),
(1161, 123600, 5, 1188),
(1162, 123700, 5, 1189),
(1163, 123800, 5, 1190),
(1164, 123900, 5, 1191),
(1165, 124000, 5, 1192),
(1166, 124100, 5, 1193),
(1167, 124200, 5, 1194),
(1168, 124300, 5, 1195),
(1169, 124400, 5, 1196),
(1170, 124500, 5, 1197),
(1171, 124600, 5, 1198),
(1172, 124700, 5, 1199),
(1173, 124800, 5, 1200),
(1174, 124900, 5, 1201),
(1175, 125000, 5, 1202),
(1176, 125100, 5, 1203),
(1177, 125200, 5, 1204),
(1178, 125300, 5, 1205),
(1179, 125400, 5, 1206),
(1180, 125500, 5, 1207),
(1181, 125600, 5, 1208),
(1182, 125700, 5, 1209),
(1183, 125800, 5, 1210),
(1184, 125900, 5, 1211),
(1185, 126000, 5, 1212),
(1186, 126200, 5, 1213),
(1187, 126300, 5, 1214),
(1188, 126400, 5, 1215),
(1189, 126500, 5, 1216),
(1190, 126600, 5, 1217),
(1191, 126700, 5, 1218),
(1192, 126800, 5, 1219),
(1193, 126900, 5, 1220),
(1194, 127000, 5, 1221),
(1195, 127100, 5, 1222),
(1196, 127200, 5, 1223),
(1197, 127300, 5, 1224),
(1198, 127400, 5, 1225),
(1199, 127500, 5, 1226),
(1200, 127600, 5, 1227),
(1201, 127700, 5, 1228),
(1202, 127800, 5, 1229),
(1203, 127900, 5, 1230),
(1204, 128000, 5, 1231),
(1205, 128100, 5, 1232),
(1206, 128200, 5, 1233),
(1207, 128300, 5, 1234),
(1208, 128400, 5, 1235),
(1209, 128500, 5, 1236),
(1210, 128600, 5, 1237),
(1211, 128800, 5, 1238),
(1212, 128900, 5, 1239),
(1213, 129000, 5, 1240),
(1214, 129100, 5, 1241),
(1215, 129200, 5, 1242),
(1216, 129300, 5, 1243),
(1217, 129400, 5, 1244),
(1218, 129500, 5, 1245),
(1219, 129600, 5, 1246),
(1220, 129700, 5, 1247),
(1221, 129800, 5, 1248),
(1222, 129900, 5, 1249),
(1223, 130000, 5, 1250),
(1224, 130100, 5, 1251),
(1225, 130200, 5, 1252),
(1226, 130300, 5, 1253),
(1227, 130400, 5, 1254),
(1228, 130500, 5, 1255),
(1229, 130600, 5, 1256),
(1230, 130700, 5, 1257),
(1231, 130800, 5, 1258),
(1232, 130900, 5, 1259),
(1233, 131000, 5, 1260),
(1234, 131100, 5, 1261),
(1235, 131200, 5, 1262),
(1236, 131400, 5, 1263),
(1237, 131500, 5, 1264),
(1238, 131600, 5, 1265),
(1239, 131700, 5, 1266),
(1240, 131800, 5, 1267),
(1241, 131900, 5, 1268),
(1242, 132000, 5, 1269),
(1243, 132100, 5, 1270),
(1244, 132200, 5, 1271),
(1245, 132300, 5, 1272),
(1246, 132400, 5, 1273),
(1247, 132500, 5, 1274),
(1248, 132600, 5, 1275),
(1249, 132700, 5, 1276),
(1250, 132800, 5, 1277),
(1251, 132900, 5, 1278),
(1252, 133000, 5, 1279),
(1253, 133100, 5, 1280),
(1254, 133200, 5, 1281),
(1255, 133300, 5, 1282),
(1256, 133400, 5, 1283),
(1257, 133500, 5, 1284),
(1258, 133600, 5, 1285),
(1259, 133700, 5, 1286),
(1260, 133800, 5, 1287),
(1261, 134000, 5, 1288),
(1262, 134100, 5, 1289),
(1263, 134200, 5, 1290),
(1264, 134300, 5, 1291),
(1265, 134400, 5, 1292),
(1266, 134500, 5, 1293),
(1267, 134600, 5, 1294),
(1268, 134700, 5, 1295),
(1269, 134800, 5, 1296),
(1270, 134900, 5, 1297),
(1271, 135000, 5, 1298),
(1272, 135100, 5, 1299),
(1273, 135200, 5, 1300),
(1274, 135300, 5, 1301),
(1275, 135400, 5, 1302),
(1276, 135500, 5, 1303),
(1277, 135600, 5, 1304),
(1278, 135700, 5, 1305),
(1279, 135800, 5, 1306),
(1280, 135900, 5, 1307),
(1281, 136000, 5, 1308),
(1282, 136100, 5, 1309),
(1283, 136200, 5, 1310),
(1284, 136300, 5, 1311),
(1285, 136400, 5, 1312),
(1286, 136600, 5, 1313),
(1287, 136700, 5, 1314),
(1288, 136800, 5, 1315),
(1289, 136900, 5, 1316),
(1290, 137000, 5, 1317),
(1291, 137100, 5, 1318),
(1292, 137200, 5, 1319),
(1293, 137300, 5, 1320),
(1294, 137400, 5, 1321),
(1295, 137500, 5, 1322),
(1296, 137600, 5, 1323),
(1297, 137700, 5, 1324),
(1298, 137800, 5, 1325),
(1299, 137900, 5, 1326),
(1300, 138000, 5, 1327),
(1301, 138100, 5, 1328),
(1302, 138200, 5, 1329),
(1303, 138300, 5, 1330),
(1304, 138400, 5, 1331),
(1305, 138500, 5, 1332),
(1306, 138600, 5, 1333),
(1307, 138700, 5, 1334),
(1308, 138800, 5, 1335),
(1309, 138900, 5, 1336),
(1310, 139000, 5, 1337),
(1311, 139200, 5, 1338),
(1312, 139300, 5, 1339),
(1313, 139400, 5, 1340),
(1314, 139500, 5, 1341),
(1315, 139600, 5, 1342),
(1316, 139700, 5, 1343),
(1317, 139800, 5, 1344),
(1318, 139900, 5, 1345),
(1319, 140000, 5, 1346),
(1320, 140100, 5, 1347),
(1321, 140200, 5, 1348),
(1322, 140300, 5, 1349),
(1323, 140400, 5, 1350),
(1324, 140500, 5, 1351),
(1325, 140600, 5, 1352),
(1326, 140700, 5, 1353),
(1327, 140800, 5, 1354),
(1328, 140900, 5, 1355),
(1329, 141000, 5, 1356),
(1330, 141100, 5, 1357),
(1331, 141200, 5, 1358),
(1332, 141300, 5, 1359),
(1333, 141400, 5, 1360),
(1334, 141500, 5, 1361),
(1335, 141600, 5, 1362),
(1336, 141800, 5, 1363),
(1337, 141900, 5, 1364),
(1338, 142000, 5, 1365),
(1339, 142100, 5, 1366),
(1340, 142200, 5, 1367),
(1341, 142300, 5, 1368),
(1342, 142400, 5, 1369),
(1343, 142500, 5, 1370),
(1344, 142600, 5, 1371),
(1345, 142700, 5, 1372),
(1346, 142800, 5, 1373),
(1347, 142900, 5, 1374),
(1348, 143000, 5, 1375),
(1349, 143100, 5, 1376),
(1350, 143200, 5, 1377),
(1351, 143300, 5, 1378),
(1352, 143400, 5, 1379),
(1353, 143500, 5, 1380),
(1354, 143600, 5, 1381),
(1355, 143700, 5, 1382),
(1356, 143800, 5, 1383),
(1357, 143900, 5, 1384),
(1358, 144000, 5, 1385),
(1359, 144100, 5, 1386),
(1360, 144200, 5, 1387),
(1361, 144400, 5, 1388),
(1362, 144500, 5, 1389),
(1363, 144600, 5, 1390),
(1364, 144700, 5, 1391),
(1365, 144800, 5, 1392),
(1366, 144900, 5, 1393),
(1367, 145000, 5, 1394),
(1368, 145100, 5, 1395),
(1369, 145200, 5, 1396),
(1370, 145300, 5, 1397),
(1371, 145400, 5, 1398),
(1372, 145500, 5, 1399),
(1373, 145600, 5, 1400),
(1374, 145700, 5, 1401),
(1375, 145800, 5, 1402),
(1376, 145900, 5, 1403),
(1377, 146000, 5, 1404),
(1378, 146100, 5, 1405),
(1379, 146200, 5, 1406),
(1380, 146300, 5, 1407),
(1381, 146400, 5, 1408),
(1382, 146500, 5, 1409),
(1383, 146600, 5, 1410),
(1384, 146700, 5, 1411),
(1385, 146800, 5, 1412),
(1386, 147000, 5, 1413),
(1387, 147100, 5, 1414),
(1388, 147200, 5, 1415),
(1389, 147300, 5, 1416),
(1390, 147400, 5, 1417),
(1391, 147500, 5, 1418),
(1392, 147600, 5, 1419),
(1393, 147700, 5, 1420),
(1394, 147800, 5, 1421),
(1395, 147900, 5, 1422),
(1396, 148000, 5, 1423),
(1397, 148100, 5, 1424),
(1398, 148200, 5, 1425),
(1399, 148300, 5, 1426),
(1400, 148400, 5, 1427),
(1401, 148500, 5, 1428),
(1402, 148600, 5, 1429),
(1403, 148700, 5, 1430),
(1404, 148800, 5, 1431),
(1405, 148900, 5, 1432),
(1406, 149000, 5, 1433),
(1407, 149100, 5, 1434),
(1408, 149200, 5, 1435),
(1409, 149300, 5, 1436),
(1410, 149400, 5, 1437),
(1411, 149600, 5, 1438),
(1412, 149700, 5, 1439),
(1413, 149800, 5, 1440),
(1414, 149900, 5, 1441),
(1415, 150000, 5, 1442),
(1416, 150100, 5, 1443),
(1417, 150200, 5, 1444),
(1418, 150300, 5, 1445),
(1419, 150400, 5, 1446),
(1420, 150500, 5, 1447),
(1421, 150600, 5, 1448),
(1422, 150700, 5, 1449),
(1423, 150800, 5, 1450),
(1424, 150900, 5, 1451),
(1425, 151000, 5, 1452),
(1426, 151100, 5, 1453),
(1427, 151200, 5, 1454),
(1428, 151300, 5, 1455),
(1429, 151400, 5, 1456),
(1430, 151500, 5, 1457),
(1431, 151600, 5, 1458),
(1432, 151700, 5, 1459),
(1433, 151800, 5, 1460),
(1434, 151900, 5, 1461),
(1435, 152000, 5, 1462),
(1436, 152200, 5, 1463),
(1437, 152300, 5, 1464),
(1438, 152400, 5, 1465),
(1439, 152500, 5, 1466),
(1440, 152600, 5, 1467),
(1441, 152700, 5, 1468),
(1442, 152800, 5, 1469),
(1443, 152900, 5, 1470),
(1444, 153000, 5, 1471),
(1445, 153100, 5, 1472),
(1446, 153200, 5, 1473),
(1447, 153300, 5, 1474),
(1448, 153400, 5, 1475),
(1449, 153500, 5, 1476),
(1450, 153600, 5, 1477),
(1451, 153700, 5, 1478),
(1452, 153800, 5, 1479),
(1453, 153900, 5, 1480),
(1454, 154000, 5, 1481),
(1455, 154100, 5, 1482),
(1456, 154200, 5, 1483),
(1457, 154300, 5, 1484),
(1458, 154400, 5, 1485),
(1459, 154500, 5, 1486),
(1460, 154600, 5, 1487),
(1461, 154800, 5, 1488),
(1462, 154900, 5, 1489),
(1463, 155000, 5, 1490),
(1464, 155100, 5, 1491),
(1465, 155200, 5, 1492),
(1466, 155300, 5, 1493),
(1467, 155400, 5, 1494),
(1468, 155500, 5, 1495),
(1469, 155600, 5, 1496),
(1470, 155700, 5, 1497),
(1471, 155800, 5, 1498),
(1472, 155900, 5, 1499),
(1473, 156000, 5, 1500),
(1474, 156100, 5, 1501),
(1475, 156200, 5, 1502),
(1476, 156300, 5, 1503),
(1477, 156400, 5, 1504),
(1478, 156500, 5, 1505),
(1479, 156600, 5, 1506),
(1480, 156700, 5, 1507),
(1481, 156800, 5, 1508),
(1482, 156900, 5, 1509),
(1483, 157000, 5, 1510),
(1484, 157100, 5, 1511),
(1485, 157200, 5, 1512),
(1486, 157400, 5, 1513),
(1487, 157500, 5, 1514),
(1488, 157600, 5, 1515),
(1489, 157700, 5, 1516),
(1490, 157800, 5, 1517),
(1491, 157900, 5, 1518),
(1492, 158000, 5, 1519),
(1493, 158100, 5, 1520),
(1494, 158200, 5, 1521),
(1495, 158300, 5, 1522),
(1496, 158400, 5, 1523),
(1497, 158500, 5, 1524),
(1498, 158600, 5, 1525),
(1499, 158700, 5, 1526),
(1500, 158800, 5, 1527),
(1501, 158900, 5, 1528),
(1502, 159000, 5, 1529),
(1503, 159100, 5, 1530),
(1504, 159200, 5, 1531),
(1505, 159300, 5, 1532),
(1506, 159400, 5, 1533),
(1507, 159500, 5, 1534),
(1508, 159600, 5, 1535),
(1509, 159700, 5, 1536),
(1510, 159800, 5, 1537),
(1511, 160000, 5, 1538),
(1512, 160100, 5, 1539),
(1513, 160200, 5, 1540),
(1514, 160300, 5, 1541),
(1515, 160400, 5, 1542),
(1516, 160500, 5, 1543),
(1517, 160600, 5, 1544),
(1518, 160700, 5, 1545),
(1519, 160800, 5, 1546),
(1520, 160900, 5, 1547),
(1521, 161000, 5, 1548),
(1522, 161100, 5, 1549),
(1523, 161200, 5, 1550),
(1524, 161300, 5, 1551),
(1525, 161400, 5, 1552),
(1526, 161500, 5, 1553),
(1527, 161600, 5, 1554),
(1528, 161700, 5, 1555),
(1529, 161800, 5, 1556),
(1530, 161900, 5, 1557),
(1531, 162000, 5, 1558),
(1532, 162100, 5, 1559),
(1533, 162200, 5, 1560),
(1534, 162300, 5, 1561),
(1535, 162400, 5, 1562),
(1536, 162600, 5, 1563),
(1537, 162700, 5, 1564),
(1538, 162800, 5, 1565),
(1539, 162900, 5, 1566),
(1540, 163000, 5, 1567),
(1541, 163100, 5, 1568),
(1542, 163200, 5, 1569),
(1543, 163300, 5, 1570),
(1544, 163400, 5, 1571),
(1545, 163500, 5, 1572),
(1546, 163600, 5, 1573),
(1547, 163700, 5, 1574),
(1548, 163800, 5, 1575),
(1549, 163900, 5, 1576),
(1550, 164000, 5, 1577),
(1551, 164100, 5, 1578),
(1552, 164200, 5, 1579),
(1553, 164300, 5, 1580),
(1554, 164400, 5, 1581),
(1555, 164500, 5, 1582),
(1556, 164600, 5, 1583),
(1557, 164700, 5, 1584),
(1558, 164800, 5, 1585),
(1559, 164900, 5, 1586),
(1560, 165000, 5, 1587),
(1561, 165200, 5, 1588),
(1562, 165300, 5, 1589),
(1563, 165400, 5, 1590),
(1564, 165500, 5, 1591),
(1565, 165600, 5, 1592),
(1566, 165700, 5, 1593),
(1567, 165800, 5, 1594),
(1568, 165900, 5, 1595),
(1569, 166000, 5, 1596),
(1570, 166100, 5, 1597),
(1571, 166200, 5, 1598),
(1572, 166300, 5, 1599),
(1573, 166400, 5, 1600),
(1574, 166500, 5, 1601),
(1575, 166600, 5, 1602),
(1576, 166700, 5, 1603),
(1577, 166800, 5, 1604),
(1578, 166900, 5, 1605),
(1579, 167000, 5, 1606),
(1580, 167100, 5, 1607),
(1581, 167200, 5, 1608),
(1582, 167300, 5, 1609),
(1583, 167400, 5, 1610),
(1584, 167500, 5, 1611),
(1585, 167600, 5, 1612),
(1586, 167800, 5, 1613),
(1587, 167900, 5, 1614),
(1588, 168000, 5, 1615),
(1589, 168100, 5, 1616),
(1590, 168200, 5, 1617),
(1591, 168300, 5, 1618),
(1592, 168400, 5, 1619),
(1593, 168500, 5, 1620),
(1594, 168600, 5, 1621),
(1595, 168700, 5, 1622),
(1596, 168800, 5, 1623),
(1597, 168900, 5, 1624),
(1598, 169000, 5, 1625),
(1599, 169100, 5, 1626),
(1600, 169200, 5, 1627),
(1601, 169300, 5, 1628),
(1602, 169400, 5, 1629),
(1603, 169500, 5, 1630),
(1604, 169600, 5, 1631),
(1605, 169700, 5, 1632),
(1606, 169800, 5, 1633),
(1607, 169900, 5, 1634),
(1608, 170000, 5, 1635),
(1609, 170100, 5, 1636),
(1610, 170200, 5, 1637),
(1611, 170400, 5, 1638),
(1612, 170500, 5, 1639),
(1613, 170600, 5, 1640),
(1614, 170700, 5, 1641),
(1615, 170800, 5, 1642),
(1616, 170900, 5, 1643),
(1617, 171000, 5, 1644),
(1618, 171100, 5, 1645),
(1619, 171200, 5, 1646),
(1620, 171300, 5, 1647),
(1621, 171400, 5, 1648),
(1622, 171500, 5, 1649),
(1623, 171600, 5, 1650),
(1624, 171700, 5, 1651),
(1625, 171800, 5, 1652),
(1626, 171900, 5, 1653),
(1627, 172000, 5, 1654),
(1628, 172100, 5, 1655),
(1629, 172200, 5, 1656),
(1630, 172300, 5, 1657),
(1631, 172400, 5, 1658),
(1632, 172500, 5, 1659),
(1633, 172600, 5, 1660),
(1634, 172700, 5, 1661),
(1635, 172800, 5, 1662),
(1636, 173000, 5, 1663),
(1637, 173100, 5, 1664),
(1638, 173200, 5, 1665),
(1639, 173300, 5, 1666),
(1640, 173400, 5, 1667),
(1641, 173500, 5, 1668),
(1642, 173600, 5, 1669),
(1643, 173700, 5, 1670),
(1644, 173800, 5, 1671),
(1645, 173900, 5, 1672),
(1646, 174000, 5, 1673),
(1647, 174100, 5, 1674),
(1648, 174200, 5, 1675),
(1649, 174300, 5, 1676),
(1650, 174400, 5, 1677),
(1651, 174500, 5, 1678),
(1652, 174600, 5, 1679),
(1653, 174700, 5, 1680),
(1654, 174800, 5, 1681),
(1655, 174900, 5, 1682),
(1656, 175000, 5, 1683),
(1657, 175100, 5, 1684),
(1658, 175200, 5, 1685),
(1659, 175300, 5, 1686),
(1660, 175400, 5, 1687),
(1661, 175600, 5, 1688),
(1662, 175700, 5, 1689),
(1663, 175800, 5, 1690),
(1664, 175900, 5, 1691),
(1665, 176000, 5, 1692),
(1666, 176100, 5, 1693),
(1667, 176200, 5, 1694),
(1668, 176300, 5, 1695),
(1669, 176400, 5, 1696),
(1670, 176500, 5, 1697),
(1671, 176600, 5, 1698),
(1672, 176700, 5, 1699),
(1673, 176800, 5, 1700),
(1674, 176900, 5, 1701),
(1675, 177000, 5, 1702),
(1676, 177100, 5, 1703),
(1677, 177200, 5, 1704),
(1678, 177300, 5, 1705),
(1679, 177400, 5, 1706),
(1680, 177500, 5, 1707),
(1681, 177600, 5, 1708),
(1682, 177700, 5, 1709),
(1683, 177800, 5, 1710),
(1684, 177900, 5, 1711),
(1685, 178000, 5, 1712),
(1686, 178200, 5, 1713),
(1687, 178300, 5, 1714),
(1688, 178400, 5, 1715),
(1689, 178500, 5, 1716),
(1690, 178600, 5, 1717),
(1691, 178700, 5, 1718),
(1692, 178800, 5, 1719),
(1693, 178900, 5, 1720),
(1694, 179000, 5, 1721),
(1695, 179100, 5, 1722),
(1696, 179200, 5, 1723),
(1697, 179300, 5, 1724),
(1698, 179400, 5, 1725),
(1699, 179500, 5, 1726),
(1700, 179600, 5, 1727),
(1701, 179700, 5, 1728),
(1702, 179800, 5, 1729),
(1703, 179900, 5, 1730),
(1704, 180000, 5, 1731),
(1705, 180100, 5, 1732),
(1706, 180200, 5, 1733),
(1707, 180300, 5, 1734),
(1708, 180400, 5, 1735),
(1709, 180500, 5, 1736),
(1710, 180600, 5, 1737),
(1711, 180800, 5, 1738),
(1712, 180900, 5, 1739),
(1713, 181000, 5, 1740),
(1714, 181100, 5, 1741),
(1715, 181200, 5, 1742),
(1716, 181300, 5, 1743),
(1717, 181400, 5, 1744),
(1718, 181500, 5, 1745),
(1719, 181600, 5, 1746),
(1720, 181700, 5, 1747),
(1721, 181800, 5, 1748),
(1722, 181900, 5, 1749),
(1723, 182000, 5, 1750),
(1724, 182100, 5, 1751),
(1725, 182200, 5, 1752),
(1726, 182300, 5, 1753),
(1727, 182400, 5, 1754),
(1728, 182500, 5, 1755),
(1729, 182600, 5, 1756),
(1730, 182700, 5, 1757),
(1731, 182800, 5, 1758),
(1732, 182900, 5, 1759),
(1733, 183000, 5, 1760),
(1734, 183100, 5, 1761),
(1735, 183200, 5, 1762),
(1736, 183400, 5, 1763),
(1737, 183500, 5, 1764),
(1738, 183600, 5, 1765),
(1739, 183700, 5, 1766),
(1740, 183800, 5, 1767),
(1741, 183900, 5, 1768),
(1742, 184000, 5, 1769),
(1743, 184100, 5, 1770),
(1744, 184200, 5, 1771),
(1745, 184300, 5, 1772),
(1746, 184400, 5, 1773),
(1747, 184500, 5, 1774),
(1748, 184600, 5, 1775),
(1749, 184700, 5, 1776),
(1750, 184800, 5, 1777),
(1751, 184900, 5, 1778),
(1752, 185000, 5, 1779),
(1753, 185100, 5, 1780),
(1754, 185200, 5, 1781),
(1755, 185300, 5, 1782),
(1756, 185400, 5, 1783),
(1757, 185500, 5, 1784),
(1758, 185600, 5, 1785),
(1759, 185700, 5, 1786),
(1760, 185800, 5, 1787),
(1761, 186000, 5, 1788),
(1762, 186100, 5, 1789),
(1763, 186200, 5, 1790),
(1764, 186300, 5, 1791),
(1765, 186400, 5, 1792),
(1766, 186500, 5, 1793),
(1767, 186600, 5, 1794),
(1768, 186700, 5, 1795),
(1769, 186800, 5, 1796),
(1770, 186900, 5, 1797),
(1771, 187000, 5, 1798),
(1772, 187100, 5, 1799),
(1773, 187200, 5, 1800),
(1774, 187300, 5, 1801),
(1775, 187400, 5, 1802),
(1776, 187500, 5, 1803),
(1777, 187600, 5, 1804),
(1778, 187700, 5, 1805),
(1779, 187800, 5, 1806),
(1780, 187900, 5, 1807),
(1781, 188000, 5, 1808),
(1782, 188100, 5, 1809),
(1783, 188200, 5, 1810),
(1784, 188300, 5, 1811),
(1785, 188400, 5, 1812),
(1786, 188600, 5, 1813),
(1787, 188700, 5, 1814),
(1788, 188800, 5, 1815),
(1789, 188900, 5, 1816),
(1790, 189000, 5, 1817),
(1791, 189100, 5, 1818),
(1792, 189200, 5, 1819),
(1793, 189300, 5, 1820),
(1794, 189400, 5, 1821),
(1795, 189500, 5, 1822),
(1796, 189600, 5, 1823),
(1797, 189700, 5, 1824),
(1798, 189800, 5, 1825),
(1799, 189900, 5, 1826),
(1800, 190000, 5, 1827),
(1801, 190100, 5, 1828),
(1802, 190200, 5, 1829),
(1803, 190300, 5, 1830),
(1804, 190400, 5, 1831),
(1805, 190500, 5, 1832),
(1806, 190600, 5, 1833),
(1807, 190700, 5, 1834),
(1808, 190800, 5, 1835),
(1809, 190900, 5, 1836),
(1810, 191000, 5, 1837),
(1811, 191200, 5, 1838),
(1812, 191300, 5, 1839),
(1813, 191400, 5, 1840),
(1814, 191500, 5, 1841),
(1815, 191600, 5, 1842),
(1816, 191700, 5, 1843),
(1817, 191800, 5, 1844),
(1818, 191900, 5, 1845),
(1819, 192000, 5, 1846),
(1820, 192100, 5, 1847),
(1821, 192200, 5, 1848),
(1822, 192300, 5, 1849),
(1823, 192400, 5, 1850),
(1824, 192500, 5, 1851),
(1825, 192600, 5, 1852),
(1826, 192700, 5, 1853),
(1827, 192800, 5, 1854),
(1828, 192900, 5, 1855),
(1829, 193000, 5, 1856),
(1830, 193100, 5, 1857),
(1831, 193200, 5, 1858),
(1832, 193300, 5, 1859),
(1833, 193400, 5, 1860),
(1834, 193500, 5, 1861),
(1835, 193600, 5, 1862),
(1836, 193800, 5, 1863),
(1837, 193900, 5, 1864),
(1838, 194000, 5, 1865),
(1839, 194100, 5, 1866),
(1840, 194200, 5, 1867),
(1841, 194300, 5, 1868),
(1842, 194400, 5, 1869),
(1843, 194500, 5, 1870),
(1844, 194600, 5, 1871),
(1845, 194700, 5, 1872),
(1846, 194800, 5, 1873),
(1847, 194900, 5, 1874),
(1848, 195000, 5, 1875),
(1849, 195100, 5, 1876),
(1850, 195200, 5, 1877),
(1851, 195300, 5, 1878),
(1852, 195400, 5, 1879),
(1853, 195500, 5, 1880),
(1854, 195600, 5, 1881),
(1855, 195700, 5, 1882),
(1856, 195800, 5, 1883),
(1857, 195900, 5, 1884),
(1858, 196000, 5, 1885),
(1859, 196100, 5, 1886),
(1860, 196200, 5, 1887),
(1861, 196400, 5, 1888),
(1862, 196500, 5, 1889),
(1863, 196600, 5, 1890),
(1864, 196700, 5, 1891),
(1865, 196800, 5, 1892),
(1866, 196900, 5, 1893),
(1867, 197000, 5, 1894),
(1868, 197100, 5, 1895),
(1869, 197200, 5, 1896),
(1870, 197300, 5, 1897),
(1871, 197400, 5, 1898),
(1872, 197500, 5, 1899),
(1873, 197600, 5, 1900),
(1874, 197700, 5, 1901),
(1875, 197800, 5, 1902),
(1876, 197900, 5, 1903),
(1877, 198000, 5, 1904),
(1878, 198100, 5, 1905),
(1879, 198200, 5, 1906),
(1880, 198300, 5, 1907),
(1881, 198400, 5, 1908),
(1882, 198500, 5, 1909),
(1883, 198600, 5, 1910),
(1884, 198700, 5, 1911),
(1885, 198800, 5, 1912),
(1886, 199000, 5, 1913),
(1887, 199100, 5, 1914),
(1888, 199200, 5, 1915),
(1889, 199300, 5, 1916),
(1890, 199400, 5, 1917),
(1891, 199500, 5, 1918),
(1892, 199600, 5, 1919),
(1893, 199700, 5, 1920),
(1894, 199800, 5, 1921),
(1895, 199900, 5, 1922),
(1896, 200000, 5, 1923),
(1897, 200100, 5, 1924),
(1898, 200200, 5, 1925),
(1899, 200300, 5, 1926),
(1900, 200400, 5, 1927),
(1901, 200500, 5, 1928),
(1902, 200600, 5, 1929),
(1903, 200700, 5, 1930),
(1904, 200800, 5, 1931),
(1905, 200900, 5, 1932),
(1906, 201000, 5, 1933),
(1907, 201100, 5, 1934),
(1908, 201200, 5, 1935),
(1909, 201300, 5, 1936),
(1910, 201400, 5, 1937),
(1911, 201600, 5, 1938),
(1912, 201700, 5, 1939),
(1913, 201800, 5, 1940),
(1914, 201900, 5, 1941),
(1915, 202000, 5, 1942),
(1916, 202100, 5, 1943),
(1917, 202200, 5, 1944),
(1918, 202300, 5, 1945),
(1919, 202400, 5, 1946),
(1920, 202500, 5, 1947),
(1921, 202600, 5, 1948),
(1922, 202700, 5, 1949),
(1923, 202800, 5, 1950),
(1924, 202900, 5, 1951),
(1925, 203000, 5, 1952),
(1926, 203100, 5, 1953),
(1927, 203200, 5, 1954),
(1928, 203300, 5, 1955),
(1929, 203400, 5, 1956),
(1930, 203500, 5, 1957),
(1931, 203600, 5, 1958),
(1932, 203700, 5, 1959),
(1933, 203800, 5, 1960),
(1934, 203900, 5, 1961),
(1935, 204000, 5, 1962),
(1936, 204200, 5, 1963),
(1937, 204300, 5, 1964),
(1938, 204400, 5, 1965),
(1939, 204500, 5, 1966),
(1940, 204600, 5, 1967),
(1941, 204700, 5, 1968),
(1942, 204800, 5, 1969),
(1943, 204900, 5, 1970),
(1944, 205000, 5, 1971),
(1945, 205100, 5, 1972),
(1946, 205200, 5, 1973),
(1947, 205300, 5, 1974),
(1948, 205400, 5, 1975),
(1949, 205500, 5, 1976),
(1950, 205600, 5, 1977),
(1951, 205700, 5, 1978),
(1952, 205800, 5, 1979),
(1953, 205900, 5, 1980),
(1954, 206000, 5, 1981),
(1955, 206100, 5, 1982),
(1956, 206200, 5, 1983),
(1957, 206300, 5, 1984),
(1958, 206400, 5, 1985),
(1959, 206500, 5, 1986),
(1960, 206600, 5, 1987),
(1961, 206800, 5, 1988),
(1962, 206900, 5, 1989),
(1963, 207000, 5, 1990),
(1964, 207100, 5, 1991),
(1965, 207200, 5, 1992),
(1966, 207300, 5, 1993),
(1967, 207400, 5, 1994),
(1968, 207500, 5, 1995),
(1969, 207600, 5, 1996),
(1970, 207700, 5, 1997),
(1971, 207800, 5, 1998),
(1972, 207900, 5, 1999),
(1973, 208000, 5, 2000),
(1974, 208100, 5, 2001),
(1975, 208200, 5, 2002),
(1976, 208300, 5, 2003),
(1977, 208400, 5, 2004),
(1978, 208500, 5, 2005),
(1979, 208600, 5, 2006),
(1980, 208700, 5, 2007),
(1981, 208800, 5, 2008),
(1982, 208900, 5, 2009),
(1983, 209000, 5, 2010),
(1984, 209100, 5, 2011),
(1985, 209200, 5, 2012),
(1986, 209400, 5, 2013),
(1987, 209500, 5, 2014),
(1988, 209600, 5, 2015),
(1989, 209700, 5, 2016),
(1990, 209800, 5, 2017),
(1991, 209900, 5, 2018),
(1992, 210000, 5, 2019),
(1993, 210100, 5, 2020),
(1994, 210200, 5, 2021),
(1995, 210300, 5, 2022),
(1996, 210400, 5, 2023),
(1997, 210500, 5, 2024),
(1998, 210600, 5, 2025),
(1999, 210700, 5, 2026),
(2000, 210800, 5, 2027),
(2001, 210900, 5, 2028),
(2002, 211000, 5, 2029),
(2003, 211100, 5, 2030),
(2004, 211200, 5, 2031),
(2005, 211300, 5, 2032),
(2006, 211400, 5, 2033),
(2007, 211500, 5, 2034),
(2008, 211600, 5, 2035),
(2009, 211700, 5, 2036),
(2010, 211800, 5, 2037),
(2011, 212000, 5, 2038),
(2012, 212100, 5, 2039),
(2013, 212200, 5, 2040),
(2014, 212300, 5, 2041),
(2015, 212400, 5, 2042),
(2016, 212500, 5, 2043),
(2017, 212600, 5, 2044),
(2018, 212700, 5, 2045),
(2019, 212800, 5, 2046),
(2020, 212900, 5, 2047),
(2021, 213000, 5, 2048),
(2022, 213100, 5, 2049),
(2023, 213200, 5, 2050),
(2024, 213300, 5, 2051),
(2025, 213400, 5, 2052),
(2026, 213500, 5, 2053),
(2027, 213600, 5, 2054),
(2028, 213700, 5, 2055),
(2029, 213800, 5, 2056),
(2030, 213900, 5, 2057),
(2031, 214000, 5, 2058),
(2032, 214100, 5, 2059),
(2033, 214200, 5, 2060),
(2034, 214300, 5, 2061),
(2035, 214400, 5, 2062),
(2036, 214600, 5, 2063),
(2037, 214700, 5, 2064),
(2038, 214800, 5, 2065),
(2039, 214900, 5, 2066),
(2040, 215000, 5, 2067),
(2041, 215100, 5, 2068),
(2042, 215200, 5, 2069),
(2043, 215300, 5, 2070),
(2044, 215400, 5, 2071),
(2045, 215500, 5, 2072),
(2046, 215600, 5, 2073),
(2047, 215700, 5, 2074),
(2048, 215800, 5, 2075),
(2049, 215900, 5, 2076),
(2050, 216000, 5, 2077),
(2051, 216100, 5, 2078),
(2052, 216200, 5, 2079),
(2053, 216300, 5, 2080),
(2054, 216400, 5, 2081),
(2055, 216500, 5, 2082),
(2056, 216600, 5, 2083),
(2057, 216700, 5, 2084),
(2058, 216800, 5, 2085),
(2059, 216900, 5, 2086),
(2060, 217000, 5, 2087),
(2061, 217200, 5, 2088),
(2062, 217300, 5, 2089),
(2063, 217400, 5, 2090),
(2064, 217500, 5, 2091),
(2065, 217600, 5, 2092),
(2066, 217700, 5, 2093),
(2067, 217800, 5, 2094),
(2068, 217900, 5, 2095),
(2069, 218000, 5, 2096),
(2070, 218100, 5, 2097),
(2071, 218200, 5, 2098),
(2072, 218300, 5, 2099),
(2073, 218400, 5, 2100),
(2074, 218500, 5, 2101),
(2075, 218600, 5, 2102),
(2076, 218700, 5, 2103),
(2077, 218800, 5, 2104),
(2078, 218900, 5, 2105),
(2079, 219000, 5, 2106),
(2080, 219100, 5, 2107),
(2081, 219200, 5, 2108),
(2082, 219300, 5, 2109),
(2083, 219400, 5, 2110),
(2084, 219500, 5, 2111),
(2085, 219600, 5, 2112),
(2086, 219800, 5, 2113),
(2087, 219900, 5, 2114),
(2088, 220000, 5, 2115),
(2089, 220100, 5, 2116),
(2090, 220200, 5, 2117),
(2091, 220300, 5, 2118),
(2092, 220400, 5, 2119),
(2093, 220500, 5, 2120),
(2094, 220600, 5, 2121),
(2095, 220700, 5, 2122),
(2096, 220800, 5, 2123),
(2097, 220900, 5, 2124),
(2098, 221000, 5, 2125),
(2099, 221100, 5, 2126),
(2100, 221200, 5, 2127),
(2101, 221300, 5, 2128),
(2102, 221400, 5, 2129),
(2103, 221500, 5, 2130),
(2104, 221600, 5, 2131),
(2105, 221700, 5, 2132),
(2106, 221800, 5, 2133),
(2107, 221900, 5, 2134),
(2108, 222000, 5, 2135),
(2109, 222100, 5, 2136),
(2110, 222200, 5, 2137),
(2111, 222400, 5, 2138),
(2112, 222500, 5, 2139),
(2113, 222600, 5, 2140),
(2114, 222700, 5, 2141),
(2115, 222800, 5, 2142),
(2116, 222900, 5, 2143),
(2117, 223000, 5, 2144),
(2118, 223100, 5, 2145),
(2119, 223200, 5, 2146),
(2120, 223300, 5, 2147),
(2121, 223400, 5, 2148),
(2122, 223500, 5, 2149),
(2123, 223600, 5, 2150),
(2124, 223700, 5, 2151),
(2125, 223800, 5, 2152),
(2126, 223900, 5, 2153),
(2127, 224000, 5, 2154),
(2128, 224100, 5, 2155),
(2129, 224200, 5, 2156),
(2130, 224300, 5, 2157),
(2131, 224400, 5, 2158),
(2132, 224500, 5, 2159),
(2133, 224600, 5, 2160),
(2134, 224700, 5, 2161),
(2135, 224800, 5, 2162),
(2136, 225000, 5, 2163),
(2137, 225100, 5, 2164),
(2138, 225200, 5, 2165),
(2139, 225300, 5, 2166),
(2140, 225400, 5, 2167),
(2141, 225500, 5, 2168),
(2142, 225600, 5, 2169),
(2143, 225700, 5, 2170),
(2144, 225800, 5, 2171),
(2145, 225900, 5, 2172),
(2146, 226000, 5, 2173),
(2147, 226100, 5, 2174),
(2148, 226200, 5, 2175),
(2149, 226300, 5, 2176),
(2150, 226400, 5, 2177),
(2151, 226500, 5, 2178),
(2152, 226600, 5, 2179),
(2153, 226700, 5, 2180),
(2154, 226800, 5, 2181),
(2155, 226900, 5, 2182),
(2156, 227000, 5, 2183),
(2157, 227100, 5, 2184),
(2158, 227200, 5, 2185),
(2159, 227300, 5, 2186),
(2160, 227400, 5, 2187),
(2161, 227600, 5, 2188),
(2162, 227700, 5, 2189),
(2163, 227800, 5, 2190),
(2164, 227900, 5, 2191),
(2165, 228000, 5, 2192),
(2166, 228100, 5, 2193),
(2167, 228200, 5, 2194),
(2168, 228300, 5, 2195),
(2169, 228400, 5, 2196),
(2170, 228500, 5, 2197),
(2171, 228600, 5, 2198),
(2172, 228700, 5, 2199),
(2173, 228800, 5, 2200),
(2174, 228900, 5, 2201),
(2175, 229000, 5, 2202),
(2176, 229100, 5, 2203),
(2177, 229200, 5, 2204),
(2178, 229300, 5, 2205),
(2179, 229400, 5, 2206),
(2180, 229500, 5, 2207),
(2181, 229600, 5, 2208),
(2182, 229700, 5, 2209),
(2183, 229800, 5, 2210),
(2184, 229900, 5, 2211),
(2185, 230000, 5, 2212),
(2186, 230200, 5, 2213),
(2187, 230300, 5, 2214),
(2188, 230400, 5, 2215),
(2189, 230500, 5, 2216),
(2190, 230600, 5, 2217),
(2191, 230700, 5, 2218),
(2192, 230800, 5, 2219),
(2193, 230900, 5, 2220),
(2194, 231000, 5, 2221),
(2195, 231100, 5, 2222),
(2196, 231200, 5, 2223),
(2197, 231300, 5, 2224),
(2198, 231400, 5, 2225),
(2199, 231500, 5, 2226),
(2200, 231600, 5, 2227),
(2201, 231700, 5, 2228),
(2202, 231800, 5, 2229),
(2203, 231900, 5, 2230),
(2204, 232000, 5, 2231),
(2205, 232100, 5, 2232),
(2206, 232200, 5, 2233),
(2207, 232300, 5, 2234),
(2208, 232400, 5, 2235),
(2209, 232500, 5, 2236),
(2210, 232600, 5, 2237),
(2211, 232800, 5, 2238),
(2212, 232900, 5, 2239),
(2213, 233000, 5, 2240),
(2214, 233100, 5, 2241),
(2215, 233200, 5, 2242),
(2216, 233300, 5, 2243),
(2217, 233400, 5, 2244),
(2218, 233500, 5, 2245),
(2219, 233600, 5, 2246),
(2220, 233700, 5, 2247),
(2221, 233800, 5, 2248),
(2222, 233900, 5, 2249),
(2223, 234000, 5, 2250),
(2224, 234100, 5, 2251),
(2225, 234200, 5, 2252),
(2226, 234300, 5, 2253),
(2227, 234400, 5, 2254),
(2228, 234500, 5, 2255),
(2229, 234600, 5, 2256),
(2230, 234700, 5, 2257),
(2231, 234800, 5, 2258),
(2232, 234900, 5, 2259),
(2233, 235000, 5, 2260),
(2234, 235100, 5, 2261),
(2235, 235200, 5, 2262),
(2236, 235400, 5, 2263),
(2237, 235500, 5, 2264),
(2238, 235600, 5, 2265),
(2239, 235700, 5, 2266),
(2240, 235800, 5, 2267),
(2241, 235900, 5, 2268),
(2242, 236000, 5, 2269),
(2243, 236100, 5, 2270),
(2244, 236200, 5, 2271),
(2245, 236300, 5, 2272),
(2246, 236400, 5, 2273),
(2247, 236500, 5, 2274),
(2248, 236600, 5, 2275),
(2249, 236700, 5, 2276),
(2250, 236800, 5, 2277),
(2251, 236900, 5, 2278),
(2252, 237000, 5, 2279),
(2253, 237100, 5, 2280),
(2254, 237200, 5, 2281),
(2255, 237300, 5, 2282),
(2256, 237400, 5, 2283),
(2257, 237500, 5, 2284),
(2258, 237600, 5, 2285),
(2259, 237700, 5, 2286),
(2260, 237800, 5, 2287),
(2261, 238000, 5, 2288),
(2262, 238100, 5, 2289),
(2263, 238200, 5, 2290),
(2264, 238300, 5, 2291),
(2265, 238400, 5, 2292),
(2266, 238500, 5, 2293),
(2267, 238600, 5, 2294),
(2268, 238700, 5, 2295),
(2269, 238800, 5, 2296),
(2270, 238900, 5, 2297),
(2271, 239000, 5, 2298),
(2272, 239100, 5, 2299),
(2273, 239200, 5, 2300),
(2274, 239300, 5, 2301),
(2275, 239400, 5, 2302),
(2276, 239500, 5, 2303),
(2277, 239600, 5, 2304),
(2278, 239700, 5, 2305),
(2279, 239800, 5, 2306),
(2280, 239900, 5, 2307),
(2281, 240000, 5, 2308),
(2282, 240100, 5, 2309),
(2283, 240200, 5, 2310),
(2284, 240300, 5, 2311),
(2285, 240400, 5, 2312),
(2286, 240600, 5, 2313),
(2287, 240700, 5, 2314),
(2288, 240800, 5, 2315),
(2289, 240900, 5, 2316),
(2290, 241000, 5, 2317),
(2291, 241100, 5, 2318),
(2292, 241200, 5, 2319),
(2293, 241300, 5, 2320),
(2294, 241400, 5, 2321),
(2295, 241500, 5, 2322),
(2296, 241600, 5, 2323),
(2297, 241700, 5, 2324),
(2298, 241800, 5, 2325),
(2299, 241900, 5, 2326),
(2300, 242000, 5, 2327),
(2301, 242100, 5, 2328),
(2302, 242200, 5, 2329),
(2303, 242300, 5, 2330),
(2304, 242400, 5, 2331),
(2305, 242500, 5, 2332),
(2306, 242600, 5, 2333),
(2307, 242700, 5, 2334);
INSERT INTO `taxes_rate` (`id`, `value`, `discount_increase`, `unit`) VALUES
(2308, 242800, 5, 2335),
(2309, 242900, 5, 2336),
(2310, 243000, 5, 2337),
(2311, 243200, 5, 2338),
(2312, 243300, 5, 2339),
(2313, 243400, 5, 2340),
(2314, 243500, 5, 2341),
(2315, 243600, 5, 2342),
(2316, 243700, 5, 2343),
(2317, 243800, 5, 2344),
(2318, 243900, 5, 2345),
(2319, 244000, 5, 2346),
(2320, 244100, 5, 2347),
(2321, 244200, 5, 2348),
(2322, 244300, 5, 2349),
(2323, 244400, 5, 2350),
(2324, 244500, 5, 2351),
(2325, 244600, 5, 2352),
(2326, 244700, 5, 2353),
(2327, 244800, 5, 2354),
(2328, 244900, 5, 2355),
(2329, 245000, 5, 2356),
(2330, 245100, 5, 2357),
(2331, 245200, 5, 2358),
(2332, 245300, 5, 2359),
(2333, 245400, 5, 2360),
(2334, 245500, 5, 2361),
(2335, 245600, 5, 2362),
(2336, 245800, 5, 2363),
(2337, 245900, 5, 2364),
(2338, 246000, 5, 2365),
(2339, 246100, 5, 2366),
(2340, 246200, 5, 2367),
(2341, 246300, 5, 2368),
(2342, 246400, 5, 2369),
(2343, 246500, 5, 2370),
(2344, 246600, 5, 2371),
(2345, 246700, 5, 2372),
(2346, 246800, 5, 2373),
(2347, 246900, 5, 2374),
(2348, 247000, 5, 2375),
(2349, 247100, 5, 2376),
(2350, 247200, 5, 2377),
(2351, 247300, 5, 2378),
(2352, 247400, 5, 2379),
(2353, 247500, 5, 2380),
(2354, 247600, 5, 2381),
(2355, 247700, 5, 2382),
(2356, 247800, 5, 2383),
(2357, 247900, 5, 2384),
(2358, 248000, 5, 2385),
(2359, 248100, 5, 2386),
(2360, 248200, 5, 2387),
(2361, 248400, 5, 2388),
(2362, 248500, 5, 2389),
(2363, 248600, 5, 2390),
(2364, 248700, 5, 2391),
(2365, 248800, 5, 2392),
(2366, 248900, 5, 2393),
(2367, 249000, 5, 2394),
(2368, 249100, 5, 2395),
(2369, 249200, 5, 2396),
(2370, 249300, 5, 2397),
(2371, 249400, 5, 2398),
(2372, 249500, 5, 2399),
(2373, 249600, 5, 2400),
(2374, 249700, 5, 2401),
(2375, 249800, 5, 2402),
(2376, 249900, 5, 2403),
(2377, 250000, 5, 2404),
(2378, 250100, 5, 2405),
(2379, 250200, 5, 2406),
(2380, 250300, 5, 2407),
(2381, 250400, 5, 2408),
(2382, 250500, 5, 2409),
(2383, 250600, 5, 2410),
(2384, 250700, 5, 2411),
(2385, 250800, 5, 2412),
(2386, 251000, 5, 2413),
(2387, 251100, 5, 2414),
(2388, 251200, 5, 2415),
(2389, 251300, 5, 2416),
(2390, 251400, 5, 2417),
(2391, 251500, 5, 2418),
(2392, 251600, 5, 2419),
(2393, 251700, 5, 2420),
(2394, 251800, 5, 2421),
(2395, 251900, 5, 2422),
(2396, 252000, 5, 2423),
(2397, 252100, 5, 2424),
(2398, 252200, 5, 2425),
(2399, 252300, 5, 2426),
(2400, 252400, 5, 2427),
(2401, 252500, 5, 2428),
(2402, 252600, 5, 2429),
(2403, 252700, 5, 2430),
(2404, 252800, 5, 2431),
(2405, 252900, 5, 2432),
(2406, 253000, 5, 2433),
(2407, 253100, 5, 2434),
(2408, 253200, 5, 2435),
(2409, 253300, 5, 2436),
(2410, 253400, 5, 2437),
(2411, 253600, 5, 2438),
(2412, 253700, 5, 2439),
(2413, 253800, 5, 2440),
(2414, 253900, 5, 2441),
(2415, 254000, 5, 2442),
(2416, 254100, 5, 2443),
(2417, 254200, 5, 2444),
(2418, 254300, 5, 2445),
(2419, 254400, 5, 2446),
(2420, 254500, 5, 2447),
(2421, 254600, 5, 2448),
(2422, 254700, 5, 2449),
(2423, 254800, 5, 2450),
(2424, 254900, 5, 2451),
(2425, 255000, 5, 2452),
(2426, 255100, 5, 2453),
(2427, 255200, 5, 2454),
(2428, 255300, 5, 2455),
(2429, 255400, 5, 2456),
(2430, 255500, 5, 2457),
(2431, 255600, 5, 2458),
(2432, 255700, 5, 2459),
(2433, 255800, 5, 2460),
(2434, 255900, 5, 2461),
(2435, 256000, 5, 2462),
(2436, 256200, 5, 2463),
(2437, 256300, 5, 2464),
(2438, 256400, 5, 2465),
(2439, 256500, 5, 2466),
(2440, 256600, 5, 2467),
(2441, 256700, 5, 2468),
(2442, 256800, 5, 2469),
(2443, 256900, 5, 2470),
(2444, 257000, 5, 2471),
(2445, 257100, 5, 2472),
(2446, 257200, 5, 2473),
(2447, 257300, 5, 2474),
(2448, 257400, 5, 2475),
(2449, 257500, 5, 2476),
(2450, 257600, 5, 2477),
(2451, 257700, 5, 2478),
(2452, 257800, 5, 2479),
(2453, 257900, 5, 2480),
(2454, 258000, 5, 2481),
(2455, 258100, 5, 2482),
(2456, 258200, 5, 2483),
(2457, 258300, 5, 2484),
(2458, 258400, 5, 2485),
(2459, 258500, 5, 2486),
(2460, 258600, 5, 2487),
(2461, 258800, 5, 2488),
(2462, 258900, 5, 2489),
(2463, 259000, 5, 2490),
(2464, 259100, 5, 2491),
(2465, 259200, 5, 2492),
(2466, 259300, 5, 2493),
(2467, 259400, 5, 2494),
(2468, 259500, 5, 2495),
(2469, 259600, 5, 2496),
(2470, 259700, 5, 2497),
(2471, 259800, 5, 2498),
(2472, 259900, 5, 2499),
(2473, 260000, 5, 2500),
(2474, 260100, 5, 2501),
(2475, 260200, 5, 2502),
(2476, 260300, 5, 2503),
(2477, 260400, 5, 2504),
(2478, 260500, 5, 2505),
(2479, 260600, 5, 2506),
(2480, 260700, 5, 2507),
(2481, 260800, 5, 2508),
(2482, 260900, 5, 2509),
(2483, 261000, 5, 2510),
(2484, 261100, 5, 2511),
(2485, 261200, 5, 2512),
(2486, 261400, 5, 2513),
(2487, 261500, 5, 2514),
(2488, 261600, 5, 2515),
(2489, 261700, 5, 2516),
(2490, 261800, 5, 2517),
(2491, 261900, 5, 2518),
(2492, 262000, 5, 2519),
(2493, 262100, 5, 2520),
(2494, 262200, 5, 2521),
(2495, 262300, 5, 2522),
(2496, 262400, 5, 2523),
(2497, 262500, 5, 2524),
(2498, 262600, 5, 2525),
(2499, 262700, 5, 2526),
(2500, 262800, 5, 2527),
(2501, 262900, 5, 2528),
(2502, 263000, 5, 2529),
(2503, 263100, 5, 2530),
(2504, 263200, 5, 2531),
(2505, 263300, 5, 2532),
(2506, 263400, 5, 2533),
(2507, 263500, 5, 2534),
(2508, 263600, 5, 2535),
(2509, 263700, 5, 2536),
(2510, 263800, 5, 2537),
(2511, 264000, 5, 2538),
(2512, 264100, 5, 2539),
(2513, 264200, 5, 2540),
(2514, 264300, 5, 2541),
(2515, 264400, 5, 2542),
(2516, 264500, 5, 2543),
(2517, 264600, 5, 2544),
(2518, 264700, 5, 2545),
(2519, 264800, 5, 2546),
(2520, 264900, 5, 2547),
(2521, 265000, 5, 2548),
(2522, 265100, 5, 2549),
(2523, 265200, 5, 2550),
(2524, 265300, 5, 2551),
(2525, 265400, 5, 2552),
(2526, 265500, 5, 2553),
(2527, 265600, 5, 2554),
(2528, 265700, 5, 2555),
(2529, 265800, 5, 2556),
(2530, 265900, 5, 2557),
(2531, 266000, 5, 2558),
(2532, 266100, 5, 2559),
(2533, 266200, 5, 2560),
(2534, 266300, 5, 2561),
(2535, 266400, 5, 2562),
(2536, 266600, 5, 2563),
(2537, 266700, 5, 2564),
(2538, 266800, 5, 2565),
(2539, 266900, 5, 2566),
(2540, 267000, 5, 2567),
(2541, 267100, 5, 2568),
(2542, 267200, 5, 2569),
(2543, 267300, 5, 2570),
(2544, 267400, 5, 2571),
(2545, 267500, 5, 2572),
(2546, 267600, 5, 2573),
(2547, 267700, 5, 2574),
(2548, 267800, 5, 2575),
(2549, 267900, 5, 2576),
(2550, 268000, 5, 2577),
(2551, 268100, 5, 2578),
(2552, 268200, 5, 2579),
(2553, 268300, 5, 2580),
(2554, 268400, 5, 2581),
(2555, 268500, 5, 2582),
(2556, 268600, 5, 2583),
(2557, 268700, 5, 2584),
(2558, 268800, 5, 2585),
(2559, 268900, 5, 2586),
(2560, 269000, 5, 2587),
(2561, 269200, 5, 2588),
(2562, 269300, 5, 2589),
(2563, 269400, 5, 2590),
(2564, 269500, 5, 2591),
(2565, 269600, 5, 2592),
(2566, 269700, 5, 2593),
(2567, 269800, 5, 2594),
(2568, 269900, 5, 2595),
(2569, 270000, 5, 2596),
(2570, 270100, 5, 2597),
(2571, 270200, 5, 2598),
(2572, 270300, 5, 2599),
(2573, 270400, 5, 2600),
(2574, 270500, 5, 2601),
(2575, 270600, 5, 2602),
(2576, 270700, 5, 2603),
(2577, 270800, 5, 2604),
(2578, 270900, 5, 2605),
(2579, 271000, 5, 2606),
(2580, 271100, 5, 2607),
(2581, 271200, 5, 2608),
(2582, 271300, 5, 2609),
(2583, 271400, 5, 2610),
(2584, 271500, 5, 2611),
(2585, 271600, 5, 2612),
(2586, 271800, 5, 2613),
(2587, 271900, 5, 2614),
(2588, 272000, 5, 2615),
(2589, 272100, 5, 2616),
(2590, 272200, 5, 2617),
(2591, 272300, 5, 2618),
(2592, 272400, 5, 2619),
(2593, 272500, 5, 2620),
(2594, 272600, 5, 2621),
(2595, 272700, 5, 2622),
(2596, 272800, 5, 2623),
(2597, 272900, 5, 2624),
(2598, 273000, 5, 2625),
(2599, 273100, 5, 2626),
(2600, 273200, 5, 2627),
(2601, 273300, 5, 2628),
(2602, 273400, 5, 2629),
(2603, 273500, 5, 2630),
(2604, 273600, 5, 2631),
(2605, 273700, 5, 2632),
(2606, 273800, 5, 2633),
(2607, 273900, 5, 2634),
(2608, 274000, 5, 2635),
(2609, 274100, 5, 2636),
(2610, 274200, 5, 2637),
(2611, 274400, 5, 2638),
(2612, 274500, 5, 2639),
(2613, 274600, 5, 2640),
(2614, 274700, 5, 2641),
(2615, 274800, 5, 2642),
(2616, 274900, 5, 2643),
(2617, 275000, 5, 2644),
(2618, 275100, 5, 2645),
(2619, 275200, 5, 2646),
(2620, 275300, 5, 2647),
(2621, 275400, 5, 2648),
(2622, 275500, 5, 2649),
(2623, 275600, 5, 2650),
(2624, 275700, 5, 2651),
(2625, 275800, 5, 2652),
(2626, 275900, 5, 2653),
(2627, 276000, 5, 2654),
(2628, 276100, 5, 2655),
(2629, 276200, 5, 2656),
(2630, 276300, 5, 2657),
(2631, 276400, 5, 2658),
(2632, 276500, 5, 2659),
(2633, 276600, 5, 2660),
(2634, 276700, 5, 2661),
(2635, 276800, 5, 2662),
(2636, 277000, 5, 2663),
(2637, 277100, 5, 2664),
(2638, 277200, 5, 2665),
(2639, 277300, 5, 2666),
(2640, 277400, 5, 2667),
(2641, 277500, 5, 2668),
(2642, 277600, 5, 2669),
(2643, 277700, 5, 2670),
(2644, 277800, 5, 2671),
(2645, 277900, 5, 2672),
(2646, 278000, 5, 2673),
(2647, 278100, 5, 2674),
(2648, 278200, 5, 2675),
(2649, 278300, 5, 2676),
(2650, 278400, 5, 2677),
(2651, 278500, 5, 2678),
(2652, 278600, 5, 2679),
(2653, 278700, 5, 2680),
(2654, 278800, 5, 2681),
(2655, 278900, 5, 2682),
(2656, 279000, 5, 2683),
(2657, 279100, 5, 2684),
(2658, 279200, 5, 2685),
(2659, 279300, 5, 2686),
(2660, 279400, 5, 2687),
(2661, 279600, 5, 2688),
(2662, 279700, 5, 2689),
(2663, 279800, 5, 2690),
(2664, 279900, 5, 2691),
(2665, 280000, 5, 2692),
(2666, 280100, 5, 2693),
(2667, 280200, 5, 2694),
(2668, 280300, 5, 2695),
(2669, 280400, 5, 2696),
(2670, 280500, 5, 2697),
(2671, 280600, 5, 2698),
(2672, 280700, 5, 2699),
(2673, 280800, 5, 2700),
(2674, 280900, 5, 2701),
(2675, 281000, 5, 2702),
(2676, 281100, 5, 2703),
(2677, 281200, 5, 2704),
(2678, 281300, 5, 2705),
(2679, 281400, 5, 2706),
(2680, 281500, 5, 2707),
(2681, 281600, 5, 2708),
(2682, 281700, 5, 2709),
(2683, 281800, 5, 2710),
(2684, 281900, 5, 2711),
(2685, 282000, 5, 2712),
(2686, 282200, 5, 2713),
(2687, 282300, 5, 2714),
(2688, 282400, 5, 2715),
(2689, 282500, 5, 2716),
(2690, 282600, 5, 2717),
(2691, 282700, 5, 2718),
(2692, 282800, 5, 2719),
(2693, 282900, 5, 2720),
(2694, 283000, 5, 2721),
(2695, 283100, 5, 2722),
(2696, 283200, 5, 2723),
(2697, 283300, 5, 2724),
(2698, 283400, 5, 2725),
(2699, 283500, 5, 2726),
(2700, 283600, 5, 2727),
(2701, 283700, 5, 2728),
(2702, 283800, 5, 2729),
(2703, 283900, 5, 2730),
(2704, 284000, 5, 2731),
(2705, 284100, 5, 2732),
(2706, 284200, 5, 2733),
(2707, 284300, 5, 2734),
(2708, 284400, 5, 2735),
(2709, 284500, 5, 2736),
(2710, 284600, 5, 2737),
(2711, 284800, 5, 2738),
(2712, 284900, 5, 2739),
(2713, 285000, 5, 2740),
(2714, 285100, 5, 2741),
(2715, 285200, 5, 2742),
(2716, 285300, 5, 2743),
(2717, 285400, 5, 2744),
(2718, 285500, 5, 2745),
(2719, 285600, 5, 2746),
(2720, 285700, 5, 2747),
(2721, 285800, 5, 2748),
(2722, 285900, 5, 2749),
(2723, 286000, 5, 2750),
(2724, 286100, 5, 2751),
(2725, 286200, 5, 2752),
(2726, 286300, 5, 2753),
(2727, 286400, 5, 2754),
(2728, 286500, 5, 2755),
(2729, 286600, 5, 2756),
(2730, 286700, 5, 2757),
(2731, 286800, 5, 2758),
(2732, 286900, 5, 2759),
(2733, 287000, 5, 2760),
(2734, 287100, 5, 2761),
(2735, 287200, 5, 2762),
(2736, 287400, 5, 2763),
(2737, 287500, 5, 2764),
(2738, 287600, 5, 2765),
(2739, 287700, 5, 2766),
(2740, 287800, 5, 2767),
(2741, 287900, 5, 2768),
(2742, 288000, 5, 2769),
(2743, 288100, 5, 2770),
(2744, 288200, 5, 2771),
(2745, 288300, 5, 2772),
(2746, 288400, 5, 2773),
(2747, 288500, 5, 2774),
(2748, 288600, 5, 2775),
(2749, 288700, 5, 2776),
(2750, 288800, 5, 2777),
(2751, 288900, 5, 2778),
(2752, 289000, 5, 2779),
(2753, 289100, 5, 2780),
(2754, 289200, 5, 2781),
(2755, 289300, 5, 2782),
(2756, 289400, 5, 2783),
(2757, 289500, 5, 2784),
(2758, 289600, 5, 2785),
(2759, 289700, 5, 2786),
(2760, 289800, 5, 2787),
(2761, 290000, 5, 2788),
(2762, 290100, 5, 2789),
(2763, 290200, 5, 2790),
(2764, 290300, 5, 2791),
(2765, 290400, 5, 2792),
(2766, 290500, 5, 2793),
(2767, 290600, 5, 2794),
(2768, 290700, 5, 2795),
(2769, 290800, 5, 2796),
(2770, 290900, 5, 2797),
(2771, 291000, 5, 2798),
(2772, 291100, 5, 2799),
(2773, 291200, 5, 2800),
(2774, 291300, 5, 2801),
(2775, 291400, 5, 2802),
(2776, 291500, 5, 2803),
(2777, 291600, 5, 2804),
(2778, 291700, 5, 2805),
(2779, 291800, 5, 2806),
(2780, 291900, 5, 2807),
(2781, 292000, 5, 2808),
(2782, 292100, 5, 2809),
(2783, 292200, 5, 2810),
(2784, 292300, 5, 2811),
(2785, 292400, 5, 2812),
(2786, 292600, 5, 2813),
(2787, 292700, 5, 2814),
(2788, 292800, 5, 2815),
(2789, 292900, 5, 2816),
(2790, 293000, 5, 2817),
(2791, 293100, 5, 2818),
(2792, 293200, 5, 2819),
(2793, 293300, 5, 2820),
(2794, 293400, 5, 2821),
(2795, 293500, 5, 2822),
(2796, 293600, 5, 2823),
(2797, 293700, 5, 2824),
(2798, 293800, 5, 2825),
(2799, 293900, 5, 2826),
(2800, 294000, 5, 2827),
(2801, 294100, 5, 2828),
(2802, 294200, 5, 2829),
(2803, 294300, 5, 2830),
(2804, 294400, 5, 2831),
(2805, 294500, 5, 2832),
(2806, 294600, 5, 2833),
(2807, 294700, 5, 2834),
(2808, 294800, 5, 2835),
(2809, 294900, 5, 2836),
(2810, 295000, 5, 2837),
(2811, 295200, 5, 2838),
(2812, 295300, 5, 2839),
(2813, 295400, 5, 2840),
(2814, 295500, 5, 2841),
(2815, 295600, 5, 2842),
(2816, 295700, 5, 2843),
(2817, 295800, 5, 2844),
(2818, 295900, 5, 2845),
(2819, 296000, 5, 2846),
(2820, 296100, 5, 2847),
(2821, 296200, 5, 2848),
(2822, 296300, 5, 2849),
(2823, 296400, 5, 2850),
(2824, 296500, 5, 2851),
(2825, 296600, 5, 2852),
(2826, 296700, 5, 2853),
(2827, 296800, 5, 2854),
(2828, 296900, 5, 2855),
(2829, 297000, 5, 2856),
(2830, 297100, 5, 2857),
(2831, 297200, 5, 2858),
(2832, 297300, 5, 2859),
(2833, 297400, 5, 2860),
(2834, 297500, 5, 2861),
(2835, 297600, 5, 2862),
(2836, 297800, 5, 2863),
(2837, 297900, 5, 2864),
(2838, 298000, 5, 2865),
(2839, 298100, 5, 2866),
(2840, 298200, 5, 2867),
(2841, 298300, 5, 2868),
(2842, 298400, 5, 2869),
(2843, 298500, 5, 2870),
(2844, 298600, 5, 2871),
(2845, 298700, 5, 2872),
(2846, 298800, 5, 2873),
(2847, 298900, 5, 2874),
(2848, 299000, 5, 2875),
(2849, 299100, 5, 2876),
(2850, 299200, 5, 2877),
(2851, 299300, 5, 2878),
(2852, 299400, 5, 2879),
(2853, 299500, 5, 2880),
(2854, 299600, 5, 2881),
(2855, 299700, 5, 2882),
(2856, 299800, 5, 2883),
(2857, 299900, 5, 2884),
(2858, 300000, 5, 2885),
(2859, 300100, 5, 2886),
(2860, 300200, 5, 2887),
(2861, 300400, 5, 2888),
(2862, 300500, 5, 2889),
(2863, 300600, 5, 2890),
(2864, 300700, 5, 2891),
(2865, 300800, 5, 2892),
(2866, 300900, 5, 2893),
(2867, 301000, 5, 2894),
(2868, 301100, 5, 2895),
(2869, 301200, 5, 2896),
(2870, 301300, 5, 2897),
(2871, 301400, 5, 2898),
(2872, 301500, 5, 2899),
(2873, 301600, 5, 2900),
(2874, 301700, 5, 2901),
(2875, 301800, 5, 2902),
(2876, 301900, 5, 2903),
(2877, 302000, 5, 2904),
(2878, 302100, 5, 2905),
(2879, 302200, 5, 2906),
(2880, 302300, 5, 2907),
(2881, 302400, 5, 2908),
(2882, 302500, 5, 2909),
(2883, 302600, 5, 2910),
(2884, 302700, 5, 2911),
(2885, 302800, 5, 2912),
(2886, 303000, 5, 2913),
(2887, 303100, 5, 2914),
(2888, 303200, 5, 2915),
(2889, 303300, 5, 2916),
(2890, 303400, 5, 2917),
(2891, 303500, 5, 2918),
(2892, 303600, 5, 2919),
(2893, 303700, 5, 2920),
(2894, 303800, 5, 2921),
(2895, 303900, 5, 2922),
(2896, 304000, 5, 2923),
(2897, 304100, 5, 2924),
(2898, 304200, 5, 2925),
(2899, 304300, 5, 2926),
(2900, 304400, 5, 2927),
(2901, 304500, 5, 2928),
(2902, 304600, 5, 2929),
(2903, 304700, 5, 2930),
(2904, 304800, 5, 2931),
(2905, 304900, 5, 2932),
(2906, 305000, 5, 2933),
(2907, 305100, 5, 2934),
(2908, 305200, 5, 2935),
(2909, 305300, 5, 2936),
(2910, 305400, 5, 2937),
(2911, 305600, 5, 2938),
(2912, 305700, 5, 2939),
(2913, 305800, 5, 2940),
(2914, 305900, 5, 2941),
(2915, 306000, 5, 2942),
(2916, 306100, 5, 2943),
(2917, 306200, 5, 2944),
(2918, 306300, 5, 2945),
(2919, 306400, 5, 2946),
(2920, 306500, 5, 2947),
(2921, 306600, 5, 2948),
(2922, 306700, 5, 2949),
(2923, 306800, 5, 2950),
(2924, 306900, 5, 2951),
(2925, 307000, 5, 2952),
(2926, 307100, 5, 2953),
(2927, 307200, 5, 2954),
(2928, 307300, 5, 2955),
(2929, 307400, 5, 2956),
(2930, 307500, 5, 2957),
(2931, 307600, 5, 2958),
(2932, 307700, 5, 2959),
(2933, 307800, 5, 2960),
(2934, 307900, 5, 2961),
(2935, 308000, 5, 2962),
(2936, 308200, 5, 2963),
(2937, 308300, 5, 2964),
(2938, 308400, 5, 2965),
(2939, 308500, 5, 2966),
(2940, 308600, 5, 2967),
(2941, 308700, 5, 2968),
(2942, 308800, 5, 2969),
(2943, 308900, 5, 2970),
(2944, 309000, 5, 2971),
(2945, 309100, 5, 2972),
(2946, 309200, 5, 2973),
(2947, 309300, 5, 2974),
(2948, 309400, 5, 2975),
(2949, 309500, 5, 2976),
(2950, 309600, 5, 2977),
(2951, 309700, 5, 2978),
(2952, 309800, 5, 2979),
(2953, 309900, 5, 2980),
(2954, 310000, 5, 2981),
(2955, 310100, 5, 2982),
(2956, 310200, 5, 2983),
(2957, 310300, 5, 2984),
(2958, 310400, 5, 2985),
(2959, 310500, 5, 2986),
(2960, 310600, 5, 2987),
(2961, 310800, 5, 2988),
(2962, 310900, 5, 2989),
(2963, 311000, 5, 2990),
(2964, 311100, 5, 2991),
(2965, 311200, 5, 2992),
(2966, 311300, 5, 2993),
(2967, 311400, 5, 2994),
(2968, 311500, 5, 2995),
(2969, 311600, 5, 2996),
(2970, 311700, 5, 2997),
(2971, 311800, 5, 2998),
(2972, 311900, 5, 2999),
(2973, 312000, 5, 3000),
(2974, 312100, 5, 3001),
(2975, 312200, 5, 3002),
(2976, 312300, 5, 3003),
(2977, 312400, 5, 3004),
(2978, 312500, 5, 3005),
(2979, 312600, 5, 3006),
(2980, 312700, 5, 3007),
(2981, 312800, 5, 3008),
(2982, 312900, 5, 3009),
(2983, 313000, 5, 3010),
(2984, 313100, 5, 3011),
(2985, 313200, 5, 3012),
(2986, 313400, 5, 3013),
(2987, 313500, 5, 3014),
(2988, 313600, 5, 3015),
(2989, 313700, 5, 3016),
(2990, 313800, 5, 3017),
(2991, 313900, 5, 3018),
(2992, 314000, 5, 3019),
(2993, 314100, 5, 3020),
(2994, 314200, 5, 3021),
(2995, 314300, 5, 3022),
(2996, 314400, 5, 3023),
(2997, 314500, 5, 3024),
(2998, 314600, 5, 3025),
(2999, 314700, 5, 3026),
(3000, 314800, 5, 3027),
(3001, 314900, 5, 3028),
(3002, 315000, 5, 3029),
(3003, 315100, 5, 3030),
(3004, 315200, 5, 3031),
(3005, 315300, 5, 3032),
(3006, 315400, 5, 3033),
(3007, 315500, 5, 3034),
(3008, 315600, 5, 3035),
(3009, 315700, 5, 3036),
(3010, 315800, 5, 3037),
(3011, 316000, 5, 3038),
(3012, 316100, 5, 3039),
(3013, 316200, 5, 3040),
(3014, 316300, 5, 3041),
(3015, 316400, 5, 3042),
(3016, 316500, 5, 3043),
(3017, 316600, 5, 3044),
(3018, 316700, 5, 3045),
(3019, 316800, 5, 3046),
(3020, 316900, 5, 3047),
(3021, 317000, 5, 3048),
(3022, 317100, 5, 3049),
(3023, 317200, 5, 3050),
(3024, 317300, 5, 3051),
(3025, 317400, 5, 3052),
(3026, 317500, 5, 3053),
(3027, 317600, 5, 3054),
(3028, 317700, 5, 3055),
(3029, 317800, 5, 3056),
(3030, 317900, 5, 3057),
(3031, 318000, 5, 3058),
(3032, 318100, 5, 3059),
(3033, 318200, 5, 3060),
(3034, 318300, 5, 3061),
(3035, 318400, 5, 3062),
(3036, 318600, 5, 3063),
(3037, 318700, 5, 3064),
(3038, 318800, 5, 3065),
(3039, 318900, 5, 3066),
(3040, 319000, 5, 3067),
(3041, 319100, 5, 3068),
(3042, 319200, 5, 3069),
(3043, 319300, 5, 3070),
(3044, 319400, 5, 3071),
(3045, 319500, 5, 3072),
(3046, 319600, 5, 3073),
(3047, 319700, 5, 3074),
(3048, 319800, 5, 3075),
(3049, 319900, 5, 3076),
(3050, 320000, 5, 3077),
(3051, 320100, 5, 3078),
(3052, 320200, 5, 3079),
(3053, 320300, 5, 3080),
(3054, 320400, 5, 3081),
(3055, 320500, 5, 3082),
(3056, 320600, 5, 3083),
(3057, 320700, 5, 3084),
(3058, 320800, 5, 3085),
(3059, 320900, 5, 3086),
(3060, 321000, 5, 3087),
(3061, 321200, 5, 3088),
(3062, 321300, 5, 3089),
(3063, 321400, 5, 3090),
(3064, 321500, 5, 3091),
(3065, 321600, 5, 3092),
(3066, 321700, 5, 3093),
(3067, 321800, 5, 3094),
(3068, 321900, 5, 3095),
(3069, 322000, 5, 3096),
(3070, 322100, 5, 3097),
(3071, 322200, 5, 3098),
(3072, 322300, 5, 3099),
(3073, 322400, 5, 3100),
(3074, 322500, 5, 3101),
(3075, 322600, 5, 3102),
(3076, 322700, 5, 3103),
(3077, 322800, 5, 3104),
(3078, 322900, 5, 3105),
(3079, 323000, 5, 3106),
(3080, 323100, 5, 3107),
(3081, 323200, 5, 3108),
(3082, 323300, 5, 3109),
(3083, 323400, 5, 3110),
(3084, 323500, 5, 3111),
(3085, 323600, 5, 3112),
(3086, 323800, 5, 3113),
(3087, 323900, 5, 3114),
(3088, 324000, 5, 3115),
(3089, 324100, 5, 3116),
(3090, 324200, 5, 3117),
(3091, 324300, 5, 3118),
(3092, 324400, 5, 3119),
(3093, 324500, 5, 3120),
(3094, 324600, 5, 3121),
(3095, 324700, 5, 3122),
(3096, 324800, 5, 3123),
(3097, 324900, 5, 3124),
(3098, 325000, 5, 3125),
(3099, 325100, 5, 3126),
(3100, 325200, 5, 3127),
(3101, 325300, 5, 3128),
(3102, 325400, 5, 3129),
(3103, 325500, 5, 3130),
(3104, 325600, 5, 3131),
(3105, 325700, 5, 3132),
(3106, 325800, 5, 3133),
(3107, 325900, 5, 3134),
(3108, 326000, 5, 3135),
(3109, 326100, 5, 3136),
(3110, 326200, 5, 3137),
(3111, 326400, 5, 3138),
(3112, 326500, 5, 3139),
(3113, 326600, 5, 3140),
(3114, 326700, 5, 3141),
(3115, 326800, 5, 3142),
(3116, 326900, 5, 3143),
(3117, 327000, 5, 3144),
(3118, 327100, 5, 3145),
(3119, 327200, 5, 3146),
(3120, 327300, 5, 3147),
(3121, 327400, 5, 3148),
(3122, 327500, 5, 3149),
(3123, 327600, 5, 3150),
(3124, 327700, 5, 3151),
(3125, 327800, 5, 3152),
(3126, 327900, 5, 3153),
(3127, 328000, 5, 3154),
(3128, 328100, 5, 3155),
(3129, 328200, 5, 3156),
(3130, 328300, 5, 3157),
(3131, 328400, 5, 3158),
(3132, 328500, 5, 3159),
(3133, 328600, 5, 3160),
(3134, 328700, 5, 3161),
(3135, 328800, 5, 3162),
(3136, 329000, 5, 3163),
(3137, 329100, 5, 3164),
(3138, 329200, 5, 3165),
(3139, 329300, 5, 3166),
(3140, 329400, 5, 3167),
(3141, 329500, 5, 3168),
(3142, 329600, 5, 3169),
(3143, 329700, 5, 3170),
(3144, 329800, 5, 3171),
(3145, 329900, 5, 3172),
(3146, 330000, 5, 3173),
(3147, 330100, 5, 3174),
(3148, 330200, 5, 3175),
(3149, 330300, 5, 3176),
(3150, 330400, 5, 3177),
(3151, 330500, 5, 3178),
(3152, 330600, 5, 3179),
(3153, 330700, 5, 3180),
(3154, 330800, 5, 3181),
(3155, 330900, 5, 3182),
(3156, 331000, 5, 3183),
(3157, 331100, 5, 3184),
(3158, 331200, 5, 3185),
(3159, 331300, 5, 3186),
(3160, 331400, 5, 3187),
(3161, 331600, 5, 3188),
(3162, 331700, 5, 3189),
(3163, 331800, 5, 3190),
(3164, 331900, 5, 3191),
(3165, 332000, 5, 3192),
(3166, 332100, 5, 3193),
(3167, 332200, 5, 3194),
(3168, 332300, 5, 3195),
(3169, 332400, 5, 3196),
(3170, 332500, 5, 3197),
(3171, 332600, 5, 3198),
(3172, 332700, 5, 3199),
(3173, 332800, 5, 3200),
(3174, 332900, 5, 3201),
(3175, 333000, 5, 3202),
(3176, 333100, 5, 3203),
(3177, 333200, 5, 3204),
(3178, 333300, 5, 3205),
(3179, 333400, 5, 3206),
(3180, 333500, 5, 3207),
(3181, 333600, 5, 3208),
(3182, 333700, 5, 3209),
(3183, 333800, 5, 3210),
(3184, 333900, 5, 3211),
(3185, 334000, 5, 3212),
(3186, 334200, 5, 3213),
(3187, 334300, 5, 3214),
(3188, 334400, 5, 3215),
(3189, 334500, 5, 3216),
(3190, 334600, 5, 3217),
(3191, 334700, 5, 3218),
(3192, 334800, 5, 3219),
(3193, 334900, 5, 3220),
(3194, 335000, 5, 3221),
(3195, 335100, 5, 3222),
(3196, 335200, 5, 3223),
(3197, 335300, 5, 3224),
(3198, 335400, 5, 3225),
(3199, 335500, 5, 3226),
(3200, 335600, 5, 3227),
(3201, 335700, 5, 3228),
(3202, 335800, 5, 3229),
(3203, 335900, 5, 3230),
(3204, 336000, 5, 3231),
(3205, 336100, 5, 3232),
(3206, 336200, 5, 3233),
(3207, 336300, 5, 3234),
(3208, 336400, 5, 3235),
(3209, 336500, 5, 3236),
(3210, 336600, 5, 3237),
(3211, 336800, 5, 3238),
(3212, 336900, 5, 3239),
(3213, 337000, 5, 3240),
(3214, 337100, 5, 3241),
(3215, 337200, 5, 3242),
(3216, 337300, 5, 3243),
(3217, 337400, 5, 3244),
(3218, 337500, 5, 3245),
(3219, 337600, 5, 3246),
(3220, 337700, 5, 3247),
(3221, 337800, 5, 3248),
(3222, 337900, 5, 3249),
(3223, 338000, 5, 3250),
(3224, 338100, 5, 3251),
(3225, 338200, 5, 3252),
(3226, 338300, 5, 3253),
(3227, 338400, 5, 3254),
(3228, 338500, 5, 3255),
(3229, 338600, 5, 3256),
(3230, 338700, 5, 3257),
(3231, 338800, 5, 3258),
(3232, 338900, 5, 3259),
(3233, 339000, 5, 3260),
(3234, 339100, 5, 3261),
(3235, 339200, 5, 3262),
(3236, 339400, 5, 3263),
(3237, 339500, 5, 3264),
(3238, 339600, 5, 3265),
(3239, 339700, 5, 3266),
(3240, 339800, 5, 3267),
(3241, 339900, 5, 3268),
(3242, 340000, 5, 3269),
(3243, 340100, 5, 3270),
(3244, 340200, 5, 3271),
(3245, 340300, 5, 3272),
(3246, 340400, 5, 3273),
(3247, 340500, 5, 3274),
(3248, 340600, 5, 3275),
(3249, 340700, 5, 3276),
(3250, 340800, 5, 3277),
(3251, 340900, 5, 3278),
(3252, 341000, 5, 3279),
(3253, 341100, 5, 3280),
(3254, 341200, 5, 3281),
(3255, 341300, 5, 3282),
(3256, 341400, 5, 3283),
(3257, 341500, 5, 3284),
(3258, 341600, 5, 3285),
(3259, 341700, 5, 3286),
(3260, 341800, 5, 3287),
(3261, 342000, 5, 3288),
(3262, 342100, 5, 3289),
(3263, 342200, 5, 3290),
(3264, 342300, 5, 3291),
(3265, 342400, 5, 3292),
(3266, 342500, 5, 3293),
(3267, 342600, 5, 3294),
(3268, 342700, 5, 3295),
(3269, 342800, 5, 3296),
(3270, 342900, 5, 3297),
(3271, 343000, 5, 3298),
(3272, 343100, 5, 3299),
(3273, 343200, 5, 3300),
(3274, 343300, 5, 3301),
(3275, 343400, 5, 3302),
(3276, 343500, 5, 3303),
(3277, 343600, 5, 3304),
(3278, 343700, 5, 3305),
(3279, 343800, 5, 3306),
(3280, 343900, 5, 3307),
(3281, 344000, 5, 3308),
(3282, 344100, 5, 3309),
(3283, 344200, 5, 3310),
(3284, 344300, 5, 3311),
(3285, 344400, 5, 3312),
(3286, 344600, 5, 3313),
(3287, 344700, 5, 3314),
(3288, 344800, 5, 3315),
(3289, 344900, 5, 3316),
(3290, 345000, 5, 3317),
(3291, 345100, 5, 3318),
(3292, 345200, 5, 3319),
(3293, 345300, 5, 3320),
(3294, 345400, 5, 3321),
(3295, 345500, 5, 3322),
(3296, 345600, 5, 3323),
(3297, 345700, 5, 3324),
(3298, 345800, 5, 3325),
(3299, 345900, 5, 3326),
(3300, 346000, 5, 3327),
(3301, 346100, 5, 3328),
(3302, 346200, 5, 3329),
(3303, 346300, 5, 3330),
(3304, 346400, 5, 3331),
(3305, 346500, 5, 3332),
(3306, 346600, 5, 3333),
(3307, 346700, 5, 3334),
(3308, 346800, 5, 3335),
(3309, 346900, 5, 3336),
(3310, 347000, 5, 3337),
(3311, 347200, 5, 3338),
(3312, 347300, 5, 3339),
(3313, 347400, 5, 3340),
(3314, 347500, 5, 3341),
(3315, 347600, 5, 3342),
(3316, 347700, 5, 3343),
(3317, 347800, 5, 3344),
(3318, 347900, 5, 3345),
(3319, 348000, 5, 3346),
(3320, 348100, 5, 3347),
(3321, 348200, 5, 3348),
(3322, 348300, 5, 3349),
(3323, 348400, 5, 3350),
(3324, 348500, 5, 3351),
(3325, 348600, 5, 3352),
(3326, 348700, 5, 3353),
(3327, 348800, 5, 3354),
(3328, 348900, 5, 3355),
(3329, 349000, 5, 3356),
(3330, 349100, 5, 3357),
(3331, 349200, 5, 3358),
(3332, 349300, 5, 3359),
(3333, 349400, 5, 3360),
(3334, 349500, 5, 3361),
(3335, 349600, 5, 3362),
(3336, 349800, 5, 3363),
(3337, 349900, 5, 3364),
(3338, 350000, 5, 3365),
(3339, 350100, 5, 3366),
(3340, 350200, 5, 3367),
(3341, 350300, 5, 3368),
(3342, 350400, 5, 3369),
(3343, 350500, 5, 3370),
(3344, 350600, 5, 3371),
(3345, 350700, 5, 3372),
(3346, 350800, 5, 3373),
(3347, 350900, 5, 3374),
(3348, 351000, 5, 3375),
(3349, 351100, 5, 3376),
(3350, 351200, 5, 3377),
(3351, 351300, 5, 3378),
(3352, 351400, 5, 3379),
(3353, 351500, 5, 3380),
(3354, 351600, 5, 3381),
(3355, 351700, 5, 3382),
(3356, 351800, 5, 3383),
(3357, 351900, 5, 3384),
(3358, 352000, 5, 3385),
(3359, 352100, 5, 3386),
(3360, 352200, 5, 3387),
(3361, 352400, 5, 3388),
(3362, 352500, 5, 3389),
(3363, 352600, 5, 3390),
(3364, 352700, 5, 3391),
(3365, 352800, 5, 3392),
(3366, 352900, 5, 3393),
(3367, 353000, 5, 3394),
(3368, 353100, 5, 3395),
(3369, 353200, 5, 3396),
(3370, 353300, 5, 3397),
(3371, 353400, 5, 3398),
(3372, 353500, 5, 3399),
(3373, 353600, 5, 3400),
(3374, 353700, 5, 3401),
(3375, 353800, 5, 3402),
(3376, 353900, 5, 3403),
(3377, 354000, 5, 3404),
(3378, 354100, 5, 3405),
(3379, 354200, 5, 3406),
(3380, 354300, 5, 3407),
(3381, 354400, 5, 3408),
(3382, 354500, 5, 3409),
(3383, 354600, 5, 3410),
(3384, 354700, 5, 3411),
(3385, 354800, 5, 3412),
(3386, 355000, 5, 3413),
(3387, 355100, 5, 3414),
(3388, 355200, 5, 3415),
(3389, 355300, 5, 3416),
(3390, 355400, 5, 3417),
(3391, 355500, 5, 3418),
(3392, 355600, 5, 3419),
(3393, 355700, 5, 3420),
(3394, 355800, 5, 3421),
(3395, 355900, 5, 3422),
(3396, 356000, 5, 3423),
(3397, 356100, 5, 3424),
(3398, 356200, 5, 3425),
(3399, 356300, 5, 3426),
(3400, 356400, 5, 3427),
(3401, 356500, 5, 3428),
(3402, 356600, 5, 3429),
(3403, 356700, 5, 3430),
(3404, 356800, 5, 3431),
(3405, 356900, 5, 3432),
(3406, 357000, 5, 3433),
(3407, 357100, 5, 3434),
(3408, 357200, 5, 3435),
(3409, 357300, 5, 3436),
(3410, 357400, 5, 3437),
(3411, 357600, 5, 3438),
(3412, 357700, 5, 3439),
(3413, 357800, 5, 3440),
(3414, 357900, 5, 3441),
(3415, 358000, 5, 3442),
(3416, 358100, 5, 3443),
(3417, 358200, 5, 3444),
(3418, 358300, 5, 3445),
(3419, 358400, 5, 3446),
(3420, 358500, 5, 3447),
(3421, 358600, 5, 3448),
(3422, 358700, 5, 3449),
(3423, 358800, 5, 3450),
(3424, 358900, 5, 3451),
(3425, 359000, 5, 3452),
(3426, 359100, 5, 3453),
(3427, 359200, 5, 3454),
(3428, 359300, 5, 3455),
(3429, 359400, 5, 3456),
(3430, 359500, 5, 3457),
(3431, 359600, 5, 3458),
(3432, 359700, 5, 3459),
(3433, 359800, 5, 3460),
(3434, 359900, 5, 3461),
(3435, 360000, 5, 3462),
(3436, 360200, 5, 3463),
(3437, 360300, 5, 3464),
(3438, 360400, 5, 3465),
(3439, 360500, 5, 3466),
(3440, 360600, 5, 3467),
(3441, 360700, 5, 3468),
(3442, 360800, 5, 3469),
(3443, 360900, 5, 3470),
(3444, 361000, 5, 3471),
(3445, 361100, 5, 3472),
(3446, 361200, 5, 3473),
(3447, 361300, 5, 3474),
(3448, 361400, 5, 3475),
(3449, 361500, 5, 3476),
(3450, 361600, 5, 3477),
(3451, 361700, 5, 3478),
(3452, 361800, 5, 3479),
(3453, 361900, 5, 3480),
(3454, 362000, 5, 3481),
(3455, 362100, 5, 3482),
(3456, 362200, 5, 3483),
(3457, 362300, 5, 3484),
(3458, 362400, 5, 3485),
(3459, 362500, 5, 3486),
(3460, 362600, 5, 3487),
(3461, 362800, 5, 3488),
(3462, 362900, 5, 3489),
(3463, 363000, 5, 3490),
(3464, 363100, 5, 3491),
(3465, 363200, 5, 3492),
(3466, 363300, 5, 3493),
(3467, 363400, 5, 3494),
(3468, 363500, 5, 3495),
(3469, 363600, 5, 3496),
(3470, 363700, 5, 3497),
(3471, 363800, 5, 3498),
(3472, 363900, 5, 3499),
(3473, 364000, 5, 3500),
(3474, 364100, 5, 3501),
(3475, 364200, 5, 3502),
(3476, 364300, 5, 3503),
(3477, 364400, 5, 3504),
(3478, 364500, 5, 3505),
(3479, 364600, 5, 3506),
(3480, 364700, 5, 3507),
(3481, 364800, 5, 3508),
(3482, 364900, 5, 3509),
(3483, 365000, 5, 3510),
(3484, 365100, 5, 3511),
(3485, 365200, 5, 3512),
(3486, 365400, 5, 3513),
(3487, 365500, 5, 3514),
(3488, 365600, 5, 3515),
(3489, 365700, 5, 3516),
(3490, 365800, 5, 3517),
(3491, 365900, 5, 3518),
(3492, 366000, 5, 3519),
(3493, 366100, 5, 3520),
(3494, 366200, 5, 3521),
(3495, 366300, 5, 3522),
(3496, 366400, 5, 3523),
(3497, 366500, 5, 3524),
(3498, 366600, 5, 3525),
(3499, 366700, 5, 3526),
(3500, 366800, 5, 3527),
(3501, 366900, 5, 3528),
(3502, 367000, 5, 3529),
(3503, 367100, 5, 3530),
(3504, 367200, 5, 3531),
(3505, 367300, 5, 3532),
(3506, 367400, 5, 3533),
(3507, 367500, 5, 3534),
(3508, 367600, 5, 3535),
(3509, 367700, 5, 3536),
(3510, 367800, 5, 3537),
(3511, 368000, 5, 3538),
(3512, 368100, 5, 3539),
(3513, 368200, 5, 3540),
(3514, 368300, 5, 3541),
(3515, 368400, 5, 3542),
(3516, 368500, 5, 3543),
(3517, 368600, 5, 3544),
(3518, 368700, 5, 3545),
(3519, 368800, 5, 3546),
(3520, 368900, 5, 3547),
(3521, 369000, 5, 3548),
(3522, 369100, 5, 3549),
(3523, 369200, 5, 3550),
(3524, 369300, 5, 3551),
(3525, 369400, 5, 3552),
(3526, 369500, 5, 3553),
(3527, 369600, 5, 3554),
(3528, 369700, 5, 3555),
(3529, 369800, 5, 3556),
(3530, 369900, 5, 3557),
(3531, 370000, 5, 3558),
(3532, 370100, 5, 3559),
(3533, 370200, 5, 3560),
(3534, 370300, 5, 3561),
(3535, 370400, 5, 3562),
(3536, 370600, 5, 3563),
(3537, 370700, 5, 3564),
(3538, 370800, 5, 3565),
(3539, 370900, 5, 3566),
(3540, 371000, 5, 3567),
(3541, 371100, 5, 3568),
(3542, 371200, 5, 3569),
(3543, 371300, 5, 3570),
(3544, 371400, 5, 3571),
(3545, 371500, 5, 3572),
(3546, 371600, 5, 3573),
(3547, 371700, 5, 3574),
(3548, 371800, 5, 3575),
(3549, 371900, 5, 3576),
(3550, 372000, 5, 3577),
(3551, 372100, 5, 3578),
(3552, 372200, 5, 3579),
(3553, 372300, 5, 3580),
(3554, 372400, 5, 3581),
(3555, 372500, 5, 3582),
(3556, 372600, 5, 3583),
(3557, 372700, 5, 3584),
(3558, 372800, 5, 3585),
(3559, 372900, 5, 3586),
(3560, 373000, 5, 3587),
(3561, 373200, 5, 3588),
(3562, 373300, 5, 3589),
(3563, 373400, 5, 3590),
(3564, 373500, 5, 3591),
(3565, 373600, 5, 3592),
(3566, 373700, 5, 3593),
(3567, 373800, 5, 3594),
(3568, 373900, 5, 3595),
(3569, 374000, 5, 3596),
(3570, 374100, 5, 3597),
(3571, 374200, 5, 3598),
(3572, 374300, 5, 3599),
(3573, 374400, 5, 3600),
(3574, 374500, 5, 3601),
(3575, 374600, 5, 3602),
(3576, 374700, 5, 3603),
(3577, 374800, 5, 3604),
(3578, 374900, 5, 3605),
(3579, 375000, 5, 3606),
(3580, 375100, 5, 3607),
(3581, 375200, 5, 3608),
(3582, 375300, 5, 3609),
(3583, 375400, 5, 3610),
(3584, 375500, 5, 3611),
(3585, 375600, 5, 3612),
(3586, 375800, 5, 3613),
(3587, 375900, 5, 3614),
(3588, 376000, 5, 3615),
(3589, 376100, 5, 3616),
(3590, 376200, 5, 3617),
(3591, 376300, 5, 3618),
(3592, 376400, 5, 3619),
(3593, 376500, 5, 3620),
(3594, 376600, 5, 3621),
(3595, 376700, 5, 3622),
(3596, 376800, 5, 3623),
(3597, 376900, 5, 3624),
(3598, 377000, 5, 3625),
(3599, 377100, 5, 3626),
(3600, 377200, 5, 3627),
(3601, 377300, 5, 3628),
(3602, 377400, 5, 3629),
(3603, 377500, 5, 3630),
(3604, 377600, 5, 3631),
(3605, 377700, 5, 3632),
(3606, 377800, 5, 3633),
(3607, 377900, 5, 3634),
(3608, 378000, 5, 3635),
(3609, 378100, 5, 3636),
(3610, 378200, 5, 3637),
(3611, 378400, 5, 3638),
(3612, 378500, 5, 3639),
(3613, 378600, 5, 3640),
(3614, 378700, 5, 3641),
(3615, 378800, 5, 3642),
(3616, 378900, 5, 3643),
(3617, 379000, 5, 3644),
(3618, 379100, 5, 3645),
(3619, 379200, 5, 3646),
(3620, 379300, 5, 3647),
(3621, 379400, 5, 3648),
(3622, 379500, 5, 3649),
(3623, 379600, 5, 3650),
(3624, 379700, 5, 3651),
(3625, 379800, 5, 3652),
(3626, 379900, 5, 3653),
(3627, 380000, 5, 3654),
(3628, 380100, 5, 3655),
(3629, 380200, 5, 3656),
(3630, 380300, 5, 3657),
(3631, 380400, 5, 3658),
(3632, 380500, 5, 3659),
(3633, 380600, 5, 3660),
(3634, 380700, 5, 3661),
(3635, 380800, 5, 3662),
(3636, 381000, 5, 3663),
(3637, 381100, 5, 3664),
(3638, 381200, 5, 3665),
(3639, 381300, 5, 3666),
(3640, 381400, 5, 3667),
(3641, 381500, 5, 3668),
(3642, 381600, 5, 3669),
(3643, 381700, 5, 3670),
(3644, 381800, 5, 3671),
(3645, 381900, 5, 3672),
(3646, 382000, 5, 3673),
(3647, 382100, 5, 3674),
(3648, 382200, 5, 3675),
(3649, 382300, 5, 3676),
(3650, 382400, 5, 3677),
(3651, 382500, 5, 3678),
(3652, 382600, 5, 3679),
(3653, 382700, 5, 3680),
(3654, 382800, 5, 3681),
(3655, 382900, 5, 3682),
(3656, 383000, 5, 3683),
(3657, 383100, 5, 3684),
(3658, 383200, 5, 3685),
(3659, 383300, 5, 3686),
(3660, 383400, 5, 3687),
(3661, 383600, 5, 3688),
(3662, 383700, 5, 3689),
(3663, 383800, 5, 3690),
(3664, 383900, 5, 3691),
(3665, 384000, 5, 3692),
(3666, 384100, 5, 3693),
(3667, 384200, 5, 3694),
(3668, 384300, 5, 3695),
(3669, 384400, 5, 3696),
(3670, 384500, 5, 3697),
(3671, 384600, 5, 3698),
(3672, 384700, 5, 3699),
(3673, 384800, 5, 3700),
(3674, 384900, 5, 3701),
(3675, 385000, 5, 3702),
(3676, 385100, 5, 3703),
(3677, 385200, 5, 3704),
(3678, 385300, 5, 3705),
(3679, 385400, 5, 3706),
(3680, 385500, 5, 3707),
(3681, 385600, 5, 3708),
(3682, 385700, 5, 3709),
(3683, 385800, 5, 3710),
(3684, 385900, 5, 3711),
(3685, 386000, 5, 3712),
(3686, 386200, 5, 3713),
(3687, 386300, 5, 3714),
(3688, 386400, 5, 3715),
(3689, 386500, 5, 3716),
(3690, 386600, 5, 3717),
(3691, 386700, 5, 3718),
(3692, 386800, 5, 3719),
(3693, 386900, 5, 3720),
(3694, 387000, 5, 3721),
(3695, 387100, 5, 3722),
(3696, 387200, 5, 3723),
(3697, 387300, 5, 3724),
(3698, 387400, 5, 3725),
(3699, 387500, 5, 3726),
(3700, 387600, 5, 3727),
(3701, 387700, 5, 3728),
(3702, 387800, 5, 3729),
(3703, 387900, 5, 3730),
(3704, 388000, 5, 3731),
(3705, 388100, 5, 3732),
(3706, 388200, 5, 3733),
(3707, 388300, 5, 3734),
(3708, 388400, 5, 3735),
(3709, 388500, 5, 3736),
(3710, 388600, 5, 3737),
(3711, 388800, 5, 3738),
(3712, 388900, 5, 3739),
(3713, 389000, 5, 3740),
(3714, 389100, 5, 3741),
(3715, 389200, 5, 3742),
(3716, 389300, 5, 3743),
(3717, 389400, 5, 3744),
(3718, 389500, 5, 3745),
(3719, 389600, 5, 3746),
(3720, 389700, 5, 3747),
(3721, 389800, 5, 3748),
(3722, 389900, 5, 3749),
(3723, 390000, 5, 3750),
(3724, 390100, 5, 3751),
(3725, 390200, 5, 3752),
(3726, 390300, 5, 3753),
(3727, 390400, 5, 3754),
(3728, 390500, 5, 3755),
(3729, 390600, 5, 3756),
(3730, 390700, 5, 3757),
(3731, 390800, 5, 3758),
(3732, 390900, 5, 3759),
(3733, 391000, 5, 3760),
(3734, 391100, 5, 3761),
(3735, 391200, 5, 3762),
(3736, 391400, 5, 3763),
(3737, 391500, 5, 3764),
(3738, 391600, 5, 3765),
(3739, 391700, 5, 3766),
(3740, 391800, 5, 3767),
(3741, 391900, 5, 3768),
(3742, 392000, 5, 3769),
(3743, 392100, 5, 3770),
(3744, 392200, 5, 3771),
(3745, 392300, 5, 3772),
(3746, 392400, 5, 3773),
(3747, 392500, 5, 3774),
(3748, 392600, 5, 3775),
(3749, 392700, 5, 3776),
(3750, 392800, 5, 3777),
(3751, 392900, 5, 3778),
(3752, 393000, 5, 3779),
(3753, 393100, 5, 3780),
(3754, 393200, 5, 3781),
(3755, 393300, 5, 3782),
(3756, 393400, 5, 3783),
(3757, 393500, 5, 3784),
(3758, 393600, 5, 3785),
(3759, 393700, 5, 3786),
(3760, 393800, 5, 3787),
(3761, 394000, 5, 3788),
(3762, 394100, 5, 3789),
(3763, 394200, 5, 3790),
(3764, 394300, 5, 3791),
(3765, 394400, 5, 3792),
(3766, 394500, 5, 3793),
(3767, 394600, 5, 3794),
(3768, 394700, 5, 3795),
(3769, 394800, 5, 3796),
(3770, 394900, 5, 3797),
(3771, 395000, 5, 3798),
(3772, 395100, 5, 3799),
(3773, 395200, 5, 3800),
(3774, 395300, 5, 3801),
(3775, 395400, 5, 3802),
(3776, 395500, 5, 3803),
(3777, 395600, 5, 3804),
(3778, 395700, 5, 3805),
(3779, 395800, 5, 3806),
(3780, 395900, 5, 3807),
(3781, 396000, 5, 3808),
(3782, 396100, 5, 3809),
(3783, 396200, 5, 3810),
(3784, 396300, 5, 3811),
(3785, 396400, 5, 3812),
(3786, 396600, 5, 3813),
(3787, 396700, 5, 3814),
(3788, 396800, 5, 3815),
(3789, 396900, 5, 3816),
(3790, 397000, 5, 3817),
(3791, 397100, 5, 3818),
(3792, 397200, 5, 3819),
(3793, 397300, 5, 3820),
(3794, 397400, 5, 3821),
(3795, 397500, 5, 3822),
(3796, 397600, 5, 3823),
(3797, 397700, 5, 3824),
(3798, 397800, 5, 3825),
(3799, 397900, 5, 3826),
(3800, 398000, 5, 3827),
(3801, 398100, 5, 3828),
(3802, 398200, 5, 3829),
(3803, 398300, 5, 3830),
(3804, 398400, 5, 3831),
(3805, 398500, 5, 3832),
(3806, 398600, 5, 3833),
(3807, 398700, 5, 3834),
(3808, 398800, 5, 3835),
(3809, 398900, 5, 3836),
(3810, 399000, 5, 3837),
(3811, 399200, 5, 3838),
(3812, 399300, 5, 3839),
(3813, 399400, 5, 3840),
(3814, 399500, 5, 3841),
(3815, 399600, 5, 3842),
(3816, 399700, 5, 3843),
(3817, 399800, 5, 3844),
(3818, 399900, 5, 3845),
(3819, 400000, 5, 3846),
(3820, 400100, 5, 3847),
(3821, 400200, 5, 3848),
(3822, 400300, 5, 3849),
(3823, 400400, 5, 3850),
(3824, 400500, 5, 3851),
(3825, 400600, 5, 3852),
(3826, 400700, 5, 3853),
(3827, 400800, 5, 3854),
(3828, 400900, 5, 3855),
(3829, 401000, 5, 3856),
(3830, 401100, 5, 3857),
(3831, 401200, 5, 3858),
(3832, 401300, 5, 3859),
(3833, 401400, 5, 3860),
(3834, 401500, 5, 3861),
(3835, 401600, 5, 3862),
(3836, 401800, 5, 3863),
(3837, 401900, 5, 3864),
(3838, 402000, 5, 3865),
(3839, 402100, 5, 3866),
(3840, 402200, 5, 3867),
(3841, 402300, 5, 3868),
(3842, 402400, 5, 3869),
(3843, 402500, 5, 3870),
(3844, 402600, 5, 3871),
(3845, 402700, 5, 3872),
(3846, 402800, 5, 3873),
(3847, 402900, 5, 3874),
(3848, 403000, 5, 3875),
(3849, 403100, 5, 3876),
(3850, 403200, 5, 3877),
(3851, 403300, 5, 3878),
(3852, 403400, 5, 3879),
(3853, 403500, 5, 3880),
(3854, 403600, 5, 3881),
(3855, 403700, 5, 3882),
(3856, 403800, 5, 3883),
(3857, 403900, 5, 3884),
(3858, 404000, 5, 3885),
(3859, 404100, 5, 3886),
(3860, 404200, 5, 3887),
(3861, 404400, 5, 3888),
(3862, 404500, 5, 3889),
(3863, 404600, 5, 3890),
(3864, 404700, 5, 3891),
(3865, 404800, 5, 3892),
(3866, 404900, 5, 3893),
(3867, 405000, 5, 3894),
(3868, 405100, 5, 3895),
(3869, 405200, 5, 3896),
(3870, 405300, 5, 3897),
(3871, 405400, 5, 3898),
(3872, 405500, 5, 3899),
(3873, 405600, 5, 3900),
(3874, 405700, 5, 3901),
(3875, 405800, 5, 3902),
(3876, 405900, 5, 3903),
(3877, 406000, 5, 3904),
(3878, 406100, 5, 3905),
(3879, 406200, 5, 3906),
(3880, 406300, 5, 3907),
(3881, 406400, 5, 3908),
(3882, 406500, 5, 3909),
(3883, 406600, 5, 3910),
(3884, 406700, 5, 3911),
(3885, 406800, 5, 3912),
(3886, 407000, 5, 3913),
(3887, 407100, 5, 3914),
(3888, 407200, 5, 3915),
(3889, 407300, 5, 3916),
(3890, 407400, 5, 3917),
(3891, 407500, 5, 3918),
(3892, 407600, 5, 3919),
(3893, 407700, 5, 3920),
(3894, 407800, 5, 3921),
(3895, 407900, 5, 3922),
(3896, 408000, 5, 3923),
(3897, 408100, 5, 3924),
(3898, 408200, 5, 3925),
(3899, 408300, 5, 3926),
(3900, 408400, 5, 3927),
(3901, 408500, 5, 3928),
(3902, 408600, 5, 3929),
(3903, 408700, 5, 3930),
(3904, 408800, 5, 3931),
(3905, 408900, 5, 3932),
(3906, 409000, 5, 3933),
(3907, 409100, 5, 3934),
(3908, 409200, 5, 3935),
(3909, 409300, 5, 3936),
(3910, 409400, 5, 3937),
(3911, 409600, 5, 3938),
(3912, 409700, 5, 3939),
(3913, 409800, 5, 3940),
(3914, 409900, 5, 3941),
(3915, 410000, 5, 3942),
(3916, 410100, 5, 3943),
(3917, 410200, 5, 3944),
(3918, 410300, 5, 3945),
(3919, 410400, 5, 3946),
(3920, 410500, 5, 3947),
(3921, 410600, 5, 3948),
(3922, 410700, 5, 3949),
(3923, 410800, 5, 3950),
(3924, 410900, 5, 3951),
(3925, 411000, 5, 3952),
(3926, 411100, 5, 3953),
(3927, 411200, 5, 3954),
(3928, 411300, 5, 3955),
(3929, 411400, 5, 3956),
(3930, 411500, 5, 3957),
(3931, 411600, 5, 3958),
(3932, 411700, 5, 3959),
(3933, 411800, 5, 3960),
(3934, 411900, 5, 3961),
(3935, 412000, 5, 3962),
(3936, 412200, 5, 3963),
(3937, 412300, 5, 3964),
(3938, 412400, 5, 3965),
(3939, 412500, 5, 3966),
(3940, 412600, 5, 3967),
(3941, 412700, 5, 3968),
(3942, 412800, 5, 3969),
(3943, 412900, 5, 3970),
(3944, 413000, 5, 3971),
(3945, 413100, 5, 3972),
(3946, 413200, 5, 3973),
(3947, 413300, 5, 3974),
(3948, 413400, 5, 3975),
(3949, 413500, 5, 3976),
(3950, 413600, 5, 3977),
(3951, 413700, 5, 3978),
(3952, 413800, 5, 3979),
(3953, 413900, 5, 3980),
(3954, 414000, 5, 3981),
(3955, 414100, 5, 3982),
(3956, 414200, 5, 3983),
(3957, 414300, 5, 3984),
(3958, 414400, 5, 3985),
(3959, 414500, 5, 3986),
(3960, 414600, 5, 3987),
(3961, 414800, 5, 3988),
(3962, 414900, 5, 3989),
(3963, 415000, 5, 3990),
(3964, 415100, 5, 3991),
(3965, 415200, 5, 3992),
(3966, 415300, 5, 3993),
(3967, 415400, 5, 3994),
(3968, 415500, 5, 3995),
(3969, 415600, 5, 3996),
(3970, 415700, 5, 3997),
(3971, 415800, 5, 3998),
(3972, 415900, 5, 3999),
(3973, 416000, 5, 4000),
(3974, 416100, 5, 4001),
(3975, 416200, 5, 4002),
(3976, 416300, 5, 4003),
(3977, 416400, 5, 4004),
(3978, 416500, 5, 4005),
(3979, 416600, 5, 4006),
(3980, 416700, 5, 4007),
(3981, 416800, 5, 4008),
(3982, 416900, 5, 4009),
(3983, 417000, 5, 4010),
(3984, 417100, 5, 4011),
(3985, 417200, 5, 4012),
(3986, 417400, 5, 4013),
(3987, 417500, 5, 4014),
(3988, 417600, 5, 4015),
(3989, 417700, 5, 4016),
(3990, 417800, 5, 4017),
(3991, 417900, 5, 4018),
(3992, 418000, 5, 4019),
(3993, 418100, 5, 4020),
(3994, 418200, 5, 4021),
(3995, 418300, 5, 4022),
(3996, 418400, 5, 4023),
(3997, 418500, 5, 4024),
(3998, 418600, 5, 4025),
(3999, 418700, 5, 4026),
(4000, 418800, 5, 4027),
(4001, 418900, 5, 4028),
(4002, 419000, 5, 4029),
(4003, 419100, 5, 4030),
(4004, 419200, 5, 4031),
(4005, 419300, 5, 4032),
(4006, 419400, 5, 4033),
(4007, 419500, 5, 4034),
(4008, 419600, 5, 4035),
(4009, 419700, 5, 4036),
(4010, 419800, 5, 4037),
(4011, 420000, 5, 4038),
(4012, 420100, 5, 4039),
(4013, 420200, 5, 4040),
(4014, 420300, 5, 4041),
(4015, 420400, 5, 4042),
(4016, 420500, 5, 4043),
(4017, 420600, 5, 4044),
(4018, 420700, 5, 4045),
(4019, 420800, 5, 4046),
(4020, 420900, 5, 4047),
(4021, 421000, 5, 4048),
(4022, 421100, 5, 4049),
(4023, 421200, 5, 4050),
(4024, 421300, 5, 4051),
(4025, 421400, 5, 4052),
(4026, 421500, 5, 4053),
(4027, 421600, 5, 4054),
(4028, 421700, 5, 4055),
(4029, 421800, 5, 4056),
(4030, 421900, 5, 4057),
(4031, 422000, 5, 4058),
(4032, 422100, 5, 4059),
(4033, 422200, 5, 4060),
(4034, 422300, 5, 4061),
(4035, 422400, 5, 4062),
(4036, 422600, 5, 4063),
(4037, 422700, 5, 4064),
(4038, 422800, 5, 4065),
(4039, 422900, 5, 4066),
(4040, 423000, 5, 4067),
(4041, 423100, 5, 4068),
(4042, 423200, 5, 4069),
(4043, 423300, 5, 4070),
(4044, 423400, 5, 4071),
(4045, 423500, 5, 4072),
(4046, 423600, 5, 4073),
(4047, 423700, 5, 4074),
(4048, 423800, 5, 4075),
(4049, 423900, 5, 4076),
(4050, 424000, 5, 4077),
(4051, 424100, 5, 4078),
(4052, 424200, 5, 4079),
(4053, 424300, 5, 4080),
(4054, 424400, 5, 4081),
(4055, 424500, 5, 4082),
(4056, 424600, 5, 4083),
(4057, 424700, 5, 4084),
(4058, 424800, 5, 4085),
(4059, 424900, 5, 4086),
(4060, 425000, 5, 4087),
(4061, 425200, 5, 4088),
(4062, 425300, 5, 4089),
(4063, 425400, 5, 4090),
(4064, 425500, 5, 4091),
(4065, 425600, 5, 4092),
(4066, 425700, 5, 4093),
(4067, 425800, 5, 4094),
(4068, 425900, 5, 4095),
(4069, 426000, 5, 4096),
(4070, 426100, 5, 4097),
(4071, 426200, 5, 4098),
(4072, 426300, 5, 4099),
(4073, 426400, 5, 4100),
(4074, 426500, 5, 4101),
(4075, 426600, 5, 4102),
(4076, 426700, 5, 4103),
(4077, 426800, 5, 4104),
(4078, 426900, 5, 4105),
(4079, 427000, 5, 4106),
(4080, 427100, 5, 4107),
(4081, 427200, 5, 4108),
(4082, 427300, 5, 4109),
(4083, 427400, 5, 4110),
(4084, 427500, 5, 4111),
(4085, 427600, 5, 4112),
(4086, 427800, 5, 4113),
(4087, 427900, 5, 4114),
(4088, 428000, 5, 4115),
(4089, 428100, 5, 4116),
(4090, 428200, 5, 4117),
(4091, 428300, 5, 4118),
(4092, 428400, 5, 4119),
(4093, 428500, 5, 4120),
(4094, 428600, 5, 4121),
(4095, 428700, 5, 4122),
(4096, 428800, 5, 4123),
(4097, 428900, 5, 4124),
(4098, 429000, 5, 4125),
(4099, 429100, 5, 4126),
(4100, 429200, 5, 4127),
(4101, 429300, 5, 4128),
(4102, 429400, 5, 4129),
(4103, 429500, 5, 4130),
(4104, 429600, 5, 4131),
(4105, 429700, 5, 4132),
(4106, 429800, 5, 4133),
(4107, 429900, 5, 4134),
(4108, 430000, 5, 4135),
(4109, 430100, 5, 4136),
(4110, 430200, 5, 4137),
(4111, 430400, 5, 4138),
(4112, 430500, 5, 4139),
(4113, 430600, 5, 4140),
(4114, 430700, 5, 4141),
(4115, 430800, 5, 4142),
(4116, 430900, 5, 4143),
(4117, 431000, 5, 4144),
(4118, 431100, 5, 4145),
(4119, 431200, 5, 4146),
(4120, 431300, 5, 4147),
(4121, 431400, 5, 4148),
(4122, 431500, 5, 4149),
(4123, 431600, 5, 4150),
(4124, 431700, 5, 4151),
(4125, 431800, 5, 4152),
(4126, 431900, 5, 4153),
(4127, 432000, 5, 4154),
(4128, 432100, 5, 4155),
(4129, 432200, 5, 4156),
(4130, 432300, 5, 4157),
(4131, 432400, 5, 4158),
(4132, 432500, 5, 4159),
(4133, 432600, 5, 4160),
(4134, 432700, 5, 4161),
(4135, 432800, 5, 4162),
(4136, 433000, 5, 4163),
(4137, 433100, 5, 4164),
(4138, 433200, 5, 4165),
(4139, 433300, 5, 4166),
(4140, 433400, 5, 4167),
(4141, 433500, 5, 4168),
(4142, 433600, 5, 4169),
(4143, 433700, 5, 4170),
(4144, 433800, 5, 4171),
(4145, 433900, 5, 4172),
(4146, 434000, 5, 4173),
(4147, 434100, 5, 4174),
(4148, 434200, 5, 4175),
(4149, 434300, 5, 4176),
(4150, 434400, 5, 4177),
(4151, 434500, 5, 4178),
(4152, 434600, 5, 4179),
(4153, 434700, 5, 4180),
(4154, 434800, 5, 4181),
(4155, 434900, 5, 4182),
(4156, 435000, 5, 4183),
(4157, 435100, 5, 4184),
(4158, 435200, 5, 4185),
(4159, 435300, 5, 4186),
(4160, 435400, 5, 4187),
(4161, 435600, 5, 4188),
(4162, 435700, 5, 4189),
(4163, 435800, 5, 4190),
(4164, 435900, 5, 4191),
(4165, 436000, 5, 4192),
(4166, 436100, 5, 4193),
(4167, 436200, 5, 4194),
(4168, 436300, 5, 4195),
(4169, 436400, 5, 4196),
(4170, 436500, 5, 4197),
(4171, 436600, 5, 4198),
(4172, 436700, 5, 4199),
(4173, 436800, 5, 4200),
(4174, 436900, 5, 4201),
(4175, 437000, 5, 4202),
(4176, 437100, 5, 4203),
(4177, 437200, 5, 4204),
(4178, 437300, 5, 4205),
(4179, 437400, 5, 4206),
(4180, 437500, 5, 4207),
(4181, 437600, 5, 4208),
(4182, 437700, 5, 4209),
(4183, 437800, 5, 4210),
(4184, 437900, 5, 4211),
(4185, 438000, 5, 4212),
(4186, 438200, 5, 4213),
(4187, 438300, 5, 4214),
(4188, 438400, 5, 4215),
(4189, 438500, 5, 4216),
(4190, 438600, 5, 4217),
(4191, 438700, 5, 4218),
(4192, 438800, 5, 4219),
(4193, 438900, 5, 4220),
(4194, 439000, 5, 4221),
(4195, 439100, 5, 4222),
(4196, 439200, 5, 4223),
(4197, 439300, 5, 4224),
(4198, 439400, 5, 4225),
(4199, 439500, 5, 4226),
(4200, 439600, 5, 4227),
(4201, 439700, 5, 4228),
(4202, 439800, 5, 4229),
(4203, 439900, 5, 4230),
(4204, 440000, 5, 4231),
(4205, 440100, 5, 4232),
(4206, 440200, 5, 4233),
(4207, 440300, 5, 4234),
(4208, 440400, 5, 4235),
(4209, 440500, 5, 4236),
(4210, 440600, 5, 4237),
(4211, 440800, 5, 4238),
(4212, 440900, 5, 4239),
(4213, 441000, 5, 4240),
(4214, 441100, 5, 4241),
(4215, 441200, 5, 4242),
(4216, 441300, 5, 4243),
(4217, 441400, 5, 4244),
(4218, 441500, 5, 4245),
(4219, 441600, 5, 4246),
(4220, 441700, 5, 4247),
(4221, 441800, 5, 4248),
(4222, 441900, 5, 4249),
(4223, 442000, 5, 4250),
(4224, 442100, 5, 4251),
(4225, 442200, 5, 4252),
(4226, 442300, 5, 4253),
(4227, 442400, 5, 4254),
(4228, 442500, 5, 4255),
(4229, 442600, 5, 4256),
(4230, 442700, 5, 4257),
(4231, 442800, 5, 4258),
(4232, 442900, 5, 4259),
(4233, 443000, 5, 4260),
(4234, 443100, 5, 4261),
(4235, 443200, 5, 4262),
(4236, 443400, 5, 4263),
(4237, 443500, 5, 4264),
(4238, 443600, 5, 4265),
(4239, 443700, 5, 4266),
(4240, 443800, 5, 4267),
(4241, 443900, 5, 4268),
(4242, 444000, 5, 4269),
(4243, 444100, 5, 4270),
(4244, 444200, 5, 4271),
(4245, 444300, 5, 4272),
(4246, 444400, 5, 4273),
(4247, 444500, 5, 4274),
(4248, 444600, 5, 4275),
(4249, 444700, 5, 4276),
(4250, 444800, 5, 4277),
(4251, 444900, 5, 4278),
(4252, 445000, 5, 4279),
(4253, 445100, 5, 4280),
(4254, 445200, 5, 4281),
(4255, 445300, 5, 4282),
(4256, 445400, 5, 4283),
(4257, 445500, 5, 4284),
(4258, 445600, 5, 4285),
(4259, 445700, 5, 4286),
(4260, 445800, 5, 4287),
(4261, 446000, 5, 4288),
(4262, 446100, 5, 4289),
(4263, 446200, 5, 4290),
(4264, 446300, 5, 4291),
(4265, 446400, 5, 4292),
(4266, 446500, 5, 4293),
(4267, 446600, 5, 4294),
(4268, 446700, 5, 4295),
(4269, 446800, 5, 4296),
(4270, 446900, 5, 4297),
(4271, 447000, 5, 4298),
(4272, 447100, 5, 4299),
(4273, 447200, 5, 4300),
(4274, 447300, 5, 4301),
(4275, 447400, 5, 4302),
(4276, 447500, 5, 4303),
(4277, 447600, 5, 4304),
(4278, 447700, 5, 4305),
(4279, 447800, 5, 4306),
(4280, 447900, 5, 4307),
(4281, 448000, 5, 4308),
(4282, 448100, 5, 4309),
(4283, 448200, 5, 4310),
(4284, 448300, 5, 4311),
(4285, 448400, 5, 4312),
(4286, 448600, 5, 4313),
(4287, 448700, 5, 4314),
(4288, 448800, 5, 4315),
(4289, 448900, 5, 4316),
(4290, 449000, 5, 4317),
(4291, 449100, 5, 4318),
(4292, 449200, 5, 4319),
(4293, 449300, 5, 4320),
(4294, 449400, 5, 4321),
(4295, 449500, 5, 4322),
(4296, 449600, 5, 4323),
(4297, 449700, 5, 4324),
(4298, 449800, 5, 4325),
(4299, 449900, 5, 4326),
(4300, 450000, 5, 4327),
(4301, 450100, 5, 4328),
(4302, 450200, 5, 4329),
(4303, 450300, 5, 4330),
(4304, 450400, 5, 4331),
(4305, 450500, 5, 4332),
(4306, 450600, 5, 4333),
(4307, 450700, 5, 4334),
(4308, 450800, 5, 4335),
(4309, 450900, 5, 4336),
(4310, 451000, 5, 4337),
(4311, 451200, 5, 4338),
(4312, 451300, 5, 4339),
(4313, 451400, 5, 4340),
(4314, 451500, 5, 4341),
(4315, 451600, 5, 4342),
(4316, 451700, 5, 4343),
(4317, 451800, 5, 4344),
(4318, 451900, 5, 4345),
(4319, 452000, 5, 4346),
(4320, 452100, 5, 4347),
(4321, 452200, 5, 4348),
(4322, 452300, 5, 4349),
(4323, 452400, 5, 4350),
(4324, 452500, 5, 4351),
(4325, 452600, 5, 4352),
(4326, 452700, 5, 4353),
(4327, 452800, 5, 4354),
(4328, 452900, 5, 4355),
(4329, 453000, 5, 4356),
(4330, 453100, 5, 4357),
(4331, 453200, 5, 4358),
(4332, 453300, 5, 4359),
(4333, 453400, 5, 4360),
(4334, 453500, 5, 4361),
(4335, 453600, 5, 4362),
(4336, 453800, 5, 4363),
(4337, 453900, 5, 4364),
(4338, 454000, 5, 4365),
(4339, 454100, 5, 4366),
(4340, 454200, 5, 4367),
(4341, 454300, 5, 4368),
(4342, 454400, 5, 4369),
(4343, 454500, 5, 4370),
(4344, 454600, 5, 4371),
(4345, 454700, 5, 4372),
(4346, 454800, 5, 4373),
(4347, 454900, 5, 4374),
(4348, 455000, 5, 4375),
(4349, 455100, 5, 4376),
(4350, 455200, 5, 4377),
(4351, 455300, 5, 4378),
(4352, 455400, 5, 4379),
(4353, 455500, 5, 4380),
(4354, 455600, 5, 4381),
(4355, 455700, 5, 4382),
(4356, 455800, 5, 4383),
(4357, 455900, 5, 4384),
(4358, 456000, 5, 4385),
(4359, 456100, 5, 4386),
(4360, 456200, 5, 4387),
(4361, 456400, 5, 4388),
(4362, 456500, 5, 4389),
(4363, 456600, 5, 4390),
(4364, 456700, 5, 4391),
(4365, 456800, 5, 4392),
(4366, 456900, 5, 4393),
(4367, 457000, 5, 4394),
(4368, 457100, 5, 4395),
(4369, 457200, 5, 4396),
(4370, 457300, 5, 4397),
(4371, 457400, 5, 4398),
(4372, 457500, 5, 4399),
(4373, 457600, 5, 4400),
(4374, 457700, 5, 4401),
(4375, 457800, 5, 4402),
(4376, 457900, 5, 4403),
(4377, 458000, 5, 4404),
(4378, 458100, 5, 4405),
(4379, 458200, 5, 4406),
(4380, 458300, 5, 4407),
(4381, 458400, 5, 4408),
(4382, 458500, 5, 4409),
(4383, 458600, 5, 4410),
(4384, 458700, 5, 4411),
(4385, 458800, 5, 4412),
(4386, 459000, 5, 4413),
(4387, 459100, 5, 4414),
(4388, 459200, 5, 4415),
(4389, 459300, 5, 4416),
(4390, 459400, 5, 4417),
(4391, 459500, 5, 4418),
(4392, 459600, 5, 4419),
(4393, 459700, 5, 4420),
(4394, 459800, 5, 4421),
(4395, 459900, 5, 4422),
(4396, 460000, 5, 4423),
(4397, 460100, 5, 4424),
(4398, 460200, 5, 4425),
(4399, 460300, 5, 4426),
(4400, 460400, 5, 4427),
(4401, 460500, 5, 4428),
(4402, 460600, 5, 4429),
(4403, 460700, 5, 4430),
(4404, 460800, 5, 4431),
(4405, 460900, 5, 4432),
(4406, 461000, 5, 4433),
(4407, 461100, 5, 4434),
(4408, 461200, 5, 4435),
(4409, 461300, 5, 4436),
(4410, 461400, 5, 4437),
(4411, 461600, 5, 4438),
(4412, 461700, 5, 4439),
(4413, 461800, 5, 4440),
(4414, 461900, 5, 4441),
(4415, 462000, 5, 4442),
(4416, 462100, 5, 4443),
(4417, 462200, 5, 4444),
(4418, 462300, 5, 4445),
(4419, 462400, 5, 4446),
(4420, 462500, 5, 4447),
(4421, 462600, 5, 4448),
(4422, 462700, 5, 4449),
(4423, 462800, 5, 4450),
(4424, 462900, 5, 4451),
(4425, 463000, 5, 4452),
(4426, 463100, 5, 4453),
(4427, 463200, 5, 4454),
(4428, 463300, 5, 4455),
(4429, 463400, 5, 4456),
(4430, 463500, 5, 4457),
(4431, 463600, 5, 4458),
(4432, 463700, 5, 4459),
(4433, 463800, 5, 4460),
(4434, 463900, 5, 4461),
(4435, 464000, 5, 4462),
(4436, 464200, 5, 4463),
(4437, 464300, 5, 4464),
(4438, 464400, 5, 4465),
(4439, 464500, 5, 4466),
(4440, 464600, 5, 4467),
(4441, 464700, 5, 4468),
(4442, 464800, 5, 4469),
(4443, 464900, 5, 4470),
(4444, 465000, 5, 4471),
(4445, 465100, 5, 4472),
(4446, 465200, 5, 4473),
(4447, 465300, 5, 4474),
(4448, 465400, 5, 4475),
(4449, 465500, 5, 4476),
(4450, 465600, 5, 4477),
(4451, 465700, 5, 4478),
(4452, 465800, 5, 4479),
(4453, 465900, 5, 4480),
(4454, 466000, 5, 4481),
(4455, 466100, 5, 4482),
(4456, 466200, 5, 4483),
(4457, 466300, 5, 4484),
(4458, 466400, 5, 4485),
(4459, 466500, 5, 4486),
(4460, 466600, 5, 4487),
(4461, 466800, 5, 4488),
(4462, 466900, 5, 4489),
(4463, 467000, 5, 4490),
(4464, 467100, 5, 4491),
(4465, 467200, 5, 4492),
(4466, 467300, 5, 4493),
(4467, 467400, 5, 4494),
(4468, 467500, 5, 4495),
(4469, 467600, 5, 4496),
(4470, 467700, 5, 4497),
(4471, 467800, 5, 4498),
(4472, 467900, 5, 4499),
(4473, 468000, 5, 4500),
(4474, 468100, 5, 4501),
(4475, 468200, 5, 4502),
(4476, 468300, 5, 4503),
(4477, 468400, 5, 4504);
INSERT INTO `taxes_rate` (`id`, `value`, `discount_increase`, `unit`) VALUES
(4478, 468500, 5, 4505),
(4479, 468600, 5, 4506),
(4480, 468700, 5, 4507),
(4481, 468800, 5, 4508),
(4482, 468900, 5, 4509),
(4483, 469000, 5, 4510),
(4484, 469100, 5, 4511),
(4485, 469200, 5, 4512),
(4486, 469400, 5, 4513),
(4487, 469500, 5, 4514),
(4488, 469600, 5, 4515),
(4489, 469700, 5, 4516),
(4490, 469800, 5, 4517),
(4491, 469900, 5, 4518),
(4492, 470000, 5, 4519),
(4493, 470100, 5, 4520),
(4494, 470200, 5, 4521),
(4495, 470300, 5, 4522),
(4496, 470400, 5, 4523),
(4497, 470500, 5, 4524),
(4498, 470600, 5, 4525),
(4499, 470700, 5, 4526),
(4500, 470800, 5, 4527),
(4501, 470900, 5, 4528),
(4502, 471000, 5, 4529),
(4503, 471100, 5, 4530),
(4504, 471200, 5, 4531),
(4505, 471300, 5, 4532),
(4506, 471400, 5, 4533),
(4507, 471500, 5, 4534),
(4508, 471600, 5, 4535),
(4509, 471700, 5, 4536),
(4510, 471800, 5, 4537),
(4511, 472000, 5, 4538),
(4512, 472100, 5, 4539),
(4513, 472200, 5, 4540),
(4514, 472300, 5, 4541),
(4515, 472400, 5, 4542),
(4516, 472500, 5, 4543),
(4517, 472600, 5, 4544),
(4518, 472700, 5, 4545),
(4519, 472800, 5, 4546),
(4520, 472900, 5, 4547),
(4521, 473000, 5, 4548),
(4522, 473100, 5, 4549),
(4523, 473200, 5, 4550),
(4524, 473300, 5, 4551),
(4525, 473400, 5, 4552),
(4526, 473500, 5, 4553),
(4527, 473600, 5, 4554),
(4528, 473700, 5, 4555),
(4529, 473800, 5, 4556),
(4530, 473900, 5, 4557),
(4531, 474000, 5, 4558),
(4532, 474100, 5, 4559),
(4533, 474200, 5, 4560),
(4534, 474300, 5, 4561),
(4535, 474400, 5, 4562),
(4536, 474600, 5, 4563),
(4537, 474700, 5, 4564),
(4538, 474800, 5, 4565),
(4539, 474900, 5, 4566),
(4540, 475000, 5, 4567),
(4541, 475100, 5, 4568),
(4542, 475200, 5, 4569),
(4543, 475300, 5, 4570),
(4544, 475400, 5, 4571),
(4545, 475500, 5, 4572),
(4546, 475600, 5, 4573),
(4547, 475700, 5, 4574),
(4548, 475800, 5, 4575),
(4549, 475900, 5, 4576),
(4550, 476000, 5, 4577),
(4551, 476100, 5, 4578),
(4552, 476200, 5, 4579),
(4553, 476300, 5, 4580),
(4554, 476400, 5, 4581),
(4555, 476500, 5, 4582),
(4556, 476600, 5, 4583),
(4557, 476700, 5, 4584),
(4558, 476800, 5, 4585),
(4559, 476900, 5, 4586),
(4560, 477000, 5, 4587),
(4561, 477200, 5, 4588),
(4562, 477300, 5, 4589),
(4563, 477400, 5, 4590),
(4564, 477500, 5, 4591),
(4565, 477600, 5, 4592),
(4566, 477700, 5, 4593),
(4567, 477800, 5, 4594),
(4568, 477900, 5, 4595),
(4569, 478000, 5, 4596),
(4570, 478100, 5, 4597),
(4571, 478200, 5, 4598),
(4572, 478300, 5, 4599),
(4573, 478400, 5, 4600),
(4574, 478500, 5, 4601),
(4575, 478600, 5, 4602),
(4576, 478700, 5, 4603),
(4577, 478800, 5, 4604),
(4578, 478900, 5, 4605),
(4579, 479000, 5, 4606),
(4580, 479100, 5, 4607),
(4581, 479200, 5, 4608),
(4582, 479300, 5, 4609),
(4583, 479400, 5, 4610),
(4584, 479500, 5, 4611),
(4585, 479600, 5, 4612),
(4586, 479800, 5, 4613),
(4587, 479900, 5, 4614),
(4588, 480000, 5, 4615),
(4589, 480100, 5, 4616),
(4590, 480200, 5, 4617),
(4591, 480300, 5, 4618),
(4592, 480400, 5, 4619),
(4593, 480500, 5, 4620),
(4594, 480600, 5, 4621),
(4595, 480700, 5, 4622),
(4596, 480800, 5, 4623),
(4597, 480900, 5, 4624),
(4598, 481000, 5, 4625),
(4599, 481100, 5, 4626),
(4600, 481200, 5, 4627),
(4601, 481300, 5, 4628),
(4602, 481400, 5, 4629),
(4603, 481500, 5, 4630),
(4604, 481600, 5, 4631),
(4605, 481700, 5, 4632),
(4606, 481800, 5, 4633),
(4607, 481900, 5, 4634),
(4608, 482000, 5, 4635),
(4609, 482100, 5, 4636),
(4610, 482200, 5, 4637),
(4611, 482400, 5, 4638),
(4612, 482500, 5, 4639),
(4613, 482600, 5, 4640),
(4614, 482700, 5, 4641),
(4615, 482800, 5, 4642),
(4616, 482900, 5, 4643),
(4617, 483000, 5, 4644),
(4618, 483100, 5, 4645),
(4619, 483200, 5, 4646),
(4620, 483300, 5, 4647),
(4621, 483400, 5, 4648),
(4622, 483500, 5, 4649),
(4623, 483600, 5, 4650),
(4624, 483700, 5, 4651),
(4625, 483800, 5, 4652),
(4626, 483900, 5, 4653),
(4627, 484000, 5, 4654),
(4628, 484100, 5, 4655),
(4629, 484200, 5, 4656),
(4630, 484300, 5, 4657),
(4631, 484400, 5, 4658),
(4632, 484500, 5, 4659),
(4633, 484600, 5, 4660),
(4634, 484700, 5, 4661),
(4635, 484800, 5, 4662),
(4636, 485000, 5, 4663),
(4637, 485100, 5, 4664),
(4638, 485200, 5, 4665),
(4639, 485300, 5, 4666),
(4640, 485400, 5, 4667),
(4641, 485500, 5, 4668),
(4642, 485600, 5, 4669),
(4643, 485700, 5, 4670),
(4644, 485800, 5, 4671),
(4645, 485900, 5, 4672),
(4646, 486000, 5, 4673),
(4647, 486100, 5, 4674),
(4648, 486200, 5, 4675),
(4649, 486300, 5, 4676),
(4650, 486400, 5, 4677),
(4651, 486500, 5, 4678),
(4652, 486600, 5, 4679),
(4653, 486700, 5, 4680),
(4654, 486800, 5, 4681),
(4655, 486900, 5, 4682),
(4656, 487000, 5, 4683),
(4657, 487100, 5, 4684),
(4658, 487200, 5, 4685),
(4659, 487300, 5, 4686),
(4660, 487400, 5, 4687),
(4661, 487600, 5, 4688),
(4662, 487700, 5, 4689),
(4663, 487800, 5, 4690),
(4664, 487900, 5, 4691),
(4665, 488000, 5, 4692),
(4666, 488100, 5, 4693),
(4667, 488200, 5, 4694),
(4668, 488300, 5, 4695),
(4669, 488400, 5, 4696),
(4670, 488500, 5, 4697),
(4671, 488600, 5, 4698),
(4672, 488700, 5, 4699),
(4673, 488800, 5, 4700),
(4674, 488900, 5, 4701),
(4675, 489000, 5, 4702),
(4676, 489100, 5, 4703),
(4677, 489200, 5, 4704),
(4678, 489300, 5, 4705),
(4679, 489400, 5, 4706),
(4680, 489500, 5, 4707),
(4681, 489600, 5, 4708),
(4682, 489700, 5, 4709),
(4683, 489800, 5, 4710),
(4684, 489900, 5, 4711),
(4685, 490000, 5, 4712),
(4686, 490200, 5, 4713),
(4687, 490300, 5, 4714),
(4688, 490400, 5, 4715),
(4689, 490500, 5, 4716),
(4690, 490600, 5, 4717),
(4691, 490700, 5, 4718),
(4692, 490800, 5, 4719),
(4693, 490900, 5, 4720),
(4694, 491000, 5, 4721),
(4695, 491100, 5, 4722),
(4696, 491200, 5, 4723),
(4697, 491300, 5, 4724),
(4698, 491400, 5, 4725),
(4699, 491500, 5, 4726),
(4700, 491600, 5, 4727),
(4701, 491700, 5, 4728),
(4702, 491800, 5, 4729),
(4703, 491900, 5, 4730),
(4704, 492000, 5, 4731),
(4705, 492100, 5, 4732),
(4706, 492200, 5, 4733),
(4707, 492300, 5, 4734),
(4708, 492400, 5, 4735),
(4709, 492500, 5, 4736),
(4710, 492600, 5, 4737),
(4711, 492800, 5, 4738),
(4712, 492900, 5, 4739),
(4713, 493000, 5, 4740),
(4714, 493100, 5, 4741),
(4715, 493200, 5, 4742),
(4716, 493300, 5, 4743),
(4717, 493400, 5, 4744),
(4718, 493500, 5, 4745),
(4719, 493600, 5, 4746),
(4720, 493700, 5, 4747),
(4721, 493800, 5, 4748),
(4722, 493900, 5, 4749),
(4723, 494000, 5, 4750),
(4724, 494100, 5, 4751),
(4725, 494200, 5, 4752),
(4726, 494300, 5, 4753),
(4727, 494400, 5, 4754),
(4728, 494500, 5, 4755),
(4729, 494600, 5, 4756),
(4730, 494700, 5, 4757),
(4731, 494800, 5, 4758),
(4732, 494900, 5, 4759),
(4733, 495000, 5, 4760),
(4734, 495100, 5, 4761),
(4735, 495200, 5, 4762),
(4736, 495400, 5, 4763),
(4737, 495500, 5, 4764),
(4738, 495600, 5, 4765),
(4739, 495700, 5, 4766),
(4740, 495800, 5, 4767),
(4741, 495900, 5, 4768),
(4742, 496000, 5, 4769),
(4743, 496100, 5, 4770),
(4744, 496200, 5, 4771),
(4745, 496300, 5, 4772),
(4746, 496400, 5, 4773),
(4747, 496500, 5, 4774),
(4748, 496600, 5, 4775),
(4749, 496700, 5, 4776),
(4750, 496800, 5, 4777),
(4751, 496900, 5, 4778),
(4752, 497000, 5, 4779),
(4753, 497100, 5, 4780),
(4754, 497200, 5, 4781),
(4755, 497300, 5, 4782),
(4756, 497400, 5, 4783),
(4757, 497500, 5, 4784),
(4758, 497600, 5, 4785),
(4759, 497700, 5, 4786),
(4760, 497800, 5, 4787),
(4761, 498000, 5, 4788),
(4762, 498100, 5, 4789),
(4763, 498200, 5, 4790),
(4764, 498300, 5, 4791),
(4765, 498400, 5, 4792),
(4766, 498500, 5, 4793),
(4767, 498600, 5, 4794),
(4768, 498700, 5, 4795),
(4769, 498800, 5, 4796),
(4770, 498900, 5, 4797),
(4771, 499000, 5, 4798),
(4772, 499100, 5, 4799),
(4773, 499200, 5, 4800),
(4774, 499300, 5, 4801),
(4775, 499400, 5, 4802),
(4776, 499500, 5, 4803),
(4777, 499600, 5, 4804),
(4778, 499700, 5, 4805),
(4779, 499800, 5, 4806),
(4780, 499900, 5, 4807),
(4781, 500000, 5, 4808),
(4782, 500100, 5, 4809),
(4783, 500200, 5, 4810),
(4784, 500300, 5, 4811),
(4785, 500400, 5, 4812),
(4786, 500600, 5, 4813),
(4787, 500700, 5, 4814),
(4788, 500800, 5, 4815),
(4789, 500900, 5, 4816),
(4790, 501000, 5, 4817),
(4791, 501100, 5, 4818),
(4792, 501200, 5, 4819),
(4793, 501300, 5, 4820),
(4794, 501400, 5, 4821),
(4795, 501500, 5, 4822),
(4796, 501600, 5, 4823),
(4797, 501700, 5, 4824),
(4798, 501800, 5, 4825),
(4799, 501900, 5, 4826),
(4800, 502000, 5, 4827),
(4801, 502100, 5, 4828),
(4802, 502200, 5, 4829),
(4803, 502300, 5, 4830),
(4804, 502400, 5, 4831),
(4805, 502500, 5, 4832),
(4806, 502600, 5, 4833),
(4807, 502700, 5, 4834),
(4808, 502800, 5, 4835),
(4809, 502900, 5, 4836),
(4810, 503000, 5, 4837),
(4811, 503200, 5, 4838),
(4812, 503300, 5, 4839),
(4813, 503400, 5, 4840),
(4814, 503500, 5, 4841),
(4815, 503600, 5, 4842),
(4816, 503700, 5, 4843),
(4817, 503800, 5, 4844),
(4818, 503900, 5, 4845),
(4819, 504000, 5, 4846),
(4820, 504100, 5, 4847),
(4821, 504200, 5, 4848),
(4822, 504300, 5, 4849),
(4823, 504400, 5, 4850),
(4824, 504500, 5, 4851),
(4825, 504600, 5, 4852),
(4826, 504700, 5, 4853),
(4827, 504800, 5, 4854),
(4828, 504900, 5, 4855),
(4829, 505000, 5, 4856),
(4830, 505100, 5, 4857),
(4831, 505200, 5, 4858),
(4832, 505300, 5, 4859),
(4833, 505400, 5, 4860),
(4834, 505500, 5, 4861),
(4835, 505600, 5, 4862),
(4836, 505800, 5, 4863),
(4837, 505900, 5, 4864),
(4838, 506000, 5, 4865),
(4839, 506100, 5, 4866),
(4840, 506200, 5, 4867),
(4841, 506300, 5, 4868),
(4842, 506400, 5, 4869),
(4843, 506500, 5, 4870),
(4844, 506600, 5, 4871),
(4845, 506700, 5, 4872),
(4846, 506800, 5, 4873),
(4847, 506900, 5, 4874),
(4848, 507000, 5, 4875),
(4849, 507100, 5, 4876),
(4850, 507200, 5, 4877),
(4851, 507300, 5, 4878),
(4852, 507400, 5, 4879),
(4853, 507500, 5, 4880),
(4854, 507600, 5, 4881),
(4855, 507700, 5, 4882),
(4856, 507800, 5, 4883),
(4857, 507900, 5, 4884),
(4858, 508000, 5, 4885),
(4859, 508100, 5, 4886),
(4860, 508200, 5, 4887),
(4861, 508400, 5, 4888),
(4862, 508500, 5, 4889),
(4863, 508600, 5, 4890),
(4864, 508700, 5, 4891),
(4865, 508800, 5, 4892),
(4866, 508900, 5, 4893),
(4867, 509000, 5, 4894),
(4868, 509100, 5, 4895),
(4869, 509200, 5, 4896),
(4870, 509300, 5, 4897),
(4871, 509400, 5, 4898),
(4872, 509500, 5, 4899),
(4873, 509600, 5, 4900),
(4874, 509700, 5, 4901),
(4875, 509800, 5, 4902),
(4876, 509900, 5, 4903),
(4877, 510000, 5, 4904),
(4878, 510100, 5, 4905),
(4879, 510200, 5, 4906),
(4880, 510300, 5, 4907),
(4881, 510400, 5, 4908),
(4882, 510500, 5, 4909),
(4883, 510600, 5, 4910),
(4884, 510700, 5, 4911),
(4885, 510800, 5, 4912),
(4886, 511000, 5, 4913),
(4887, 511100, 5, 4914),
(4888, 511200, 5, 4915),
(4889, 511300, 5, 4916),
(4890, 511400, 5, 4917),
(4891, 511500, 5, 4918),
(4892, 511600, 5, 4919),
(4893, 511700, 5, 4920),
(4894, 511800, 5, 4921),
(4895, 511900, 5, 4922),
(4896, 512000, 5, 4923),
(4897, 512100, 5, 4924),
(4898, 512200, 5, 4925),
(4899, 512300, 5, 4926),
(4900, 512400, 5, 4927),
(4901, 512500, 5, 4928),
(4902, 512600, 5, 4929),
(4903, 512700, 5, 4930),
(4904, 512800, 5, 4931),
(4905, 512900, 5, 4932),
(4906, 513000, 5, 4933),
(4907, 513100, 5, 4934),
(4908, 513200, 5, 4935),
(4909, 513300, 5, 4936),
(4910, 513400, 5, 4937),
(4911, 513600, 5, 4938),
(4912, 513700, 5, 4939),
(4913, 513800, 5, 4940),
(4914, 513900, 5, 4941),
(4915, 514000, 5, 4942),
(4916, 514100, 5, 4943),
(4917, 514200, 5, 4944),
(4918, 514300, 5, 4945),
(4919, 514400, 5, 4946),
(4920, 514500, 5, 4947),
(4921, 514600, 5, 4948),
(4922, 514700, 5, 4949),
(4923, 514800, 5, 4950),
(4924, 514900, 5, 4951),
(4925, 515000, 5, 4952),
(4926, 515100, 5, 4953),
(4927, 515200, 5, 4954),
(4928, 515300, 5, 4955),
(4929, 515400, 5, 4956),
(4930, 515500, 5, 4957),
(4931, 515600, 5, 4958),
(4932, 515700, 5, 4959),
(4933, 515800, 5, 4960),
(4934, 515900, 5, 4961),
(4935, 516000, 5, 4962),
(4936, 516200, 5, 4963),
(4937, 516300, 5, 4964),
(4938, 516400, 5, 4965),
(4939, 516500, 5, 4966),
(4940, 516600, 5, 4967),
(4941, 516700, 5, 4968),
(4942, 516800, 5, 4969),
(4943, 516900, 5, 4970),
(4944, 517000, 5, 4971),
(4945, 517100, 5, 4972),
(4946, 517200, 5, 4973),
(4947, 517300, 5, 4974),
(4948, 517400, 5, 4975),
(4949, 517500, 5, 4976),
(4950, 517600, 5, 4977),
(4951, 517700, 5, 4978),
(4952, 517800, 5, 4979),
(4953, 517900, 5, 4980),
(4954, 518000, 5, 4981),
(4955, 518100, 5, 4982),
(4956, 518200, 5, 4983),
(4957, 518300, 5, 4984),
(4958, 518400, 5, 4985),
(4959, 518500, 5, 4986),
(4960, 518600, 5, 4987),
(4961, 518800, 5, 4988),
(4962, 518900, 5, 4989),
(4963, 519000, 5, 4990),
(4964, 519100, 5, 4991),
(4965, 519200, 5, 4992),
(4966, 519300, 5, 4993),
(4967, 519400, 5, 4994),
(4968, 519500, 5, 4995),
(4969, 519600, 5, 4996),
(4970, 519700, 5, 4997),
(4971, 519800, 5, 4998),
(4972, 519900, 5, 4999),
(4973, 520000, 5, 5000),
(4974, 520100, 5, 5001),
(4975, 520200, 5, 5002),
(4976, 520300, 5, 5003),
(4977, 520400, 5, 5004),
(4978, 520500, 5, 5005),
(4979, 520600, 5, 5006),
(4980, 520700, 5, 5007),
(4981, 520800, 5, 5008),
(4982, 520900, 5, 5009),
(4983, 521000, 5, 5010),
(4984, 521100, 5, 5011),
(4985, 521200, 5, 5012),
(4986, 521400, 5, 5013),
(4987, 521500, 5, 5014),
(4988, 521600, 5, 5015),
(4989, 521700, 5, 5016),
(4990, 521800, 5, 5017),
(4991, 521900, 5, 5018),
(4992, 522000, 5, 5019),
(4993, 522100, 5, 5020),
(4994, 522200, 5, 5021),
(4995, 522300, 5, 5022),
(4996, 522400, 5, 5023),
(4997, 522500, 5, 5024),
(4998, 522600, 5, 5025),
(4999, 522700, 5, 5026),
(5000, 522800, 5, 5027),
(5001, 522900, 5, 5028),
(5002, 523000, 5, 5029),
(5003, 523100, 5, 5030),
(5004, 523200, 5, 5031),
(5005, 523300, 5, 5032),
(5006, 523400, 5, 5033),
(5007, 523500, 5, 5034),
(5008, 523600, 5, 5035),
(5009, 523700, 5, 5036),
(5010, 523800, 5, 5037),
(5011, 524000, 5, 5038),
(5012, 524100, 5, 5039),
(5013, 524200, 5, 5040),
(5014, 524300, 5, 5041),
(5015, 524400, 5, 5042),
(5016, 524500, 5, 5043),
(5017, 524600, 5, 5044),
(5018, 524700, 5, 5045),
(5019, 524800, 5, 5046),
(5020, 524900, 5, 5047),
(5021, 525000, 5, 5048),
(5022, 525100, 5, 5049),
(5023, 525200, 5, 5050),
(5024, 525300, 5, 5051),
(5025, 525400, 5, 5052),
(5026, 525500, 5, 5053),
(5027, 525600, 5, 5054),
(5028, 525700, 5, 5055),
(5029, 525800, 5, 5056),
(5030, 525900, 5, 5057),
(5031, 526000, 5, 5058),
(5032, 526100, 5, 5059),
(5033, 526200, 5, 5060),
(5034, 526300, 5, 5061),
(5035, 526400, 5, 5062),
(5036, 526600, 5, 5063),
(5037, 526700, 5, 5064),
(5038, 526800, 5, 5065),
(5039, 526900, 5, 5066),
(5040, 527000, 5, 5067),
(5041, 527100, 5, 5068),
(5042, 527200, 5, 5069),
(5043, 527300, 5, 5070),
(5044, 527400, 5, 5071),
(5045, 527500, 5, 5072),
(5046, 527600, 5, 5073),
(5047, 527700, 5, 5074),
(5048, 527800, 5, 5075),
(5049, 527900, 5, 5076),
(5050, 528000, 5, 5077),
(5051, 528100, 5, 5078),
(5052, 528200, 5, 5079),
(5053, 528300, 5, 5080),
(5054, 528400, 5, 5081),
(5055, 528500, 5, 5082),
(5056, 528600, 5, 5083),
(5057, 528700, 5, 5084),
(5058, 528800, 5, 5085),
(5059, 528900, 5, 5086),
(5060, 529000, 5, 5087),
(5061, 529200, 5, 5088),
(5062, 529300, 5, 5089),
(5063, 529400, 5, 5090),
(5064, 529500, 5, 5091),
(5065, 529600, 5, 5092),
(5066, 529700, 5, 5093),
(5067, 529800, 5, 5094),
(5068, 529900, 5, 5095),
(5069, 530000, 5, 5096),
(5070, 530100, 5, 5097),
(5071, 530200, 5, 5098),
(5072, 530300, 5, 5099),
(5073, 530400, 5, 5100),
(5074, 530500, 5, 5101),
(5075, 530600, 5, 5102),
(5076, 530700, 5, 5103),
(5077, 530800, 5, 5104),
(5078, 530900, 5, 5105),
(5079, 531000, 5, 5106),
(5080, 531100, 5, 5107),
(5081, 531200, 5, 5108),
(5082, 531300, 5, 5109),
(5083, 531400, 5, 5110),
(5084, 531500, 5, 5111),
(5085, 531600, 5, 5112),
(5086, 531800, 5, 5113),
(5087, 531900, 5, 5114),
(5088, 532000, 5, 5115),
(5089, 532100, 5, 5116),
(5090, 532200, 5, 5117),
(5091, 532300, 5, 5118),
(5092, 532400, 5, 5119),
(5093, 532500, 5, 5120),
(5094, 532600, 5, 5121),
(5095, 532700, 5, 5122),
(5096, 532800, 5, 5123),
(5097, 532900, 5, 5124),
(5098, 533000, 5, 5125),
(5099, 533100, 5, 5126),
(5100, 533200, 5, 5127),
(5101, 533300, 5, 5128),
(5102, 533400, 5, 5129),
(5103, 533500, 5, 5130),
(5104, 533600, 5, 5131),
(5105, 533700, 5, 5132),
(5106, 533800, 5, 5133),
(5107, 533900, 5, 5134),
(5108, 534000, 5, 5135),
(5109, 534100, 5, 5136),
(5110, 534200, 5, 5137),
(5111, 534400, 5, 5138),
(5112, 534500, 5, 5139),
(5113, 534600, 5, 5140),
(5114, 534700, 5, 5141),
(5115, 534800, 5, 5142),
(5116, 534900, 5, 5143),
(5117, 535000, 5, 5144),
(5118, 535100, 5, 5145),
(5119, 535200, 5, 5146),
(5120, 535300, 5, 5147),
(5121, 535400, 5, 5148),
(5122, 535500, 5, 5149),
(5123, 535600, 5, 5150),
(5124, 535700, 5, 5151),
(5125, 535800, 5, 5152),
(5126, 535900, 5, 5153),
(5127, 536000, 5, 5154),
(5128, 536100, 5, 5155),
(5129, 536200, 5, 5156),
(5130, 536300, 5, 5157),
(5131, 536400, 5, 5158),
(5132, 536500, 5, 5159),
(5133, 536600, 5, 5160),
(5134, 536700, 5, 5161),
(5135, 536800, 5, 5162),
(5136, 537000, 5, 5163),
(5137, 537100, 5, 5164),
(5138, 537200, 5, 5165),
(5139, 537300, 5, 5166),
(5140, 537400, 5, 5167),
(5141, 537500, 5, 5168),
(5142, 537600, 5, 5169),
(5143, 537700, 5, 5170),
(5144, 537800, 5, 5171),
(5145, 537900, 5, 5172),
(5146, 538000, 5, 5173),
(5147, 538100, 5, 5174),
(5148, 538200, 5, 5175),
(5149, 538300, 5, 5176),
(5150, 538400, 5, 5177),
(5151, 538500, 5, 5178),
(5152, 538600, 5, 5179),
(5153, 538700, 5, 5180),
(5154, 538800, 5, 5181),
(5155, 538900, 5, 5182),
(5156, 539000, 5, 5183),
(5157, 539100, 5, 5184),
(5158, 539200, 5, 5185),
(5159, 539300, 5, 5186),
(5160, 539400, 5, 5187),
(5161, 539600, 5, 5188),
(5162, 539700, 5, 5189),
(5163, 539800, 5, 5190),
(5164, 539900, 5, 5191),
(5165, 540000, 5, 5192),
(5166, 540100, 5, 5193),
(5167, 540200, 5, 5194),
(5168, 540300, 5, 5195),
(5169, 540400, 5, 5196),
(5170, 540500, 5, 5197),
(5171, 540600, 5, 5198),
(5172, 540700, 5, 5199),
(5173, 540800, 5, 5200),
(5174, 540900, 5, 5201),
(5175, 541000, 5, 5202),
(5176, 541100, 5, 5203),
(5177, 541200, 5, 5204),
(5178, 541300, 5, 5205),
(5179, 541400, 5, 5206),
(5180, 541500, 5, 5207),
(5181, 541600, 5, 5208),
(5182, 541700, 5, 5209),
(5183, 541800, 5, 5210),
(5184, 541900, 5, 5211),
(5185, 542000, 5, 5212),
(5186, 542200, 5, 5213),
(5187, 542300, 5, 5214),
(5188, 542400, 5, 5215),
(5189, 542500, 5, 5216),
(5190, 542600, 5, 5217),
(5191, 542700, 5, 5218),
(5192, 542800, 5, 5219),
(5193, 542900, 5, 5220),
(5194, 543000, 5, 5221),
(5195, 543100, 5, 5222),
(5196, 543200, 5, 5223),
(5197, 543300, 5, 5224),
(5198, 543400, 5, 5225),
(5199, 543500, 5, 5226),
(5200, 543600, 5, 5227),
(5201, 543700, 5, 5228),
(5202, 543800, 5, 5229),
(5203, 543900, 5, 5230),
(5204, 544000, 5, 5231),
(5205, 544100, 5, 5232),
(5206, 544200, 5, 5233),
(5207, 544300, 5, 5234),
(5208, 544400, 5, 5235),
(5209, 544500, 5, 5236),
(5210, 544600, 5, 5237),
(5211, 544800, 5, 5238),
(5212, 544900, 5, 5239),
(5213, 545000, 5, 5240),
(5214, 545100, 5, 5241),
(5215, 545200, 5, 5242),
(5216, 545300, 5, 5243),
(5217, 545400, 5, 5244),
(5218, 545500, 5, 5245),
(5219, 545600, 5, 5246),
(5220, 545700, 5, 5247),
(5221, 545800, 5, 5248),
(5222, 545900, 5, 5249),
(5223, 546000, 5, 5250),
(5224, 546100, 5, 5251),
(5225, 546200, 5, 5252),
(5226, 546300, 5, 5253),
(5227, 546400, 5, 5254),
(5228, 546500, 5, 5255),
(5229, 546600, 5, 5256),
(5230, 546700, 5, 5257),
(5231, 546800, 5, 5258),
(5232, 546900, 5, 5259),
(5233, 547000, 5, 5260),
(5234, 547100, 5, 5261),
(5235, 547200, 5, 5262),
(5236, 547400, 5, 5263),
(5237, 547500, 5, 5264),
(5238, 547600, 5, 5265),
(5239, 547700, 5, 5266),
(5240, 547800, 5, 5267),
(5241, 547900, 5, 5268),
(5242, 548000, 5, 5269),
(5243, 548100, 5, 5270),
(5244, 548200, 5, 5271),
(5245, 548300, 5, 5272),
(5246, 548400, 5, 5273),
(5247, 548500, 5, 5274),
(5248, 548600, 5, 5275),
(5249, 548700, 5, 5276),
(5250, 548800, 5, 5277),
(5251, 548900, 5, 5278),
(5252, 549000, 5, 5279),
(5253, 549100, 5, 5280),
(5254, 549200, 5, 5281),
(5255, 549300, 5, 5282),
(5256, 549400, 5, 5283),
(5257, 549500, 5, 5284),
(5258, 549600, 5, 5285),
(5259, 549700, 5, 5286),
(5260, 549800, 5, 5287),
(5261, 550000, 5, 5288),
(5262, 550100, 5, 5289),
(5263, 550200, 5, 5290),
(5264, 550300, 5, 5291),
(5265, 550400, 5, 5292),
(5266, 550500, 5, 5293),
(5267, 550600, 5, 5294),
(5268, 550700, 5, 5295),
(5269, 550800, 5, 5296),
(5270, 550900, 5, 5297),
(5271, 551000, 5, 5298),
(5272, 551100, 5, 5299),
(5273, 551200, 5, 5300),
(5274, 551300, 5, 5301),
(5275, 551400, 5, 5302),
(5276, 551500, 5, 5303),
(5277, 551600, 5, 5304),
(5278, 551700, 5, 5305),
(5279, 551800, 5, 5306),
(5280, 551900, 5, 5307),
(5281, 552000, 5, 5308),
(5282, 552100, 5, 5309),
(5283, 552200, 5, 5310),
(5284, 552300, 5, 5311),
(5285, 552400, 5, 5312),
(5286, 552600, 5, 5313),
(5287, 552700, 5, 5314),
(5288, 552800, 5, 5315),
(5289, 552900, 5, 5316),
(5290, 553000, 5, 5317),
(5291, 553100, 5, 5318),
(5292, 553200, 5, 5319),
(5293, 553300, 5, 5320),
(5294, 553400, 5, 5321),
(5295, 553500, 5, 5322),
(5296, 553600, 5, 5323),
(5297, 553700, 5, 5324),
(5298, 553800, 5, 5325),
(5299, 553900, 5, 5326),
(5300, 554000, 5, 5327),
(5301, 554100, 5, 5328),
(5302, 554200, 5, 5329),
(5303, 554300, 5, 5330),
(5304, 554400, 5, 5331),
(5305, 554500, 5, 5332),
(5306, 554600, 5, 5333),
(5307, 554700, 5, 5334),
(5308, 554800, 5, 5335),
(5309, 554900, 5, 5336),
(5310, 555000, 5, 5337),
(5311, 555200, 5, 5338),
(5312, 555300, 5, 5339),
(5313, 555400, 5, 5340),
(5314, 555500, 5, 5341),
(5315, 555600, 5, 5342),
(5316, 555700, 5, 5343),
(5317, 555800, 5, 5344),
(5318, 555900, 5, 5345),
(5319, 556000, 5, 5346),
(5320, 556100, 5, 5347),
(5321, 556200, 5, 5348),
(5322, 556300, 5, 5349),
(5323, 556400, 5, 5350),
(5324, 556500, 5, 5351),
(5325, 556600, 5, 5352),
(5326, 556700, 5, 5353),
(5327, 556800, 5, 5354),
(5328, 556900, 5, 5355),
(5329, 557000, 5, 5356),
(5330, 557100, 5, 5357),
(5331, 557200, 5, 5358),
(5332, 557300, 5, 5359),
(5333, 557400, 5, 5360),
(5334, 557500, 5, 5361),
(5335, 557600, 5, 5362),
(5336, 557800, 5, 5363),
(5337, 557900, 5, 5364),
(5338, 558000, 5, 5365),
(5339, 558100, 5, 5366),
(5340, 558200, 5, 5367),
(5341, 558300, 5, 5368),
(5342, 558400, 5, 5369),
(5343, 558500, 5, 5370),
(5344, 558600, 5, 5371),
(5345, 558700, 5, 5372),
(5346, 558800, 5, 5373),
(5347, 558900, 5, 5374),
(5348, 559000, 5, 5375),
(5349, 559100, 5, 5376),
(5350, 559200, 5, 5377),
(5351, 559300, 5, 5378),
(5352, 559400, 5, 5379),
(5353, 559500, 5, 5380),
(5354, 559600, 5, 5381),
(5355, 559700, 5, 5382),
(5356, 559800, 5, 5383),
(5357, 559900, 5, 5384),
(5358, 560000, 5, 5385),
(5359, 560100, 5, 5386),
(5360, 560200, 5, 5387),
(5361, 560400, 5, 5388),
(5362, 560500, 5, 5389),
(5363, 560600, 5, 5390),
(5364, 560700, 5, 5391),
(5365, 560800, 5, 5392),
(5366, 560900, 5, 5393),
(5367, 561000, 5, 5394),
(5368, 561100, 5, 5395),
(5369, 561200, 5, 5396),
(5370, 561300, 5, 5397),
(5371, 561400, 5, 5398),
(5372, 561500, 5, 5399),
(5373, 561600, 5, 5400),
(5374, 561700, 5, 5401),
(5375, 561800, 5, 5402),
(5376, 561900, 5, 5403),
(5377, 562000, 5, 5404),
(5378, 562100, 5, 5405),
(5379, 562200, 5, 5406),
(5380, 562300, 5, 5407),
(5381, 562400, 5, 5408),
(5382, 562500, 5, 5409),
(5383, 562600, 5, 5410),
(5384, 562700, 5, 5411),
(5385, 562800, 5, 5412),
(5386, 563000, 5, 5413),
(5387, 563100, 5, 5414),
(5388, 563200, 5, 5415),
(5389, 563300, 5, 5416),
(5390, 563400, 5, 5417),
(5391, 563500, 5, 5418),
(5392, 563600, 5, 5419),
(5393, 563700, 5, 5420),
(5394, 563800, 5, 5421),
(5395, 563900, 5, 5422),
(5396, 564000, 5, 5423),
(5397, 564100, 5, 5424),
(5398, 564200, 5, 5425),
(5399, 564300, 5, 5426),
(5400, 564400, 5, 5427),
(5401, 564500, 5, 5428),
(5402, 564600, 5, 5429),
(5403, 564700, 5, 5430),
(5404, 564800, 5, 5431),
(5405, 564900, 5, 5432),
(5406, 565000, 5, 5433),
(5407, 565100, 5, 5434),
(5408, 565200, 5, 5435),
(5409, 565300, 5, 5436),
(5410, 565400, 5, 5437),
(5411, 565600, 5, 5438),
(5412, 565700, 5, 5439),
(5413, 565800, 5, 5440),
(5414, 565900, 5, 5441),
(5415, 566000, 5, 5442),
(5416, 566100, 5, 5443),
(5417, 566200, 5, 5444),
(5418, 566300, 5, 5445),
(5419, 566400, 5, 5446),
(5420, 566500, 5, 5447),
(5421, 566600, 5, 5448),
(5422, 566700, 5, 5449),
(5423, 566800, 5, 5450),
(5424, 566900, 5, 5451),
(5425, 567000, 5, 5452),
(5426, 567100, 5, 5453),
(5427, 567200, 5, 5454),
(5428, 567300, 5, 5455),
(5429, 567400, 5, 5456),
(5430, 567500, 5, 5457),
(5431, 567600, 5, 5458),
(5432, 567700, 5, 5459),
(5433, 567800, 5, 5460),
(5434, 567900, 5, 5461),
(5435, 568000, 5, 5462),
(5436, 568200, 5, 5463),
(5437, 568300, 5, 5464),
(5438, 568400, 5, 5465),
(5439, 568500, 5, 5466),
(5440, 568600, 5, 5467),
(5441, 568700, 5, 5468),
(5442, 568800, 5, 5469),
(5443, 568900, 5, 5470),
(5444, 569000, 5, 5471),
(5445, 569100, 5, 5472),
(5446, 569200, 5, 5473),
(5447, 569300, 5, 5474),
(5448, 569400, 5, 5475),
(5449, 569500, 5, 5476),
(5450, 569600, 5, 5477),
(5451, 569700, 5, 5478),
(5452, 569800, 5, 5479),
(5453, 569900, 5, 5480),
(5454, 570000, 5, 5481),
(5455, 570100, 5, 5482),
(5456, 570200, 5, 5483),
(5457, 570300, 5, 5484),
(5458, 570400, 5, 5485),
(5459, 570500, 5, 5486),
(5460, 570600, 5, 5487),
(5461, 570800, 5, 5488),
(5462, 570900, 5, 5489),
(5463, 571000, 5, 5490),
(5464, 571100, 5, 5491),
(5465, 571200, 5, 5492),
(5466, 571300, 5, 5493),
(5467, 571400, 5, 5494),
(5468, 571500, 5, 5495),
(5469, 571600, 5, 5496),
(5470, 571700, 5, 5497),
(5471, 571800, 5, 5498),
(5472, 571900, 5, 5499),
(5473, 572000, 5, 5500),
(5474, 572100, 5, 5501),
(5475, 572200, 5, 5502),
(5476, 572300, 5, 5503),
(5477, 572400, 5, 5504),
(5478, 572500, 5, 5505),
(5479, 572600, 5, 5506),
(5480, 572700, 5, 5507),
(5481, 572800, 5, 5508),
(5482, 572900, 5, 5509),
(5483, 573000, 5, 5510),
(5484, 573100, 5, 5511),
(5485, 573200, 5, 5512),
(5486, 573400, 5, 5513),
(5487, 573500, 5, 5514),
(5488, 573600, 5, 5515),
(5489, 573700, 5, 5516),
(5490, 573800, 5, 5517),
(5491, 573900, 5, 5518),
(5492, 574000, 5, 5519),
(5493, 574100, 5, 5520),
(5494, 574200, 5, 5521),
(5495, 574300, 5, 5522),
(5496, 574400, 5, 5523),
(5497, 574500, 5, 5524),
(5498, 574600, 5, 5525),
(5499, 574700, 5, 5526),
(5500, 574800, 5, 5527),
(5501, 574900, 5, 5528),
(5502, 575000, 5, 5529),
(5503, 575100, 5, 5530),
(5504, 575200, 5, 5531),
(5505, 575300, 5, 5532),
(5506, 575400, 5, 5533),
(5507, 575500, 5, 5534),
(5508, 575600, 5, 5535),
(5509, 575700, 5, 5536),
(5510, 575800, 5, 5537),
(5511, 576000, 5, 5538),
(5512, 576100, 5, 5539),
(5513, 576200, 5, 5540),
(5514, 576300, 5, 5541),
(5515, 576400, 5, 5542),
(5516, 576500, 5, 5543),
(5517, 576600, 5, 5544),
(5518, 576700, 5, 5545),
(5519, 576800, 5, 5546),
(5520, 576900, 5, 5547),
(5521, 577000, 5, 5548),
(5522, 577100, 5, 5549),
(5523, 577200, 5, 5550),
(5524, 577300, 5, 5551),
(5525, 577400, 5, 5552),
(5526, 577500, 5, 5553),
(5527, 577600, 5, 5554),
(5528, 577700, 5, 5555),
(5529, 577800, 5, 5556),
(5530, 577900, 5, 5557),
(5531, 578000, 5, 5558),
(5532, 578100, 5, 5559),
(5533, 578200, 5, 5560),
(5534, 578300, 5, 5561),
(5535, 578400, 5, 5562),
(5536, 578600, 5, 5563),
(5537, 578700, 5, 5564),
(5538, 578800, 5, 5565),
(5539, 578900, 5, 5566),
(5540, 579000, 5, 5567),
(5541, 579100, 5, 5568),
(5542, 579200, 5, 5569),
(5543, 579300, 5, 5570),
(5544, 579400, 5, 5571),
(5545, 579500, 5, 5572),
(5546, 579600, 5, 5573),
(5547, 579700, 5, 5574),
(5548, 579800, 5, 5575),
(5549, 579900, 5, 5576),
(5550, 580000, 5, 5577),
(5551, 580100, 5, 5578),
(5552, 580200, 5, 5579),
(5553, 580300, 5, 5580),
(5554, 580400, 5, 5581),
(5555, 580500, 5, 5582),
(5556, 580600, 5, 5583),
(5557, 580700, 5, 5584),
(5558, 580800, 5, 5585),
(5559, 580900, 5, 5586),
(5560, 581000, 5, 5587),
(5561, 581200, 5, 5588),
(5562, 581300, 5, 5589),
(5563, 581400, 5, 5590),
(5564, 581500, 5, 5591),
(5565, 581600, 5, 5592),
(5566, 581700, 5, 5593),
(5567, 581800, 5, 5594),
(5568, 581900, 5, 5595),
(5569, 582000, 5, 5596),
(5570, 582100, 5, 5597),
(5571, 582200, 5, 5598),
(5572, 582300, 5, 5599),
(5573, 582400, 5, 5600),
(5574, 582500, 5, 5601),
(5575, 582600, 5, 5602),
(5576, 582700, 5, 5603),
(5577, 582800, 5, 5604),
(5578, 582900, 5, 5605),
(5579, 583000, 5, 5606),
(5580, 583100, 5, 5607),
(5581, 583200, 5, 5608),
(5582, 583300, 5, 5609),
(5583, 583400, 5, 5610),
(5584, 583500, 5, 5611),
(5585, 583600, 5, 5612),
(5586, 583800, 5, 5613),
(5587, 583900, 5, 5614),
(5588, 584000, 5, 5615),
(5589, 584100, 5, 5616),
(5590, 584200, 5, 5617),
(5591, 584300, 5, 5618),
(5592, 584400, 5, 5619),
(5593, 584500, 5, 5620),
(5594, 584600, 5, 5621),
(5595, 584700, 5, 5622),
(5596, 584800, 5, 5623),
(5597, 584900, 5, 5624),
(5598, 585000, 5, 5625),
(5599, 585100, 5, 5626),
(5600, 585200, 5, 5627),
(5601, 585300, 5, 5628),
(5602, 585400, 5, 5629),
(5603, 585500, 5, 5630),
(5604, 585600, 5, 5631),
(5605, 585700, 5, 5632),
(5606, 585800, 5, 5633),
(5607, 585900, 5, 5634),
(5608, 586000, 5, 5635),
(5609, 586100, 5, 5636),
(5610, 586200, 5, 5637),
(5611, 586400, 5, 5638),
(5612, 586500, 5, 5639),
(5613, 586600, 5, 5640),
(5614, 586700, 5, 5641),
(5615, 586800, 5, 5642),
(5616, 586900, 5, 5643),
(5617, 587000, 5, 5644),
(5618, 587100, 5, 5645),
(5619, 587200, 5, 5646),
(5620, 587300, 5, 5647),
(5621, 587400, 5, 5648),
(5622, 587500, 5, 5649),
(5623, 587600, 5, 5650),
(5624, 587700, 5, 5651),
(5625, 587800, 5, 5652),
(5626, 587900, 5, 5653),
(5627, 588000, 5, 5654),
(5628, 588100, 5, 5655),
(5629, 588200, 5, 5656),
(5630, 588300, 5, 5657),
(5631, 588400, 5, 5658),
(5632, 588500, 5, 5659),
(5633, 588600, 5, 5660),
(5634, 588700, 5, 5661),
(5635, 588800, 5, 5662),
(5636, 589000, 5, 5663),
(5637, 589100, 5, 5664),
(5638, 589200, 5, 5665),
(5639, 589300, 5, 5666),
(5640, 589400, 5, 5667),
(5641, 589500, 5, 5668),
(5642, 589600, 5, 5669),
(5643, 589700, 5, 5670),
(5644, 589800, 5, 5671),
(5645, 589900, 5, 5672),
(5646, 590000, 5, 5673),
(5647, 590100, 5, 5674),
(5648, 590200, 5, 5675),
(5649, 590300, 5, 5676),
(5650, 590400, 5, 5677),
(5651, 590500, 5, 5678),
(5652, 590600, 5, 5679),
(5653, 590700, 5, 5680),
(5654, 590800, 5, 5681),
(5655, 590900, 5, 5682),
(5656, 591000, 5, 5683),
(5657, 591100, 5, 5684),
(5658, 591200, 5, 5685),
(5659, 591300, 5, 5686),
(5660, 591400, 5, 5687),
(5661, 591600, 5, 5688),
(5662, 591700, 5, 5689),
(5663, 591800, 5, 5690),
(5664, 591900, 5, 5691),
(5665, 592000, 5, 5692),
(5666, 592100, 5, 5693),
(5667, 592200, 5, 5694),
(5668, 592300, 5, 5695),
(5669, 592400, 5, 5696),
(5670, 592500, 5, 5697),
(5671, 592600, 5, 5698),
(5672, 592700, 5, 5699),
(5673, 592800, 5, 5700),
(5674, 592900, 5, 5701),
(5675, 593000, 5, 5702),
(5676, 593100, 5, 5703),
(5677, 593200, 5, 5704),
(5678, 593300, 5, 5705),
(5679, 593400, 5, 5706),
(5680, 593500, 5, 5707),
(5681, 593600, 5, 5708),
(5682, 593700, 5, 5709),
(5683, 593800, 5, 5710),
(5684, 593900, 5, 5711),
(5685, 594000, 5, 5712),
(5686, 594200, 5, 5713),
(5687, 594300, 5, 5714),
(5688, 594400, 5, 5715),
(5689, 594500, 5, 5716),
(5690, 594600, 5, 5717),
(5691, 594700, 5, 5718),
(5692, 594800, 5, 5719),
(5693, 594900, 5, 5720),
(5694, 595000, 5, 5721),
(5695, 595100, 5, 5722),
(5696, 595200, 5, 5723),
(5697, 595300, 5, 5724),
(5698, 595400, 5, 5725),
(5699, 595500, 5, 5726),
(5700, 595600, 5, 5727),
(5701, 595700, 5, 5728),
(5702, 595800, 5, 5729),
(5703, 595900, 5, 5730),
(5704, 596000, 5, 5731),
(5705, 596100, 5, 5732),
(5706, 596200, 5, 5733),
(5707, 596300, 5, 5734),
(5708, 596400, 5, 5735),
(5709, 596500, 5, 5736),
(5710, 596600, 5, 5737),
(5711, 596800, 5, 5738),
(5712, 596900, 5, 5739),
(5713, 597000, 5, 5740),
(5714, 597100, 5, 5741),
(5715, 597200, 5, 5742),
(5716, 597300, 5, 5743),
(5717, 597400, 5, 5744),
(5718, 597500, 5, 5745),
(5719, 597600, 5, 5746),
(5720, 597700, 5, 5747),
(5721, 597800, 5, 5748),
(5722, 597900, 5, 5749),
(5723, 598000, 5, 5750),
(5724, 598100, 5, 5751),
(5725, 598200, 5, 5752),
(5726, 598300, 5, 5753),
(5727, 598400, 5, 5754),
(5728, 598500, 5, 5755),
(5729, 598600, 5, 5756),
(5730, 598700, 5, 5757),
(5731, 598800, 5, 5758),
(5732, 598900, 5, 5759),
(5733, 599000, 5, 5760),
(5734, 599100, 5, 5761),
(5735, 599200, 5, 5762),
(5736, 599400, 5, 5763),
(5737, 599500, 5, 5764),
(5738, 599600, 5, 5765),
(5739, 599700, 5, 5766),
(5740, 599800, 5, 5767),
(5741, 599900, 5, 5768),
(5742, 600000, 5, 5769),
(5743, 600100, 5, 5770),
(5744, 600200, 5, 5771),
(5745, 600300, 5, 5772),
(5746, 600400, 5, 5773),
(5747, 600500, 5, 5774),
(5748, 600600, 5, 5775),
(5749, 600700, 5, 5776),
(5750, 600800, 5, 5777),
(5751, 600900, 5, 5778),
(5752, 601000, 5, 5779),
(5753, 601100, 5, 5780),
(5754, 601200, 5, 5781),
(5755, 601300, 5, 5782),
(5756, 601400, 5, 5783),
(5757, 601500, 5, 5784),
(5758, 601600, 5, 5785),
(5759, 601700, 5, 5786),
(5760, 601800, 5, 5787),
(5761, 602000, 5, 5788),
(5762, 602100, 5, 5789),
(5763, 602200, 5, 5790),
(5764, 602300, 5, 5791),
(5765, 602400, 5, 5792),
(5766, 602500, 5, 5793),
(5767, 602600, 5, 5794),
(5768, 602700, 5, 5795),
(5769, 602800, 5, 5796),
(5770, 602900, 5, 5797),
(5771, 603000, 5, 5798),
(5772, 603100, 5, 5799),
(5773, 603200, 5, 5800),
(5774, 603300, 5, 5801),
(5775, 603400, 5, 5802),
(5776, 603500, 5, 5803),
(5777, 603600, 5, 5804),
(5778, 603700, 5, 5805),
(5779, 603800, 5, 5806),
(5780, 603900, 5, 5807),
(5781, 604000, 5, 5808),
(5782, 604100, 5, 5809),
(5783, 604200, 5, 5810),
(5784, 604300, 5, 5811),
(5785, 604400, 5, 5812),
(5786, 604600, 5, 5813),
(5787, 604700, 5, 5814),
(5788, 604800, 5, 5815),
(5789, 604900, 5, 5816),
(5790, 605000, 5, 5817),
(5791, 605100, 5, 5818),
(5792, 605200, 5, 5819),
(5793, 605300, 5, 5820),
(5794, 605400, 5, 5821),
(5795, 605500, 5, 5822),
(5796, 605600, 5, 5823),
(5797, 605700, 5, 5824),
(5798, 605800, 5, 5825),
(5799, 605900, 5, 5826),
(5800, 606000, 5, 5827),
(5801, 606100, 5, 5828),
(5802, 606200, 5, 5829),
(5803, 606300, 5, 5830),
(5804, 606400, 5, 5831),
(5805, 606500, 5, 5832),
(5806, 606600, 5, 5833),
(5807, 606700, 5, 5834),
(5808, 606800, 5, 5835),
(5809, 606900, 5, 5836),
(5810, 607000, 5, 5837),
(5811, 607200, 5, 5838),
(5812, 607300, 5, 5839),
(5813, 607400, 5, 5840),
(5814, 607500, 5, 5841),
(5815, 607600, 5, 5842),
(5816, 607700, 5, 5843),
(5817, 607800, 5, 5844),
(5818, 607900, 5, 5845),
(5819, 608000, 5, 5846),
(5820, 608100, 5, 5847),
(5821, 608200, 5, 5848),
(5822, 608300, 5, 5849),
(5823, 608400, 5, 5850),
(5824, 608500, 5, 5851),
(5825, 608600, 5, 5852),
(5826, 608700, 5, 5853),
(5827, 608800, 5, 5854),
(5828, 608900, 5, 5855),
(5829, 609000, 5, 5856),
(5830, 609100, 5, 5857),
(5831, 609200, 5, 5858),
(5832, 609300, 5, 5859),
(5833, 609400, 5, 5860),
(5834, 609500, 5, 5861),
(5835, 609600, 5, 5862),
(5836, 609800, 5, 5863),
(5837, 609900, 5, 5864),
(5838, 610000, 5, 5865),
(5839, 610100, 5, 5866),
(5840, 610200, 5, 5867),
(5841, 610300, 5, 5868),
(5842, 610400, 5, 5869),
(5843, 610500, 5, 5870),
(5844, 610600, 5, 5871),
(5845, 610700, 5, 5872),
(5846, 610800, 5, 5873),
(5847, 610900, 5, 5874),
(5848, 611000, 5, 5875),
(5849, 611100, 5, 5876),
(5850, 611200, 5, 5877),
(5851, 611300, 5, 5878),
(5852, 611400, 5, 5879),
(5853, 611500, 5, 5880),
(5854, 611600, 5, 5881),
(5855, 611700, 5, 5882),
(5856, 611800, 5, 5883),
(5857, 611900, 5, 5884),
(5858, 612000, 5, 5885),
(5859, 612100, 5, 5886),
(5860, 612200, 5, 5887),
(5861, 612400, 5, 5888),
(5862, 612500, 5, 5889),
(5863, 612600, 5, 5890),
(5864, 612700, 5, 5891),
(5865, 612800, 5, 5892),
(5866, 612900, 5, 5893),
(5867, 613000, 5, 5894),
(5868, 613100, 5, 5895),
(5869, 613200, 5, 5896),
(5870, 613300, 5, 5897),
(5871, 613400, 5, 5898),
(5872, 613500, 5, 5899),
(5873, 613600, 5, 5900),
(5874, 613700, 5, 5901),
(5875, 613800, 5, 5902),
(5876, 613900, 5, 5903),
(5877, 614000, 5, 5904),
(5878, 614100, 5, 5905),
(5879, 614200, 5, 5906),
(5880, 614300, 5, 5907),
(5881, 614400, 5, 5908),
(5882, 614500, 5, 5909),
(5883, 614600, 5, 5910),
(5884, 614700, 5, 5911),
(5885, 614800, 5, 5912),
(5886, 615000, 5, 5913),
(5887, 615100, 5, 5914),
(5888, 615200, 5, 5915),
(5889, 615300, 5, 5916),
(5890, 615400, 5, 5917),
(5891, 615500, 5, 5918),
(5892, 615600, 5, 5919),
(5893, 615700, 5, 5920),
(5894, 615800, 5, 5921),
(5895, 615900, 5, 5922),
(5896, 616000, 5, 5923),
(5897, 616100, 5, 5924),
(5898, 616200, 5, 5925),
(5899, 616300, 5, 5926),
(5900, 616400, 5, 5927),
(5901, 616500, 5, 5928),
(5902, 616600, 5, 5929),
(5903, 616700, 5, 5930),
(5904, 616800, 5, 5931),
(5905, 616900, 5, 5932),
(5906, 617000, 5, 5933),
(5907, 617100, 5, 5934),
(5908, 617200, 5, 5935),
(5909, 617300, 5, 5936),
(5910, 617400, 5, 5937),
(5911, 617600, 5, 5938),
(5912, 617700, 5, 5939),
(5913, 617800, 5, 5940),
(5914, 617900, 5, 5941),
(5915, 618000, 5, 5942),
(5916, 618100, 5, 5943),
(5917, 618200, 5, 5944),
(5918, 618300, 5, 5945),
(5919, 618400, 5, 5946),
(5920, 618500, 5, 5947),
(5921, 618600, 5, 5948),
(5922, 618700, 5, 5949),
(5923, 618800, 5, 5950),
(5924, 618900, 5, 5951),
(5925, 619000, 5, 5952),
(5926, 619100, 5, 5953),
(5927, 619200, 5, 5954),
(5928, 619300, 5, 5955),
(5929, 619400, 5, 5956),
(5930, 619500, 5, 5957),
(5931, 619600, 5, 5958),
(5932, 619700, 5, 5959),
(5933, 619800, 5, 5960),
(5934, 619900, 5, 5961),
(5935, 620000, 5, 5962),
(5936, 620200, 5, 5963),
(5937, 620300, 5, 5964),
(5938, 620400, 5, 5965),
(5939, 620500, 5, 5966),
(5940, 620600, 5, 5967),
(5941, 620700, 5, 5968),
(5942, 620800, 5, 5969),
(5943, 620900, 5, 5970),
(5944, 621000, 5, 5971),
(5945, 621100, 5, 5972),
(5946, 621200, 5, 5973),
(5947, 621300, 5, 5974),
(5948, 621400, 5, 5975),
(5949, 621500, 5, 5976),
(5950, 621600, 5, 5977),
(5951, 621700, 5, 5978),
(5952, 621800, 5, 5979),
(5953, 621900, 5, 5980),
(5954, 622000, 5, 5981),
(5955, 622100, 5, 5982),
(5956, 622200, 5, 5983),
(5957, 622300, 5, 5984),
(5958, 622400, 5, 5985),
(5959, 622500, 5, 5986),
(5960, 622600, 5, 5987),
(5961, 622800, 5, 5988),
(5962, 622900, 5, 5989),
(5963, 623000, 5, 5990),
(5964, 623100, 5, 5991),
(5965, 623200, 5, 5992),
(5966, 623300, 5, 5993),
(5967, 623400, 5, 5994),
(5968, 623500, 5, 5995),
(5969, 623600, 5, 5996),
(5970, 623700, 5, 5997),
(5971, 623800, 5, 5998),
(5972, 623900, 5, 5999),
(5973, 624000, 5, 6000),
(5974, 624100, 5, 6001),
(5975, 624200, 5, 6002),
(5976, 624300, 5, 6003),
(5977, 624400, 5, 6004),
(5978, 624500, 5, 6005),
(5979, 624600, 5, 6006),
(5980, 624700, 5, 6007),
(5981, 624800, 5, 6008),
(5982, 624900, 5, 6009),
(5983, 625000, 5, 6010),
(5984, 625100, 5, 6011),
(5985, 625200, 5, 6012),
(5986, 625400, 5, 6013),
(5987, 625500, 5, 6014),
(5988, 625600, 5, 6015),
(5989, 625700, 5, 6016),
(5990, 625800, 5, 6017),
(5991, 625900, 5, 6018),
(5992, 626000, 5, 6019),
(5993, 626100, 5, 6020),
(5994, 626200, 5, 6021),
(5995, 626300, 5, 6022),
(5996, 626400, 5, 6023),
(5997, 626500, 5, 6024),
(5998, 626600, 5, 6025),
(5999, 626700, 5, 6026),
(6000, 626800, 5, 6027),
(6001, 626900, 5, 6028),
(6002, 627000, 5, 6029),
(6003, 627100, 5, 6030),
(6004, 627200, 5, 6031),
(6005, 627300, 5, 6032),
(6006, 627400, 5, 6033),
(6007, 627500, 5, 6034),
(6008, 627600, 5, 6035),
(6009, 627700, 5, 6036),
(6010, 627800, 5, 6037),
(6011, 628000, 5, 6038),
(6012, 628100, 5, 6039),
(6013, 628200, 5, 6040),
(6014, 628300, 5, 6041),
(6015, 628400, 5, 6042),
(6016, 628500, 5, 6043),
(6017, 628600, 5, 6044),
(6018, 628700, 5, 6045),
(6019, 628800, 5, 6046),
(6020, 628900, 5, 6047),
(6021, 629000, 5, 6048),
(6022, 629100, 5, 6049),
(6023, 629200, 5, 6050),
(6024, 629300, 5, 6051),
(6025, 629400, 5, 6052),
(6026, 629500, 5, 6053),
(6027, 629600, 5, 6054),
(6028, 629700, 5, 6055),
(6029, 629800, 5, 6056),
(6030, 629900, 5, 6057),
(6031, 630000, 5, 6058),
(6032, 630100, 5, 6059),
(6033, 630200, 5, 6060),
(6034, 630300, 5, 6061),
(6035, 630400, 5, 6062),
(6036, 630600, 5, 6063),
(6037, 630700, 5, 6064),
(6038, 630800, 5, 6065),
(6039, 630900, 5, 6066),
(6040, 631000, 5, 6067),
(6041, 631100, 5, 6068),
(6042, 631200, 5, 6069),
(6043, 631300, 5, 6070),
(6044, 631400, 5, 6071),
(6045, 631500, 5, 6072),
(6046, 631600, 5, 6073),
(6047, 631700, 5, 6074),
(6048, 631800, 5, 6075),
(6049, 631900, 5, 6076),
(6050, 632000, 5, 6077),
(6051, 632100, 5, 6078),
(6052, 632200, 5, 6079),
(6053, 632300, 5, 6080),
(6054, 632400, 5, 6081),
(6055, 632500, 5, 6082),
(6056, 632600, 5, 6083),
(6057, 632700, 5, 6084),
(6058, 632800, 5, 6085),
(6059, 632900, 5, 6086),
(6060, 633000, 5, 6087),
(6061, 633200, 5, 6088),
(6062, 633300, 5, 6089),
(6063, 633400, 5, 6090),
(6064, 633500, 5, 6091),
(6065, 633600, 5, 6092),
(6066, 633700, 5, 6093),
(6067, 633800, 5, 6094),
(6068, 633900, 5, 6095),
(6069, 634000, 5, 6096),
(6070, 634100, 5, 6097),
(6071, 634200, 5, 6098),
(6072, 634300, 5, 6099),
(6073, 634400, 5, 6100),
(6074, 634500, 5, 6101),
(6075, 634600, 5, 6102),
(6076, 634700, 5, 6103),
(6077, 634800, 5, 6104),
(6078, 634900, 5, 6105),
(6079, 635000, 5, 6106),
(6080, 635100, 5, 6107),
(6081, 635200, 5, 6108),
(6082, 635300, 5, 6109),
(6083, 635400, 5, 6110),
(6084, 635500, 5, 6111),
(6085, 635600, 5, 6112),
(6086, 635800, 5, 6113),
(6087, 635900, 5, 6114),
(6088, 636000, 5, 6115),
(6089, 636100, 5, 6116),
(6090, 636200, 5, 6117),
(6091, 636300, 5, 6118),
(6092, 636400, 5, 6119),
(6093, 636500, 5, 6120),
(6094, 636600, 5, 6121),
(6095, 636700, 5, 6122),
(6096, 636800, 5, 6123),
(6097, 636900, 5, 6124),
(6098, 637000, 5, 6125),
(6099, 637100, 5, 6126),
(6100, 637200, 5, 6127),
(6101, 637300, 5, 6128),
(6102, 637400, 5, 6129),
(6103, 637500, 5, 6130),
(6104, 637600, 5, 6131),
(6105, 637700, 5, 6132),
(6106, 637800, 5, 6133),
(6107, 637900, 5, 6134),
(6108, 638000, 5, 6135),
(6109, 638100, 5, 6136),
(6110, 638200, 5, 6137),
(6111, 638400, 5, 6138),
(6112, 638500, 5, 6139),
(6113, 638600, 5, 6140),
(6114, 638700, 5, 6141),
(6115, 638800, 5, 6142),
(6116, 638900, 5, 6143),
(6117, 639000, 5, 6144),
(6118, 639100, 5, 6145),
(6119, 639200, 5, 6146),
(6120, 639300, 5, 6147),
(6121, 639400, 5, 6148),
(6122, 639500, 5, 6149),
(6123, 639600, 5, 6150),
(6124, 639700, 5, 6151),
(6125, 639800, 5, 6152),
(6126, 639900, 5, 6153),
(6127, 640000, 5, 6154),
(6128, 640100, 5, 6155),
(6129, 640200, 5, 6156),
(6130, 640300, 5, 6157),
(6131, 640400, 5, 6158),
(6132, 640500, 5, 6159),
(6133, 640600, 5, 6160),
(6134, 640700, 5, 6161),
(6135, 640800, 5, 6162),
(6136, 641000, 5, 6163),
(6137, 641100, 5, 6164),
(6138, 641200, 5, 6165),
(6139, 641300, 5, 6166),
(6140, 641400, 5, 6167),
(6141, 641500, 5, 6168),
(6142, 641600, 5, 6169),
(6143, 641700, 5, 6170),
(6144, 641800, 5, 6171),
(6145, 641900, 5, 6172),
(6146, 642000, 5, 6173),
(6147, 642100, 5, 6174),
(6148, 642200, 5, 6175),
(6149, 642300, 5, 6176),
(6150, 642400, 5, 6177),
(6151, 642500, 5, 6178),
(6152, 642600, 5, 6179),
(6153, 642700, 5, 6180),
(6154, 642800, 5, 6181),
(6155, 642900, 5, 6182),
(6156, 643000, 5, 6183),
(6157, 643100, 5, 6184),
(6158, 643200, 5, 6185),
(6159, 643300, 5, 6186),
(6160, 643400, 5, 6187),
(6161, 643600, 5, 6188),
(6162, 643700, 5, 6189),
(6163, 643800, 5, 6190),
(6164, 643900, 5, 6191),
(6165, 644000, 5, 6192),
(6166, 644100, 5, 6193),
(6167, 644200, 5, 6194),
(6168, 644300, 5, 6195),
(6169, 644400, 5, 6196),
(6170, 644500, 5, 6197),
(6171, 644600, 5, 6198),
(6172, 644700, 5, 6199),
(6173, 644800, 5, 6200),
(6174, 644900, 5, 6201),
(6175, 645000, 5, 6202),
(6176, 645100, 5, 6203),
(6177, 645200, 5, 6204),
(6178, 645300, 5, 6205),
(6179, 645400, 5, 6206),
(6180, 645500, 5, 6207),
(6181, 645600, 5, 6208),
(6182, 645700, 5, 6209),
(6183, 645800, 5, 6210),
(6184, 645900, 5, 6211),
(6185, 646000, 5, 6212),
(6186, 646200, 5, 6213),
(6187, 646300, 5, 6214),
(6188, 646400, 5, 6215),
(6189, 646500, 5, 6216),
(6190, 646600, 5, 6217),
(6191, 646700, 5, 6218),
(6192, 646800, 5, 6219),
(6193, 646900, 5, 6220),
(6194, 647000, 5, 6221),
(6195, 647100, 5, 6222),
(6196, 647200, 5, 6223),
(6197, 647300, 5, 6224),
(6198, 647400, 5, 6225),
(6199, 647500, 5, 6226),
(6200, 647600, 5, 6227),
(6201, 647700, 5, 6228),
(6202, 647800, 5, 6229),
(6203, 647900, 5, 6230),
(6204, 648000, 5, 6231),
(6205, 648100, 5, 6232),
(6206, 648200, 5, 6233),
(6207, 648300, 5, 6234),
(6208, 648400, 5, 6235),
(6209, 648500, 5, 6236),
(6210, 648600, 5, 6237),
(6211, 648800, 5, 6238),
(6212, 648900, 5, 6239),
(6213, 649000, 5, 6240),
(6214, 649100, 5, 6241),
(6215, 649200, 5, 6242),
(6216, 649300, 5, 6243),
(6217, 649400, 5, 6244),
(6218, 649500, 5, 6245),
(6219, 649600, 5, 6246),
(6220, 649700, 5, 6247),
(6221, 649800, 5, 6248),
(6222, 649900, 5, 6249),
(6223, 650000, 5, 6250),
(6224, 650100, 5, 6251),
(6225, 650200, 5, 6252),
(6226, 650300, 5, 6253),
(6227, 650400, 5, 6254),
(6228, 650500, 5, 6255),
(6229, 650600, 5, 6256),
(6230, 650700, 5, 6257),
(6231, 650800, 5, 6258),
(6232, 650900, 5, 6259),
(6233, 651000, 5, 6260),
(6234, 651100, 5, 6261),
(6235, 651200, 5, 6262),
(6236, 651400, 5, 6263),
(6237, 651500, 5, 6264),
(6238, 651600, 5, 6265),
(6239, 651700, 5, 6266),
(6240, 651800, 5, 6267),
(6241, 651900, 5, 6268),
(6242, 652000, 5, 6269),
(6243, 652100, 5, 6270),
(6244, 652200, 5, 6271),
(6245, 652300, 5, 6272),
(6246, 652400, 5, 6273),
(6247, 652500, 5, 6274),
(6248, 652600, 5, 6275),
(6249, 652700, 5, 6276),
(6250, 652800, 5, 6277),
(6251, 652900, 5, 6278),
(6252, 653000, 5, 6279),
(6253, 653100, 5, 6280),
(6254, 653200, 5, 6281),
(6255, 653300, 5, 6282),
(6256, 653400, 5, 6283),
(6257, 653500, 5, 6284),
(6258, 653600, 5, 6285),
(6259, 653700, 5, 6286),
(6260, 653800, 5, 6287),
(6261, 654000, 5, 6288),
(6262, 654100, 5, 6289),
(6263, 654200, 5, 6290),
(6264, 654300, 5, 6291),
(6265, 654400, 5, 6292),
(6266, 654500, 5, 6293),
(6267, 654600, 5, 6294),
(6268, 654700, 5, 6295),
(6269, 654800, 5, 6296),
(6270, 654900, 5, 6297),
(6271, 655000, 5, 6298),
(6272, 655100, 5, 6299),
(6273, 655200, 5, 6300),
(6274, 655300, 5, 6301),
(6275, 655400, 5, 6302),
(6276, 655500, 5, 6303),
(6277, 655600, 5, 6304),
(6278, 655700, 5, 6305),
(6279, 655800, 5, 6306),
(6280, 655900, 5, 6307),
(6281, 656000, 5, 6308),
(6282, 656100, 5, 6309),
(6283, 656200, 5, 6310),
(6284, 656300, 5, 6311),
(6285, 656400, 5, 6312),
(6286, 656600, 5, 6313),
(6287, 656700, 5, 6314),
(6288, 656800, 5, 6315),
(6289, 656900, 5, 6316),
(6290, 657000, 5, 6317),
(6291, 657100, 5, 6318),
(6292, 657200, 5, 6319),
(6293, 657300, 5, 6320),
(6294, 657400, 5, 6321),
(6295, 657500, 5, 6322),
(6296, 657600, 5, 6323),
(6297, 657700, 5, 6324),
(6298, 657800, 5, 6325),
(6299, 657900, 5, 6326),
(6300, 658000, 5, 6327),
(6301, 658100, 5, 6328),
(6302, 658200, 5, 6329),
(6303, 658300, 5, 6330),
(6304, 658400, 5, 6331),
(6305, 658500, 5, 6332),
(6306, 658600, 5, 6333),
(6307, 658700, 5, 6334),
(6308, 658800, 5, 6335),
(6309, 658900, 5, 6336),
(6310, 659000, 5, 6337),
(6311, 659200, 5, 6338),
(6312, 659300, 5, 6339),
(6313, 659400, 5, 6340),
(6314, 659500, 5, 6341),
(6315, 659600, 5, 6342),
(6316, 659700, 5, 6343),
(6317, 659800, 5, 6344),
(6318, 659900, 5, 6345),
(6319, 660000, 5, 6346),
(6320, 660100, 5, 6347),
(6321, 660200, 5, 6348),
(6322, 660300, 5, 6349),
(6323, 660400, 5, 6350),
(6324, 660500, 5, 6351),
(6325, 660600, 5, 6352),
(6326, 660700, 5, 6353),
(6327, 660800, 5, 6354),
(6328, 660900, 5, 6355),
(6329, 661000, 5, 6356),
(6330, 661100, 5, 6357),
(6331, 661200, 5, 6358),
(6332, 661300, 5, 6359),
(6333, 661400, 5, 6360),
(6334, 661500, 5, 6361),
(6335, 661600, 5, 6362),
(6336, 661800, 5, 6363),
(6337, 661900, 5, 6364),
(6338, 662000, 5, 6365),
(6339, 662100, 5, 6366),
(6340, 662200, 5, 6367),
(6341, 662300, 5, 6368),
(6342, 662400, 5, 6369),
(6343, 662500, 5, 6370),
(6344, 662600, 5, 6371),
(6345, 662700, 5, 6372),
(6346, 662800, 5, 6373),
(6347, 662900, 5, 6374),
(6348, 663000, 5, 6375),
(6349, 663100, 5, 6376),
(6350, 663200, 5, 6377),
(6351, 663300, 5, 6378),
(6352, 663400, 5, 6379),
(6353, 663500, 5, 6380),
(6354, 663600, 5, 6381),
(6355, 663700, 5, 6382),
(6356, 663800, 5, 6383),
(6357, 663900, 5, 6384),
(6358, 664000, 5, 6385),
(6359, 664100, 5, 6386),
(6360, 664200, 5, 6387),
(6361, 664400, 5, 6388),
(6362, 664500, 5, 6389),
(6363, 664600, 5, 6390),
(6364, 664700, 5, 6391),
(6365, 664800, 5, 6392),
(6366, 664900, 5, 6393),
(6367, 665000, 5, 6394),
(6368, 665100, 5, 6395),
(6369, 665200, 5, 6396),
(6370, 665300, 5, 6397),
(6371, 665400, 5, 6398),
(6372, 665500, 5, 6399),
(6373, 665600, 5, 6400),
(6374, 665700, 5, 6401),
(6375, 665800, 5, 6402),
(6376, 665900, 5, 6403),
(6377, 666000, 5, 6404),
(6378, 666100, 5, 6405),
(6379, 666200, 5, 6406),
(6380, 666300, 5, 6407),
(6381, 666400, 5, 6408),
(6382, 666500, 5, 6409),
(6383, 666600, 5, 6410),
(6384, 666700, 5, 6411),
(6385, 666800, 5, 6412),
(6386, 667000, 5, 6413),
(6387, 667100, 5, 6414),
(6388, 667200, 5, 6415),
(6389, 667300, 5, 6416),
(6390, 667400, 5, 6417),
(6391, 667500, 5, 6418),
(6392, 667600, 5, 6419),
(6393, 667700, 5, 6420),
(6394, 667800, 5, 6421),
(6395, 667900, 5, 6422),
(6396, 668000, 5, 6423),
(6397, 668100, 5, 6424),
(6398, 668200, 5, 6425),
(6399, 668300, 5, 6426),
(6400, 668400, 5, 6427),
(6401, 668500, 5, 6428),
(6402, 668600, 5, 6429),
(6403, 668700, 5, 6430),
(6404, 668800, 5, 6431),
(6405, 668900, 5, 6432),
(6406, 669000, 5, 6433),
(6407, 669100, 5, 6434),
(6408, 669200, 5, 6435),
(6409, 669300, 5, 6436),
(6410, 669400, 5, 6437),
(6411, 669600, 5, 6438),
(6412, 669700, 5, 6439),
(6413, 669800, 5, 6440),
(6414, 669900, 5, 6441),
(6415, 670000, 5, 6442),
(6416, 670100, 5, 6443),
(6417, 670200, 5, 6444),
(6418, 670300, 5, 6445),
(6419, 670400, 5, 6446),
(6420, 670500, 5, 6447),
(6421, 670600, 5, 6448),
(6422, 670700, 5, 6449),
(6423, 670800, 5, 6450),
(6424, 670900, 5, 6451),
(6425, 671000, 5, 6452),
(6426, 671100, 5, 6453),
(6427, 671200, 5, 6454),
(6428, 671300, 5, 6455),
(6429, 671400, 5, 6456),
(6430, 671500, 5, 6457),
(6431, 671600, 5, 6458),
(6432, 671700, 5, 6459),
(6433, 671800, 5, 6460),
(6434, 671900, 5, 6461),
(6435, 672000, 5, 6462),
(6436, 672200, 5, 6463),
(6437, 672300, 5, 6464),
(6438, 672400, 5, 6465),
(6439, 672500, 5, 6466),
(6440, 672600, 5, 6467),
(6441, 672700, 5, 6468),
(6442, 672800, 5, 6469),
(6443, 672900, 5, 6470),
(6444, 673000, 5, 6471),
(6445, 673100, 5, 6472),
(6446, 673200, 5, 6473),
(6447, 673300, 5, 6474),
(6448, 673400, 5, 6475),
(6449, 673500, 5, 6476),
(6450, 673600, 5, 6477),
(6451, 673700, 5, 6478),
(6452, 673800, 5, 6479),
(6453, 673900, 5, 6480),
(6454, 674000, 5, 6481),
(6455, 674100, 5, 6482),
(6456, 674200, 5, 6483),
(6457, 674300, 5, 6484),
(6458, 674400, 5, 6485),
(6459, 674500, 5, 6486),
(6460, 674600, 5, 6487),
(6461, 674800, 5, 6488),
(6462, 674900, 5, 6489),
(6463, 675000, 5, 6490),
(6464, 675100, 5, 6491),
(6465, 675200, 5, 6492),
(6466, 675300, 5, 6493),
(6467, 675400, 5, 6494),
(6468, 675500, 5, 6495),
(6469, 675600, 5, 6496),
(6470, 675700, 5, 6497),
(6471, 675800, 5, 6498),
(6472, 675900, 5, 6499),
(6473, 676000, 5, 6500),
(6474, 676100, 5, 6501),
(6475, 676200, 5, 6502),
(6476, 676300, 5, 6503),
(6477, 676400, 5, 6504),
(6478, 676500, 5, 6505),
(6479, 676600, 5, 6506),
(6480, 676700, 5, 6507),
(6481, 676800, 5, 6508),
(6482, 676900, 5, 6509),
(6483, 677000, 5, 6510),
(6484, 677100, 5, 6511),
(6485, 677200, 5, 6512),
(6486, 677400, 5, 6513),
(6487, 677500, 5, 6514),
(6488, 677600, 5, 6515),
(6489, 677700, 5, 6516),
(6490, 677800, 5, 6517),
(6491, 677900, 5, 6518),
(6492, 678000, 5, 6519),
(6493, 678100, 5, 6520),
(6494, 678200, 5, 6521),
(6495, 678300, 5, 6522),
(6496, 678400, 5, 6523),
(6497, 678500, 5, 6524),
(6498, 678600, 5, 6525),
(6499, 678700, 5, 6526),
(6500, 678800, 5, 6527),
(6501, 678900, 5, 6528),
(6502, 679000, 5, 6529),
(6503, 679100, 5, 6530),
(6504, 679200, 5, 6531),
(6505, 679300, 5, 6532),
(6506, 679400, 5, 6533),
(6507, 679500, 5, 6534),
(6508, 679600, 5, 6535),
(6509, 679700, 5, 6536),
(6510, 679800, 5, 6537),
(6511, 680000, 5, 6538),
(6512, 680100, 5, 6539),
(6513, 680200, 5, 6540),
(6514, 680300, 5, 6541),
(6515, 680400, 5, 6542),
(6516, 680500, 5, 6543),
(6517, 680600, 5, 6544),
(6518, 680700, 5, 6545),
(6519, 680800, 5, 6546),
(6520, 680900, 5, 6547),
(6521, 681000, 5, 6548),
(6522, 681100, 5, 6549),
(6523, 681200, 5, 6550),
(6524, 681300, 5, 6551),
(6525, 681400, 5, 6552),
(6526, 681500, 5, 6553),
(6527, 681600, 5, 6554),
(6528, 681700, 5, 6555),
(6529, 681800, 5, 6556),
(6530, 681900, 5, 6557),
(6531, 682000, 5, 6558),
(6532, 682100, 5, 6559),
(6533, 682200, 5, 6560),
(6534, 682300, 5, 6561),
(6535, 682400, 5, 6562),
(6536, 682600, 5, 6563),
(6537, 682700, 5, 6564),
(6538, 682800, 5, 6565),
(6539, 682900, 5, 6566),
(6540, 683000, 5, 6567),
(6541, 683100, 5, 6568),
(6542, 683200, 5, 6569),
(6543, 683300, 5, 6570),
(6544, 683400, 5, 6571),
(6545, 683500, 5, 6572),
(6546, 683600, 5, 6573),
(6547, 683700, 5, 6574),
(6548, 683800, 5, 6575),
(6549, 683900, 5, 6576),
(6550, 684000, 5, 6577),
(6551, 684100, 5, 6578),
(6552, 684200, 5, 6579),
(6553, 684300, 5, 6580),
(6554, 684400, 5, 6581),
(6555, 684500, 5, 6582),
(6556, 684600, 5, 6583),
(6557, 684700, 5, 6584),
(6558, 684800, 5, 6585),
(6559, 684900, 5, 6586),
(6560, 685000, 5, 6587),
(6561, 685200, 5, 6588),
(6562, 685300, 5, 6589),
(6563, 685400, 5, 6590),
(6564, 685500, 5, 6591),
(6565, 685600, 5, 6592),
(6566, 685700, 5, 6593),
(6567, 685800, 5, 6594),
(6568, 685900, 5, 6595),
(6569, 686000, 5, 6596),
(6570, 686100, 5, 6597),
(6571, 686200, 5, 6598),
(6572, 686300, 5, 6599),
(6573, 686400, 5, 6600),
(6574, 686500, 5, 6601),
(6575, 686600, 5, 6602),
(6576, 686700, 5, 6603),
(6577, 686800, 5, 6604),
(6578, 686900, 5, 6605),
(6579, 687000, 5, 6606),
(6580, 687100, 5, 6607),
(6581, 687200, 5, 6608),
(6582, 687300, 5, 6609),
(6583, 687400, 5, 6610),
(6584, 687500, 5, 6611),
(6585, 687600, 5, 6612),
(6586, 687800, 5, 6613),
(6587, 687900, 5, 6614),
(6588, 688000, 5, 6615),
(6589, 688100, 5, 6616),
(6590, 688200, 5, 6617),
(6591, 688300, 5, 6618),
(6592, 688400, 5, 6619),
(6593, 688500, 5, 6620),
(6594, 688600, 5, 6621),
(6595, 688700, 5, 6622),
(6596, 688800, 5, 6623),
(6597, 688900, 5, 6624),
(6598, 689000, 5, 6625),
(6599, 689100, 5, 6626),
(6600, 689200, 5, 6627),
(6601, 689300, 5, 6628),
(6602, 689400, 5, 6629),
(6603, 689500, 5, 6630),
(6604, 689600, 5, 6631),
(6605, 689700, 5, 6632),
(6606, 689800, 5, 6633),
(6607, 689900, 5, 6634),
(6608, 690000, 5, 6635),
(6609, 690100, 5, 6636),
(6610, 690200, 5, 6637),
(6611, 690400, 5, 6638),
(6612, 690500, 5, 6639),
(6613, 690600, 5, 6640),
(6614, 690700, 5, 6641),
(6615, 690800, 5, 6642),
(6616, 690900, 5, 6643),
(6617, 691000, 5, 6644),
(6618, 691100, 5, 6645),
(6619, 691200, 5, 6646),
(6620, 691300, 5, 6647),
(6621, 691400, 5, 6648),
(6622, 691500, 5, 6649),
(6623, 691600, 5, 6650),
(6624, 691700, 5, 6651),
(6625, 691800, 5, 6652),
(6626, 691900, 5, 6653),
(6627, 692000, 5, 6654),
(6628, 692100, 5, 6655),
(6629, 692200, 5, 6656),
(6630, 692300, 5, 6657),
(6631, 692400, 5, 6658),
(6632, 692500, 5, 6659),
(6633, 692600, 5, 6660),
(6634, 692700, 5, 6661),
(6635, 692800, 5, 6662),
(6636, 693000, 5, 6663),
(6637, 693100, 5, 6664),
(6638, 693200, 5, 6665),
(6639, 693300, 5, 6666),
(6640, 693400, 5, 6667),
(6641, 693500, 5, 6668),
(6642, 693600, 5, 6669),
(6643, 693700, 5, 6670),
(6644, 693800, 5, 6671),
(6645, 693900, 5, 6672),
(6646, 694000, 5, 6673),
(6647, 694100, 5, 6674);
INSERT INTO `taxes_rate` (`id`, `value`, `discount_increase`, `unit`) VALUES
(6648, 694200, 5, 6675),
(6649, 694300, 5, 6676),
(6650, 694400, 5, 6677),
(6651, 694500, 5, 6678),
(6652, 694600, 5, 6679),
(6653, 694700, 5, 6680),
(6654, 694800, 5, 6681),
(6655, 694900, 5, 6682),
(6656, 695000, 5, 6683),
(6657, 695100, 5, 6684),
(6658, 695200, 5, 6685),
(6659, 695300, 5, 6686),
(6660, 695400, 5, 6687),
(6661, 695600, 5, 6688),
(6662, 695700, 5, 6689),
(6663, 695800, 5, 6690),
(6664, 695900, 5, 6691),
(6665, 696000, 5, 6692),
(6666, 696100, 5, 6693),
(6667, 696200, 5, 6694),
(6668, 696300, 5, 6695),
(6669, 696400, 5, 6696),
(6670, 696500, 5, 6697),
(6671, 696600, 5, 6698),
(6672, 696700, 5, 6699),
(6673, 696800, 5, 6700),
(6674, 696900, 5, 6701),
(6675, 697000, 5, 6702),
(6676, 697100, 5, 6703),
(6677, 697200, 5, 6704),
(6678, 697300, 5, 6705),
(6679, 697400, 5, 6706),
(6680, 697500, 5, 6707),
(6681, 697600, 5, 6708),
(6682, 697700, 5, 6709),
(6683, 697800, 5, 6710),
(6684, 697900, 5, 6711),
(6685, 698000, 5, 6712),
(6686, 698200, 5, 6713),
(6687, 698300, 5, 6714),
(6688, 698400, 5, 6715),
(6689, 698500, 5, 6716),
(6690, 698600, 5, 6717),
(6691, 698700, 5, 6718),
(6692, 698800, 5, 6719),
(6693, 698900, 5, 6720),
(6694, 699000, 5, 6721),
(6695, 699100, 5, 6722),
(6696, 699200, 5, 6723),
(6697, 699300, 5, 6724),
(6698, 699400, 5, 6725),
(6699, 699500, 5, 6726),
(6700, 699600, 5, 6727),
(6701, 699700, 5, 6728),
(6702, 699800, 5, 6729),
(6703, 699900, 5, 6730),
(6704, 700000, 5, 6731),
(6705, 700100, 5, 6732),
(6706, 700200, 5, 6733),
(6707, 700300, 5, 6734),
(6708, 700400, 5, 6735),
(6709, 700500, 5, 6736),
(6710, 700600, 5, 6737),
(6711, 700800, 5, 6738),
(6712, 700900, 5, 6739),
(6713, 701000, 5, 6740),
(6714, 701100, 5, 6741),
(6715, 701200, 5, 6742),
(6716, 701300, 5, 6743),
(6717, 701400, 5, 6744),
(6718, 701500, 5, 6745),
(6719, 701600, 5, 6746),
(6720, 701700, 5, 6747),
(6721, 701800, 5, 6748),
(6722, 701900, 5, 6749),
(6723, 702000, 5, 6750),
(6724, 702100, 5, 6751),
(6725, 702200, 5, 6752),
(6726, 702300, 5, 6753),
(6727, 702400, 5, 6754),
(6728, 702500, 5, 6755),
(6729, 702600, 5, 6756),
(6730, 702700, 5, 6757),
(6731, 702800, 5, 6758),
(6732, 702900, 5, 6759),
(6733, 703000, 5, 6760),
(6734, 703100, 5, 6761),
(6735, 703200, 5, 6762),
(6736, 703400, 5, 6763),
(6737, 703500, 5, 6764),
(6738, 703600, 5, 6765),
(6739, 703700, 5, 6766),
(6740, 703800, 5, 6767),
(6741, 703900, 5, 6768),
(6742, 704000, 5, 6769),
(6743, 704100, 5, 6770),
(6744, 704200, 5, 6771),
(6745, 704300, 5, 6772),
(6746, 704400, 5, 6773),
(6747, 704500, 5, 6774),
(6748, 704600, 5, 6775),
(6749, 704700, 5, 6776),
(6750, 704800, 5, 6777),
(6751, 704900, 5, 6778),
(6752, 705000, 5, 6779),
(6753, 705100, 5, 6780),
(6754, 705200, 5, 6781),
(6755, 705300, 5, 6782),
(6756, 705400, 5, 6783),
(6757, 705500, 5, 6784),
(6758, 705600, 5, 6785),
(6759, 705700, 5, 6786),
(6760, 705800, 5, 6787),
(6761, 706000, 5, 6788),
(6762, 706100, 5, 6789),
(6763, 706200, 5, 6790),
(6764, 706300, 5, 6791),
(6765, 706400, 5, 6792),
(6766, 706500, 5, 6793),
(6767, 706600, 5, 6794),
(6768, 706700, 5, 6795),
(6769, 706800, 5, 6796),
(6770, 706900, 5, 6797),
(6771, 707000, 5, 6798),
(6772, 707100, 5, 6799),
(6773, 707200, 5, 6800),
(6774, 707300, 5, 6801),
(6775, 707400, 5, 6802),
(6776, 707500, 5, 6803),
(6777, 707600, 5, 6804),
(6778, 707700, 5, 6805),
(6779, 707800, 5, 6806),
(6780, 707900, 5, 6807),
(6781, 708000, 5, 6808),
(6782, 708100, 5, 6809),
(6783, 708200, 5, 6810),
(6784, 708300, 5, 6811),
(6785, 708400, 5, 6812),
(6786, 708600, 5, 6813),
(6787, 708700, 5, 6814),
(6788, 708800, 5, 6815),
(6789, 708900, 5, 6816),
(6790, 709000, 5, 6817),
(6791, 709100, 5, 6818),
(6792, 709200, 5, 6819),
(6793, 709300, 5, 6820),
(6794, 709400, 5, 6821),
(6795, 709500, 5, 6822),
(6796, 709600, 5, 6823),
(6797, 709700, 5, 6824),
(6798, 709800, 5, 6825),
(6799, 709900, 5, 6826),
(6800, 710000, 5, 6827),
(6801, 710100, 5, 6828),
(6802, 710200, 5, 6829),
(6803, 710300, 5, 6830),
(6804, 710400, 5, 6831),
(6805, 710500, 5, 6832),
(6806, 710600, 5, 6833),
(6807, 710700, 5, 6834),
(6808, 710800, 5, 6835),
(6809, 710900, 5, 6836),
(6810, 711000, 5, 6837),
(6811, 711200, 5, 6838),
(6812, 711300, 5, 6839),
(6813, 711400, 5, 6840),
(6814, 711500, 5, 6841),
(6815, 711600, 5, 6842),
(6816, 711700, 5, 6843),
(6817, 711800, 5, 6844),
(6818, 711900, 5, 6845),
(6819, 712000, 5, 6846),
(6820, 712100, 5, 6847),
(6821, 712200, 5, 6848),
(6822, 712300, 5, 6849),
(6823, 712400, 5, 6850),
(6824, 712500, 5, 6851),
(6825, 712600, 5, 6852),
(6826, 712700, 5, 6853),
(6827, 712800, 5, 6854),
(6828, 712900, 5, 6855),
(6829, 713000, 5, 6856),
(6830, 713100, 5, 6857),
(6831, 713200, 5, 6858),
(6832, 713300, 5, 6859),
(6833, 713400, 5, 6860),
(6834, 713500, 5, 6861),
(6835, 713600, 5, 6862),
(6836, 713800, 5, 6863),
(6837, 713900, 5, 6864),
(6838, 714000, 5, 6865),
(6839, 714100, 5, 6866),
(6840, 714200, 5, 6867),
(6841, 714300, 5, 6868),
(6842, 714400, 5, 6869),
(6843, 714500, 5, 6870),
(6844, 714600, 5, 6871),
(6845, 714700, 5, 6872),
(6846, 714800, 5, 6873),
(6847, 714900, 5, 6874),
(6848, 715000, 5, 6875),
(6849, 715100, 5, 6876),
(6850, 715200, 5, 6877),
(6851, 715300, 5, 6878),
(6852, 715400, 5, 6879),
(6853, 715500, 5, 6880),
(6854, 715600, 5, 6881),
(6855, 715700, 5, 6882),
(6856, 715800, 5, 6883),
(6857, 715900, 5, 6884),
(6858, 716000, 5, 6885),
(6859, 716100, 5, 6886),
(6860, 716200, 5, 6887),
(6861, 716400, 5, 6888),
(6862, 716500, 5, 6889),
(6863, 716600, 5, 6890),
(6864, 716700, 5, 6891),
(6865, 716800, 5, 6892),
(6866, 716900, 5, 6893),
(6867, 717000, 5, 6894),
(6868, 717100, 5, 6895),
(6869, 717200, 5, 6896),
(6870, 717300, 5, 6897),
(6871, 717400, 5, 6898),
(6872, 717500, 5, 6899),
(6873, 717600, 5, 6900),
(6874, 717700, 5, 6901),
(6875, 717800, 5, 6902),
(6876, 717900, 5, 6903),
(6877, 718000, 5, 6904),
(6878, 718100, 5, 6905),
(6879, 718200, 5, 6906),
(6880, 718300, 5, 6907),
(6881, 718400, 5, 6908),
(6882, 718500, 5, 6909),
(6883, 718600, 5, 6910),
(6884, 718700, 5, 6911),
(6885, 718800, 5, 6912),
(6886, 719000, 5, 6913),
(6887, 719100, 5, 6914),
(6888, 719200, 5, 6915),
(6889, 719300, 5, 6916),
(6890, 719400, 5, 6917),
(6891, 719500, 5, 6918),
(6892, 719600, 5, 6919),
(6893, 719700, 5, 6920),
(6894, 719800, 5, 6921),
(6895, 719900, 5, 6922),
(6896, 720000, 5, 6923),
(6897, 720100, 5, 6924),
(6898, 720200, 5, 6925),
(6899, 720300, 5, 6926),
(6900, 720400, 5, 6927),
(6901, 720500, 5, 6928),
(6902, 720600, 5, 6929),
(6903, 720700, 5, 6930),
(6904, 720800, 5, 6931),
(6905, 720900, 5, 6932),
(6906, 721000, 5, 6933),
(6907, 721100, 5, 6934),
(6908, 721200, 5, 6935),
(6909, 721300, 5, 6936),
(6910, 721400, 5, 6937),
(6911, 721600, 5, 6938),
(6912, 721700, 5, 6939),
(6913, 721800, 5, 6940),
(6914, 721900, 5, 6941),
(6915, 722000, 5, 6942),
(6916, 722100, 5, 6943),
(6917, 722200, 5, 6944),
(6918, 722300, 5, 6945),
(6919, 722400, 5, 6946),
(6920, 722500, 5, 6947),
(6921, 722600, 5, 6948),
(6922, 722700, 5, 6949),
(6923, 722800, 5, 6950),
(6924, 722900, 5, 6951),
(6925, 723000, 5, 6952),
(6926, 723100, 5, 6953),
(6927, 723200, 5, 6954),
(6928, 723300, 5, 6955),
(6929, 723400, 5, 6956),
(6930, 723500, 5, 6957),
(6931, 723600, 5, 6958),
(6932, 723700, 5, 6959),
(6933, 723800, 5, 6960),
(6934, 723900, 5, 6961),
(6935, 724000, 5, 6962),
(6936, 724200, 5, 6963),
(6937, 724300, 5, 6964),
(6938, 724400, 5, 6965),
(6939, 724500, 5, 6966),
(6940, 724600, 5, 6967),
(6941, 724700, 5, 6968),
(6942, 724800, 5, 6969),
(6943, 724900, 5, 6970),
(6944, 725000, 5, 6971),
(6945, 725100, 5, 6972),
(6946, 725200, 5, 6973),
(6947, 725300, 5, 6974),
(6948, 725400, 5, 6975),
(6949, 725500, 5, 6976),
(6950, 725600, 5, 6977),
(6951, 725700, 5, 6978),
(6952, 725800, 5, 6979),
(6953, 725900, 5, 6980),
(6954, 726000, 5, 6981),
(6955, 726100, 5, 6982),
(6956, 726200, 5, 6983),
(6957, 726300, 5, 6984),
(6958, 726400, 5, 6985),
(6959, 726500, 5, 6986),
(6960, 726600, 5, 6987),
(6961, 726800, 5, 6988),
(6962, 726900, 5, 6989),
(6963, 727000, 5, 6990),
(6964, 727100, 5, 6991),
(6965, 727200, 5, 6992),
(6966, 727300, 5, 6993),
(6967, 727400, 5, 6994),
(6968, 727500, 5, 6995),
(6969, 727600, 5, 6996),
(6970, 727700, 5, 6997),
(6971, 727800, 5, 6998),
(6972, 727900, 5, 6999),
(6973, 728000, 5, 7000),
(6974, 728100, 5, 7001),
(6975, 728200, 5, 7002),
(6976, 728300, 5, 7003),
(6977, 728400, 5, 7004),
(6978, 728500, 5, 7005),
(6979, 728600, 5, 7006),
(6980, 728700, 5, 7007),
(6981, 728800, 5, 7008),
(6982, 728900, 5, 7009),
(6983, 729000, 5, 7010),
(6984, 729100, 5, 7011),
(6985, 729200, 5, 7012),
(6986, 729400, 5, 7013),
(6987, 729500, 5, 7014),
(6988, 729600, 5, 7015),
(6989, 729700, 5, 7016),
(6990, 729800, 5, 7017),
(6991, 729900, 5, 7018),
(6992, 730000, 5, 7019),
(6993, 730100, 5, 7020),
(6994, 730200, 5, 7021),
(6995, 730300, 5, 7022),
(6996, 730400, 5, 7023),
(6997, 730500, 5, 7024),
(6998, 730600, 5, 7025),
(6999, 730700, 5, 7026),
(7000, 730800, 5, 7027),
(7001, 730900, 5, 7028),
(7002, 731000, 5, 7029),
(7003, 731100, 5, 7030),
(7004, 731200, 5, 7031),
(7005, 731300, 5, 7032),
(7006, 731400, 5, 7033),
(7007, 731500, 5, 7034),
(7008, 731600, 5, 7035),
(7009, 731700, 5, 7036),
(7010, 731800, 5, 7037),
(7011, 732000, 5, 7038),
(7012, 732100, 5, 7039),
(7013, 732200, 5, 7040),
(7014, 732300, 5, 7041),
(7015, 732400, 5, 7042),
(7016, 732500, 5, 7043),
(7017, 732600, 5, 7044),
(7018, 732700, 5, 7045),
(7019, 732800, 5, 7046),
(7020, 732900, 5, 7047),
(7021, 733000, 5, 7048),
(7022, 733100, 5, 7049),
(7023, 733200, 5, 7050),
(7024, 733300, 5, 7051),
(7025, 733400, 5, 7052),
(7026, 733500, 5, 7053),
(7027, 733600, 5, 7054),
(7028, 733700, 5, 7055),
(7029, 733800, 5, 7056),
(7030, 733900, 5, 7057),
(7031, 734000, 5, 7058),
(7032, 734100, 5, 7059),
(7033, 734200, 5, 7060),
(7034, 734300, 5, 7061),
(7035, 734400, 5, 7062),
(7036, 734600, 5, 7063),
(7037, 734700, 5, 7064),
(7038, 734800, 5, 7065),
(7039, 734900, 5, 7066),
(7040, 735000, 5, 7067),
(7041, 735100, 5, 7068),
(7042, 735200, 5, 7069),
(7043, 735300, 5, 7070),
(7044, 735400, 5, 7071),
(7045, 735500, 5, 7072),
(7046, 735600, 5, 7073),
(7047, 735700, 5, 7074),
(7048, 735800, 5, 7075),
(7049, 735900, 5, 7076),
(7050, 736000, 5, 7077),
(7051, 736100, 5, 7078),
(7052, 736200, 5, 7079),
(7053, 736300, 5, 7080),
(7054, 736400, 5, 7081),
(7055, 736500, 5, 7082),
(7056, 736600, 5, 7083),
(7057, 736700, 5, 7084),
(7058, 736800, 5, 7085),
(7059, 736900, 5, 7086),
(7060, 737000, 5, 7087),
(7061, 737200, 5, 7088),
(7062, 737300, 5, 7089),
(7063, 737400, 5, 7090),
(7064, 737500, 5, 7091),
(7065, 737600, 5, 7092),
(7066, 737700, 5, 7093),
(7067, 737800, 5, 7094),
(7068, 737900, 5, 7095),
(7069, 738000, 5, 7096),
(7070, 738100, 5, 7097),
(7071, 738200, 5, 7098),
(7072, 738300, 5, 7099),
(7073, 738400, 5, 7100),
(7074, 738500, 5, 7101),
(7075, 738600, 5, 7102),
(7076, 738700, 5, 7103),
(7077, 738800, 5, 7104),
(7078, 738900, 5, 7105),
(7079, 739000, 5, 7106),
(7080, 739100, 5, 7107),
(7081, 739200, 5, 7108),
(7082, 739300, 5, 7109),
(7083, 739400, 5, 7110),
(7084, 739500, 5, 7111),
(7085, 739600, 5, 7112),
(7086, 739800, 5, 7113),
(7087, 739900, 5, 7114),
(7088, 740000, 5, 7115),
(7089, 740100, 5, 7116),
(7090, 740200, 5, 7117),
(7091, 740300, 5, 7118),
(7092, 740400, 5, 7119),
(7093, 740500, 5, 7120),
(7094, 740600, 5, 7121),
(7095, 740700, 5, 7122),
(7096, 740800, 5, 7123),
(7097, 740900, 5, 7124),
(7098, 741000, 5, 7125),
(7099, 741100, 5, 7126),
(7100, 741200, 5, 7127),
(7101, 741300, 5, 7128),
(7102, 741400, 5, 7129),
(7103, 741500, 5, 7130),
(7104, 741600, 5, 7131),
(7105, 741700, 5, 7132),
(7106, 741800, 5, 7133),
(7107, 741900, 5, 7134),
(7108, 742000, 5, 7135),
(7109, 742100, 5, 7136),
(7110, 742200, 5, 7137),
(7111, 742400, 5, 7138),
(7112, 742500, 5, 7139),
(7113, 742600, 5, 7140),
(7114, 742700, 5, 7141),
(7115, 742800, 5, 7142),
(7116, 742900, 5, 7143),
(7117, 743000, 5, 7144),
(7118, 743100, 5, 7145),
(7119, 743200, 5, 7146),
(7120, 743300, 5, 7147),
(7121, 743400, 5, 7148),
(7122, 743500, 5, 7149),
(7123, 743600, 5, 7150),
(7124, 743700, 5, 7151),
(7125, 743800, 5, 7152),
(7126, 743900, 5, 7153),
(7127, 744000, 5, 7154),
(7128, 744100, 5, 7155),
(7129, 744200, 5, 7156),
(7130, 744300, 5, 7157),
(7131, 744400, 5, 7158),
(7132, 744500, 5, 7159),
(7133, 744600, 5, 7160),
(7134, 744700, 5, 7161),
(7135, 744800, 5, 7162),
(7136, 745000, 5, 7163),
(7137, 745100, 5, 7164),
(7138, 745200, 5, 7165),
(7139, 745300, 5, 7166),
(7140, 745400, 5, 7167),
(7141, 745500, 5, 7168),
(7142, 745600, 5, 7169),
(7143, 745700, 5, 7170),
(7144, 745800, 5, 7171),
(7145, 745900, 5, 7172),
(7146, 746000, 5, 7173),
(7147, 746100, 5, 7174),
(7148, 746200, 5, 7175),
(7149, 746300, 5, 7176),
(7150, 746400, 5, 7177),
(7151, 746500, 5, 7178),
(7152, 746600, 5, 7179),
(7153, 746700, 5, 7180),
(7154, 746800, 5, 7181),
(7155, 746900, 5, 7182),
(7156, 747000, 5, 7183),
(7157, 747100, 5, 7184),
(7158, 747200, 5, 7185),
(7159, 747300, 5, 7186),
(7160, 747400, 5, 7187),
(7161, 747600, 5, 7188),
(7162, 747700, 5, 7189),
(7163, 747800, 5, 7190),
(7164, 747900, 5, 7191),
(7165, 748000, 5, 7192),
(7166, 748100, 5, 7193),
(7167, 748200, 5, 7194),
(7168, 748300, 5, 7195),
(7169, 748400, 5, 7196),
(7170, 748500, 5, 7197),
(7171, 748600, 5, 7198),
(7172, 748700, 5, 7199),
(7173, 748800, 5, 7200),
(7174, 748900, 5, 7201),
(7175, 749000, 5, 7202),
(7176, 749100, 5, 7203),
(7177, 749200, 5, 7204),
(7178, 749300, 5, 7205),
(7179, 749400, 5, 7206),
(7180, 749500, 5, 7207),
(7181, 749600, 5, 7208),
(7182, 749700, 5, 7209),
(7183, 749800, 5, 7210),
(7184, 749900, 5, 7211),
(7185, 750000, 5, 7212),
(7186, 750200, 5, 7213),
(7187, 750300, 5, 7214),
(7188, 750400, 5, 7215),
(7189, 750500, 5, 7216),
(7190, 750600, 5, 7217),
(7191, 750700, 5, 7218),
(7192, 750800, 5, 7219),
(7193, 750900, 5, 7220),
(7194, 751000, 5, 7221),
(7195, 751100, 5, 7222),
(7196, 751200, 5, 7223),
(7197, 751300, 5, 7224),
(7198, 751400, 5, 7225),
(7199, 751500, 5, 7226),
(7200, 751600, 5, 7227),
(7201, 751700, 5, 7228),
(7202, 751800, 5, 7229),
(7203, 751900, 5, 7230),
(7204, 752000, 5, 7231),
(7205, 752100, 5, 7232),
(7206, 752200, 5, 7233),
(7207, 752300, 5, 7234),
(7208, 752400, 5, 7235),
(7209, 752500, 5, 7236),
(7210, 752600, 5, 7237),
(7211, 752800, 5, 7238),
(7212, 752900, 5, 7239),
(7213, 753000, 5, 7240),
(7214, 753100, 5, 7241),
(7215, 753200, 5, 7242),
(7216, 753300, 5, 7243),
(7217, 753400, 5, 7244),
(7218, 753500, 5, 7245),
(7219, 753600, 5, 7246),
(7220, 753700, 5, 7247),
(7221, 753800, 5, 7248),
(7222, 753900, 5, 7249),
(7223, 754000, 5, 7250),
(7224, 754100, 5, 7251),
(7225, 754200, 5, 7252),
(7226, 754300, 5, 7253),
(7227, 754400, 5, 7254),
(7228, 754500, 5, 7255),
(7229, 754600, 5, 7256),
(7230, 754700, 5, 7257),
(7231, 754800, 5, 7258),
(7232, 754900, 5, 7259),
(7233, 755000, 5, 7260),
(7234, 755100, 5, 7261),
(7235, 755200, 5, 7262),
(7236, 755400, 5, 7263),
(7237, 755500, 5, 7264),
(7238, 755600, 5, 7265),
(7239, 755700, 5, 7266),
(7240, 755800, 5, 7267),
(7241, 755900, 5, 7268),
(7242, 756000, 5, 7269),
(7243, 756100, 5, 7270),
(7244, 756200, 5, 7271),
(7245, 756300, 5, 7272),
(7246, 756400, 5, 7273),
(7247, 756500, 5, 7274),
(7248, 756600, 5, 7275),
(7249, 756700, 5, 7276),
(7250, 756800, 5, 7277),
(7251, 756900, 5, 7278),
(7252, 757000, 5, 7279),
(7253, 757100, 5, 7280),
(7254, 757200, 5, 7281),
(7255, 757300, 5, 7282),
(7256, 757400, 5, 7283),
(7257, 757500, 5, 7284),
(7258, 757600, 5, 7285),
(7259, 757700, 5, 7286),
(7260, 757800, 5, 7287),
(7261, 758000, 5, 7288),
(7262, 758100, 5, 7289),
(7263, 758200, 5, 7290),
(7264, 758300, 5, 7291),
(7265, 758400, 5, 7292),
(7266, 758500, 5, 7293),
(7267, 758600, 5, 7294),
(7268, 758700, 5, 7295),
(7269, 758800, 5, 7296),
(7270, 758900, 5, 7297),
(7271, 759000, 5, 7298),
(7272, 759100, 5, 7299),
(7273, 759200, 5, 7300),
(7274, 759300, 5, 7301),
(7275, 759400, 5, 7302),
(7276, 759500, 5, 7303),
(7277, 759600, 5, 7304),
(7278, 759700, 5, 7305),
(7279, 759800, 5, 7306),
(7280, 759900, 5, 7307),
(7281, 760000, 5, 7308),
(7282, 760100, 5, 7309),
(7283, 760200, 5, 7310),
(7284, 760300, 5, 7311),
(7285, 760400, 5, 7312),
(7286, 760600, 5, 7313),
(7287, 760700, 5, 7314),
(7288, 760800, 5, 7315),
(7289, 760900, 5, 7316),
(7290, 761000, 5, 7317),
(7291, 761100, 5, 7318),
(7292, 761200, 5, 7319),
(7293, 761300, 5, 7320),
(7294, 761400, 5, 7321),
(7295, 761500, 5, 7322),
(7296, 761600, 5, 7323),
(7297, 761700, 5, 7324),
(7298, 761800, 5, 7325),
(7299, 761900, 5, 7326),
(7300, 762000, 5, 7327),
(7301, 762100, 5, 7328),
(7302, 762200, 5, 7329),
(7303, 762300, 5, 7330),
(7304, 762400, 5, 7331),
(7305, 762500, 5, 7332),
(7306, 762600, 5, 7333),
(7307, 762700, 5, 7334),
(7308, 762800, 5, 7335),
(7309, 762900, 5, 7336),
(7310, 763000, 5, 7337),
(7311, 763200, 5, 7338),
(7312, 763300, 5, 7339),
(7313, 763400, 5, 7340),
(7314, 763500, 5, 7341),
(7315, 763600, 5, 7342),
(7316, 763700, 5, 7343),
(7317, 763800, 5, 7344),
(7318, 763900, 5, 7345),
(7319, 764000, 5, 7346),
(7320, 764100, 5, 7347),
(7321, 764200, 5, 7348),
(7322, 764300, 5, 7349),
(7323, 764400, 5, 7350),
(7324, 764500, 5, 7351),
(7325, 764600, 5, 7352),
(7326, 764700, 5, 7353),
(7327, 764800, 5, 7354),
(7328, 764900, 5, 7355),
(7329, 765000, 5, 7356),
(7330, 765100, 5, 7357),
(7331, 765200, 5, 7358),
(7332, 765300, 5, 7359),
(7333, 765400, 5, 7360),
(7334, 765500, 5, 7361),
(7335, 765600, 5, 7362),
(7336, 765800, 5, 7363),
(7337, 765900, 5, 7364),
(7338, 766000, 5, 7365),
(7339, 766100, 5, 7366),
(7340, 766200, 5, 7367),
(7341, 766300, 5, 7368),
(7342, 766400, 5, 7369),
(7343, 766500, 5, 7370),
(7344, 766600, 5, 7371),
(7345, 766700, 5, 7372),
(7346, 766800, 5, 7373),
(7347, 766900, 5, 7374),
(7348, 767000, 5, 7375),
(7349, 767100, 5, 7376),
(7350, 767200, 5, 7377),
(7351, 767300, 5, 7378),
(7352, 767400, 5, 7379),
(7353, 767500, 5, 7380),
(7354, 767600, 5, 7381),
(7355, 767700, 5, 7382),
(7356, 767800, 5, 7383),
(7357, 767900, 5, 7384),
(7358, 768000, 5, 7385),
(7359, 768100, 5, 7386),
(7360, 768200, 5, 7387),
(7361, 768400, 5, 7388),
(7362, 768500, 5, 7389),
(7363, 768600, 5, 7390),
(7364, 768700, 5, 7391),
(7365, 768800, 5, 7392),
(7366, 768900, 5, 7393),
(7367, 769000, 5, 7394),
(7368, 769100, 5, 7395),
(7369, 769200, 5, 7396),
(7370, 769300, 5, 7397),
(7371, 769400, 5, 7398),
(7372, 769500, 5, 7399),
(7373, 769600, 5, 7400),
(7374, 769700, 5, 7401),
(7375, 769800, 5, 7402),
(7376, 769900, 5, 7403),
(7377, 770000, 5, 7404),
(7378, 770100, 5, 7405),
(7379, 770200, 5, 7406),
(7380, 770300, 5, 7407),
(7381, 770400, 5, 7408),
(7382, 770500, 5, 7409),
(7383, 770600, 5, 7410),
(7384, 770700, 5, 7411),
(7385, 770800, 5, 7412),
(7386, 771000, 5, 7413),
(7387, 771100, 5, 7414),
(7388, 771200, 5, 7415),
(7389, 771300, 5, 7416),
(7390, 771400, 5, 7417),
(7391, 771500, 5, 7418),
(7392, 771600, 5, 7419),
(7393, 771700, 5, 7420),
(7394, 771800, 5, 7421),
(7395, 771900, 5, 7422),
(7396, 772000, 5, 7423),
(7397, 772100, 5, 7424),
(7398, 772200, 5, 7425),
(7399, 772300, 5, 7426),
(7400, 772400, 5, 7427),
(7401, 772500, 5, 7428),
(7402, 772600, 5, 7429),
(7403, 772700, 5, 7430),
(7404, 772800, 5, 7431),
(7405, 772900, 5, 7432),
(7406, 773000, 5, 7433),
(7407, 773100, 5, 7434),
(7408, 773200, 5, 7435),
(7409, 773300, 5, 7436),
(7410, 773400, 5, 7437),
(7411, 773600, 5, 7438),
(7412, 773700, 5, 7439),
(7413, 773800, 5, 7440),
(7414, 773900, 5, 7441),
(7415, 774000, 5, 7442),
(7416, 774100, 5, 7443),
(7417, 774200, 5, 7444),
(7418, 774300, 5, 7445),
(7419, 774400, 5, 7446),
(7420, 774500, 5, 7447),
(7421, 774600, 5, 7448),
(7422, 774700, 5, 7449),
(7423, 774800, 5, 7450),
(7424, 774900, 5, 7451),
(7425, 775000, 5, 7452),
(7426, 775100, 5, 7453),
(7427, 775200, 5, 7454),
(7428, 775300, 5, 7455),
(7429, 775400, 5, 7456),
(7430, 775500, 5, 7457),
(7431, 775600, 5, 7458),
(7432, 775700, 5, 7459),
(7433, 775800, 5, 7460),
(7434, 775900, 5, 7461),
(7435, 776000, 5, 7462),
(7436, 776200, 5, 7463),
(7437, 776300, 5, 7464),
(7438, 776400, 5, 7465),
(7439, 776500, 5, 7466),
(7440, 776600, 5, 7467),
(7441, 776700, 5, 7468),
(7442, 776800, 5, 7469),
(7443, 776900, 5, 7470),
(7444, 777000, 5, 7471),
(7445, 777100, 5, 7472),
(7446, 777200, 5, 7473),
(7447, 777300, 5, 7474),
(7448, 777400, 5, 7475),
(7449, 777500, 5, 7476),
(7450, 777600, 5, 7477),
(7451, 777700, 5, 7478),
(7452, 777800, 5, 7479),
(7453, 777900, 5, 7480),
(7454, 778000, 5, 7481),
(7455, 778100, 5, 7482),
(7456, 778200, 5, 7483),
(7457, 778300, 5, 7484),
(7458, 778400, 5, 7485),
(7459, 778500, 5, 7486),
(7460, 778600, 5, 7487),
(7461, 778800, 5, 7488),
(7462, 778900, 5, 7489),
(7463, 779000, 5, 7490),
(7464, 779100, 5, 7491),
(7465, 779200, 5, 7492),
(7466, 779300, 5, 7493),
(7467, 779400, 5, 7494),
(7468, 779500, 5, 7495),
(7469, 779600, 5, 7496),
(7470, 779700, 5, 7497),
(7471, 779800, 5, 7498),
(7472, 779900, 5, 7499),
(7473, 780000, 5, 7500),
(7474, 780100, 5, 7501),
(7475, 780200, 5, 7502),
(7476, 780300, 5, 7503),
(7477, 780400, 5, 7504),
(7478, 780500, 5, 7505),
(7479, 780600, 5, 7506),
(7480, 780700, 5, 7507),
(7481, 780800, 5, 7508),
(7482, 780900, 5, 7509),
(7483, 781000, 5, 7510),
(7484, 781100, 5, 7511),
(7485, 781200, 5, 7512),
(7486, 781400, 5, 7513),
(7487, 781500, 5, 7514),
(7488, 781600, 5, 7515),
(7489, 781700, 5, 7516),
(7490, 781800, 5, 7517),
(7491, 781900, 5, 7518),
(7492, 782000, 5, 7519),
(7493, 782100, 5, 7520),
(7494, 782200, 5, 7521),
(7495, 782300, 5, 7522),
(7496, 782400, 5, 7523),
(7497, 782500, 5, 7524),
(7498, 782600, 5, 7525),
(7499, 782700, 5, 7526),
(7500, 782800, 5, 7527),
(7501, 782900, 5, 7528),
(7502, 783000, 5, 7529),
(7503, 783100, 5, 7530),
(7504, 783200, 5, 7531),
(7505, 783300, 5, 7532),
(7506, 783400, 5, 7533),
(7507, 783500, 5, 7534),
(7508, 783600, 5, 7535),
(7509, 783700, 5, 7536),
(7510, 783800, 5, 7537),
(7511, 784000, 5, 7538),
(7512, 784100, 5, 7539),
(7513, 784200, 5, 7540),
(7514, 784300, 5, 7541),
(7515, 784400, 5, 7542),
(7516, 784500, 5, 7543),
(7517, 784600, 5, 7544),
(7518, 784700, 5, 7545),
(7519, 784800, 5, 7546),
(7520, 784900, 5, 7547),
(7521, 785000, 5, 7548),
(7522, 785100, 5, 7549),
(7523, 785200, 5, 7550),
(7524, 785300, 5, 7551),
(7525, 785400, 5, 7552),
(7526, 785500, 5, 7553),
(7527, 785600, 5, 7554),
(7528, 785700, 5, 7555),
(7529, 785800, 5, 7556),
(7530, 785900, 5, 7557),
(7531, 786000, 5, 7558),
(7532, 786100, 5, 7559),
(7533, 786200, 5, 7560),
(7534, 786300, 5, 7561),
(7535, 786400, 5, 7562),
(7536, 786600, 5, 7563),
(7537, 786700, 5, 7564),
(7538, 786800, 5, 7565),
(7539, 786900, 5, 7566),
(7540, 787000, 5, 7567),
(7541, 787100, 5, 7568),
(7542, 787200, 5, 7569),
(7543, 787300, 5, 7570),
(7544, 787400, 5, 7571),
(7545, 787500, 5, 7572),
(7546, 787600, 5, 7573),
(7547, 787700, 5, 7574),
(7548, 787800, 5, 7575),
(7549, 787900, 5, 7576),
(7550, 788000, 5, 7577),
(7551, 788100, 5, 7578),
(7552, 788200, 5, 7579),
(7553, 788300, 5, 7580),
(7554, 788400, 5, 7581),
(7555, 788500, 5, 7582),
(7556, 788600, 5, 7583),
(7557, 788700, 5, 7584),
(7558, 788800, 5, 7585),
(7559, 788900, 5, 7586),
(7560, 789000, 5, 7587),
(7561, 789200, 5, 7588),
(7562, 789300, 5, 7589),
(7563, 789400, 5, 7590),
(7564, 789500, 5, 7591),
(7565, 789600, 5, 7592),
(7566, 789700, 5, 7593),
(7567, 789800, 5, 7594),
(7568, 789900, 5, 7595),
(7569, 790000, 5, 7596),
(7570, 790100, 5, 7597),
(7571, 790200, 5, 7598),
(7572, 790300, 5, 7599),
(7573, 790400, 5, 7600),
(7574, 790500, 5, 7601),
(7575, 790600, 5, 7602),
(7576, 790700, 5, 7603),
(7577, 790800, 5, 7604),
(7578, 790900, 5, 7605),
(7579, 791000, 5, 7606),
(7580, 791100, 5, 7607),
(7581, 791200, 5, 7608),
(7582, 791300, 5, 7609),
(7583, 791400, 5, 7610),
(7584, 791500, 5, 7611),
(7585, 791600, 5, 7612),
(7586, 791800, 5, 7613),
(7587, 791900, 5, 7614),
(7588, 792000, 5, 7615),
(7589, 792100, 5, 7616),
(7590, 792200, 5, 7617),
(7591, 792300, 5, 7618),
(7592, 792400, 5, 7619),
(7593, 792500, 5, 7620),
(7594, 792600, 5, 7621),
(7595, 792700, 5, 7622),
(7596, 792800, 5, 7623),
(7597, 792900, 5, 7624),
(7598, 793000, 5, 7625),
(7599, 793100, 5, 7626),
(7600, 793200, 5, 7627),
(7601, 793300, 5, 7628),
(7602, 793400, 5, 7629),
(7603, 793500, 5, 7630),
(7604, 793600, 5, 7631),
(7605, 793700, 5, 7632),
(7606, 793800, 5, 7633),
(7607, 793900, 5, 7634),
(7608, 794000, 5, 7635),
(7609, 794100, 5, 7636),
(7610, 794200, 5, 7637),
(7611, 794400, 5, 7638),
(7612, 794500, 5, 7639),
(7613, 794600, 5, 7640),
(7614, 794700, 5, 7641),
(7615, 794800, 5, 7642),
(7616, 794900, 5, 7643),
(7617, 795000, 5, 7644),
(7618, 795100, 5, 7645),
(7619, 795200, 5, 7646),
(7620, 795300, 5, 7647),
(7621, 795400, 5, 7648),
(7622, 795500, 5, 7649),
(7623, 795600, 5, 7650),
(7624, 795700, 5, 7651),
(7625, 795800, 5, 7652),
(7626, 795900, 5, 7653),
(7627, 796000, 5, 7654),
(7628, 796100, 5, 7655),
(7629, 796200, 5, 7656),
(7630, 796300, 5, 7657),
(7631, 796400, 5, 7658),
(7632, 796500, 5, 7659),
(7633, 796600, 5, 7660),
(7634, 796700, 5, 7661),
(7635, 796800, 5, 7662),
(7636, 797000, 5, 7663),
(7637, 797100, 5, 7664),
(7638, 797200, 5, 7665),
(7639, 797300, 5, 7666),
(7640, 797400, 5, 7667),
(7641, 797500, 5, 7668),
(7642, 797600, 5, 7669),
(7643, 797700, 5, 7670),
(7644, 797800, 5, 7671),
(7645, 797900, 5, 7672),
(7646, 798000, 5, 7673),
(7647, 798100, 5, 7674),
(7648, 798200, 5, 7675),
(7649, 798300, 5, 7676),
(7650, 798400, 5, 7677),
(7651, 798500, 5, 7678),
(7652, 798600, 5, 7679),
(7653, 798700, 5, 7680),
(7654, 798800, 5, 7681),
(7655, 798900, 5, 7682),
(7656, 799000, 5, 7683),
(7657, 799100, 5, 7684),
(7658, 799200, 5, 7685),
(7659, 799300, 5, 7686),
(7660, 799400, 5, 7687),
(7661, 799600, 5, 7688),
(7662, 799700, 5, 7689),
(7663, 799800, 5, 7690),
(7664, 799900, 5, 7691),
(7665, 800000, 5, 7692),
(7666, 800100, 5, 7693),
(7667, 800200, 5, 7694),
(7668, 800300, 5, 7695),
(7669, 800400, 5, 7696),
(7670, 800500, 5, 7697),
(7671, 800600, 5, 7698),
(7672, 800700, 5, 7699),
(7673, 800800, 5, 7700),
(7674, 800900, 5, 7701),
(7675, 801000, 5, 7702),
(7676, 801100, 5, 7703),
(7677, 801200, 5, 7704),
(7678, 801300, 5, 7705),
(7679, 801400, 5, 7706),
(7680, 801500, 5, 7707),
(7681, 801600, 5, 7708),
(7682, 801700, 5, 7709),
(7683, 801800, 5, 7710),
(7684, 801900, 5, 7711),
(7685, 802000, 5, 7712),
(7686, 802200, 5, 7713),
(7687, 802300, 5, 7714),
(7688, 802400, 5, 7715),
(7689, 802500, 5, 7716),
(7690, 802600, 5, 7717),
(7691, 802700, 5, 7718),
(7692, 802800, 5, 7719),
(7693, 802900, 5, 7720),
(7694, 803000, 5, 7721),
(7695, 803100, 5, 7722),
(7696, 803200, 5, 7723),
(7697, 803300, 5, 7724),
(7698, 803400, 5, 7725),
(7699, 803500, 5, 7726),
(7700, 803600, 5, 7727),
(7701, 803700, 5, 7728),
(7702, 803800, 5, 7729),
(7703, 803900, 5, 7730),
(7704, 804000, 5, 7731),
(7705, 804100, 5, 7732),
(7706, 804200, 5, 7733),
(7707, 804300, 5, 7734),
(7708, 804400, 5, 7735),
(7709, 804500, 5, 7736),
(7710, 804600, 5, 7737),
(7711, 804800, 5, 7738),
(7712, 804900, 5, 7739),
(7713, 805000, 5, 7740),
(7714, 805100, 5, 7741),
(7715, 805200, 5, 7742),
(7716, 805300, 5, 7743),
(7717, 805400, 5, 7744),
(7718, 805500, 5, 7745),
(7719, 805600, 5, 7746),
(7720, 805700, 5, 7747),
(7721, 805800, 5, 7748),
(7722, 805900, 5, 7749),
(7723, 806000, 5, 7750),
(7724, 806100, 5, 7751),
(7725, 806200, 5, 7752),
(7726, 806300, 5, 7753),
(7727, 806400, 5, 7754),
(7728, 806500, 5, 7755),
(7729, 806600, 5, 7756),
(7730, 806700, 5, 7757),
(7731, 806800, 5, 7758),
(7732, 806900, 5, 7759),
(7733, 807000, 5, 7760),
(7734, 807100, 5, 7761),
(7735, 807200, 5, 7762),
(7736, 807400, 5, 7763),
(7737, 807500, 5, 7764),
(7738, 807600, 5, 7765),
(7739, 807700, 5, 7766),
(7740, 807800, 5, 7767),
(7741, 807900, 5, 7768),
(7742, 808000, 5, 7769),
(7743, 808100, 5, 7770),
(7744, 808200, 5, 7771),
(7745, 808300, 5, 7772),
(7746, 808400, 5, 7773),
(7747, 808500, 5, 7774),
(7748, 808600, 5, 7775),
(7749, 808700, 5, 7776),
(7750, 808800, 5, 7777),
(7751, 808900, 5, 7778),
(7752, 809000, 5, 7779),
(7753, 809100, 5, 7780),
(7754, 809200, 5, 7781),
(7755, 809300, 5, 7782),
(7756, 809400, 5, 7783),
(7757, 809500, 5, 7784),
(7758, 809600, 5, 7785),
(7759, 809700, 5, 7786),
(7760, 809800, 5, 7787),
(7761, 810000, 5, 7788),
(7762, 810100, 5, 7789),
(7763, 810200, 5, 7790),
(7764, 810300, 5, 7791),
(7765, 810400, 5, 7792),
(7766, 810500, 5, 7793),
(7767, 810600, 5, 7794),
(7768, 810700, 5, 7795),
(7769, 810800, 5, 7796),
(7770, 810900, 5, 7797),
(7771, 811000, 5, 7798),
(7772, 811100, 5, 7799),
(7773, 811200, 5, 7800),
(7774, 811300, 5, 7801),
(7775, 811400, 5, 7802),
(7776, 811500, 5, 7803),
(7777, 811600, 5, 7804),
(7778, 811700, 5, 7805),
(7779, 811800, 5, 7806),
(7780, 811900, 5, 7807),
(7781, 812000, 5, 7808),
(7782, 812100, 5, 7809),
(7783, 812200, 5, 7810),
(7784, 812300, 5, 7811),
(7785, 812400, 5, 7812),
(7786, 812600, 5, 7813),
(7787, 812700, 5, 7814),
(7788, 812800, 5, 7815),
(7789, 812900, 5, 7816),
(7790, 813000, 5, 7817),
(7791, 813100, 5, 7818),
(7792, 813200, 5, 7819),
(7793, 813300, 5, 7820),
(7794, 813400, 5, 7821),
(7795, 813500, 5, 7822),
(7796, 813600, 5, 7823),
(7797, 813700, 5, 7824),
(7798, 813800, 5, 7825),
(7799, 813900, 5, 7826),
(7800, 814000, 5, 7827),
(7801, 814100, 5, 7828),
(7802, 814200, 5, 7829),
(7803, 814300, 5, 7830),
(7804, 814400, 5, 7831),
(7805, 814500, 5, 7832),
(7806, 814600, 5, 7833),
(7807, 814700, 5, 7834),
(7808, 814800, 5, 7835),
(7809, 814900, 5, 7836),
(7810, 815000, 5, 7837),
(7811, 815200, 5, 7838),
(7812, 815300, 5, 7839),
(7813, 815400, 5, 7840),
(7814, 815500, 5, 7841),
(7815, 815600, 5, 7842),
(7816, 815700, 5, 7843),
(7817, 815800, 5, 7844),
(7818, 815900, 5, 7845),
(7819, 816000, 5, 7846),
(7820, 816100, 5, 7847),
(7821, 816200, 5, 7848),
(7822, 816300, 5, 7849),
(7823, 816400, 5, 7850),
(7824, 816500, 5, 7851),
(7825, 816600, 5, 7852),
(7826, 816700, 5, 7853),
(7827, 816800, 5, 7854),
(7828, 816900, 5, 7855),
(7829, 817000, 5, 7856),
(7830, 817100, 5, 7857),
(7831, 817200, 5, 7858),
(7832, 817300, 5, 7859),
(7833, 817400, 5, 7860),
(7834, 817500, 5, 7861),
(7835, 817600, 5, 7862),
(7836, 817800, 5, 7863),
(7837, 817900, 5, 7864),
(7838, 818000, 5, 7865),
(7839, 818100, 5, 7866),
(7840, 818200, 5, 7867),
(7841, 818300, 5, 7868),
(7842, 818400, 5, 7869),
(7843, 818500, 5, 7870),
(7844, 818600, 5, 7871),
(7845, 818700, 5, 7872),
(7846, 818800, 5, 7873),
(7847, 818900, 5, 7874),
(7848, 819000, 5, 7875),
(7849, 819100, 5, 7876),
(7850, 819200, 5, 7877),
(7851, 819300, 5, 7878),
(7852, 819400, 5, 7879),
(7853, 819500, 5, 7880),
(7854, 819600, 5, 7881),
(7855, 819700, 5, 7882),
(7856, 819800, 5, 7883),
(7857, 819900, 5, 7884),
(7858, 820000, 5, 7885),
(7859, 820100, 5, 7886),
(7860, 820200, 5, 7887),
(7861, 820400, 5, 7888),
(7862, 820500, 5, 7889),
(7863, 820600, 5, 7890),
(7864, 820700, 5, 7891),
(7865, 820800, 5, 7892),
(7866, 820900, 5, 7893),
(7867, 821000, 5, 7894),
(7868, 821100, 5, 7895),
(7869, 821200, 5, 7896),
(7870, 821300, 5, 7897),
(7871, 821400, 5, 7898),
(7872, 821500, 5, 7899),
(7873, 821600, 5, 7900),
(7874, 821700, 5, 7901),
(7875, 821800, 5, 7902),
(7876, 821900, 5, 7903),
(7877, 822000, 5, 7904),
(7878, 822100, 5, 7905),
(7879, 822200, 5, 7906),
(7880, 822300, 5, 7907),
(7881, 822400, 5, 7908),
(7882, 822500, 5, 7909),
(7883, 822600, 5, 7910),
(7884, 822700, 5, 7911),
(7885, 822800, 5, 7912),
(7886, 823000, 5, 7913),
(7887, 823100, 5, 7914),
(7888, 823200, 5, 7915),
(7889, 823300, 5, 7916),
(7890, 823400, 5, 7917),
(7891, 823500, 5, 7918),
(7892, 823600, 5, 7919),
(7893, 823700, 5, 7920),
(7894, 823800, 5, 7921),
(7895, 823900, 5, 7922),
(7896, 824000, 5, 7923),
(7897, 824100, 5, 7924),
(7898, 824200, 5, 7925),
(7899, 824300, 5, 7926),
(7900, 824400, 5, 7927),
(7901, 824500, 5, 7928),
(7902, 824600, 5, 7929),
(7903, 824700, 5, 7930),
(7904, 824800, 5, 7931),
(7905, 824900, 5, 7932),
(7906, 825000, 5, 7933),
(7907, 825100, 5, 7934),
(7908, 825200, 5, 7935),
(7909, 825300, 5, 7936),
(7910, 825400, 5, 7937),
(7911, 825600, 5, 7938),
(7912, 825700, 5, 7939),
(7913, 825800, 5, 7940),
(7914, 825900, 5, 7941),
(7915, 826000, 5, 7942),
(7916, 826100, 5, 7943),
(7917, 826200, 5, 7944),
(7918, 826300, 5, 7945),
(7919, 826400, 5, 7946),
(7920, 826500, 5, 7947),
(7921, 826600, 5, 7948),
(7922, 826700, 5, 7949),
(7923, 826800, 5, 7950),
(7924, 826900, 5, 7951),
(7925, 827000, 5, 7952),
(7926, 827100, 5, 7953),
(7927, 827200, 5, 7954),
(7928, 827300, 5, 7955),
(7929, 827400, 5, 7956),
(7930, 827500, 5, 7957),
(7931, 827600, 5, 7958),
(7932, 827700, 5, 7959),
(7933, 827800, 5, 7960),
(7934, 827900, 5, 7961),
(7935, 828000, 5, 7962),
(7936, 828200, 5, 7963),
(7937, 828300, 5, 7964),
(7938, 828400, 5, 7965),
(7939, 828500, 5, 7966),
(7940, 828600, 5, 7967),
(7941, 828700, 5, 7968),
(7942, 828800, 5, 7969),
(7943, 828900, 5, 7970),
(7944, 829000, 5, 7971),
(7945, 829100, 5, 7972),
(7946, 829200, 5, 7973),
(7947, 829300, 5, 7974),
(7948, 829400, 5, 7975),
(7949, 829500, 5, 7976),
(7950, 829600, 5, 7977),
(7951, 829700, 5, 7978),
(7952, 829800, 5, 7979),
(7953, 829900, 5, 7980),
(7954, 830000, 5, 7981),
(7955, 830100, 5, 7982),
(7956, 830200, 5, 7983),
(7957, 830300, 5, 7984),
(7958, 830400, 5, 7985),
(7959, 830500, 5, 7986),
(7960, 830600, 5, 7987),
(7961, 830800, 5, 7988),
(7962, 830900, 5, 7989),
(7963, 831000, 5, 7990),
(7964, 831100, 5, 7991),
(7965, 831200, 5, 7992),
(7966, 831300, 5, 7993),
(7967, 831400, 5, 7994),
(7968, 831500, 5, 7995),
(7969, 831600, 5, 7996),
(7970, 831700, 5, 7997),
(7971, 831800, 5, 7998),
(7972, 831900, 5, 7999),
(7973, 832000, 5, 8000),
(7974, 832100, 5, 8001),
(7975, 832200, 5, 8002),
(7976, 832300, 5, 8003),
(7977, 832400, 5, 8004),
(7978, 832500, 5, 8005),
(7979, 832600, 5, 8006),
(7980, 832700, 5, 8007),
(7981, 832800, 5, 8008),
(7982, 832900, 5, 8009),
(7983, 833000, 5, 8010),
(7984, 833100, 5, 8011),
(7985, 833200, 5, 8012),
(7986, 833400, 5, 8013),
(7987, 833500, 5, 8014),
(7988, 833600, 5, 8015),
(7989, 833700, 5, 8016),
(7990, 833800, 5, 8017),
(7991, 833900, 5, 8018),
(7992, 834000, 5, 8019),
(7993, 834100, 5, 8020),
(7994, 834200, 5, 8021),
(7995, 834300, 5, 8022),
(7996, 834400, 5, 8023),
(7997, 834500, 5, 8024),
(7998, 834600, 5, 8025),
(7999, 834700, 5, 8026),
(8000, 834800, 5, 8027),
(8001, 834900, 5, 8028),
(8002, 835000, 5, 8029),
(8003, 835100, 5, 8030),
(8004, 835200, 5, 8031),
(8005, 835300, 5, 8032),
(8006, 835400, 5, 8033),
(8007, 835500, 5, 8034),
(8008, 835600, 5, 8035),
(8009, 835700, 5, 8036),
(8010, 835800, 5, 8037),
(8011, 836000, 5, 8038),
(8012, 836100, 5, 8039),
(8013, 836200, 5, 8040),
(8014, 836300, 5, 8041),
(8015, 836400, 5, 8042),
(8016, 836500, 5, 8043),
(8017, 836600, 5, 8044),
(8018, 836700, 5, 8045),
(8019, 836800, 5, 8046),
(8020, 836900, 5, 8047),
(8021, 837000, 5, 8048),
(8022, 837100, 5, 8049),
(8023, 837200, 5, 8050),
(8024, 837300, 5, 8051),
(8025, 837400, 5, 8052),
(8026, 837500, 5, 8053),
(8027, 837600, 5, 8054),
(8028, 837700, 5, 8055),
(8029, 837800, 5, 8056),
(8030, 837900, 5, 8057),
(8031, 838000, 5, 8058),
(8032, 838100, 5, 8059),
(8033, 838200, 5, 8060),
(8034, 838300, 5, 8061),
(8035, 838400, 5, 8062),
(8036, 838600, 5, 8063),
(8037, 838700, 5, 8064),
(8038, 838800, 5, 8065),
(8039, 838900, 5, 8066),
(8040, 839000, 5, 8067),
(8041, 839100, 5, 8068),
(8042, 839200, 5, 8069),
(8043, 839300, 5, 8070),
(8044, 839400, 5, 8071),
(8045, 839500, 5, 8072),
(8046, 839600, 5, 8073),
(8047, 839700, 5, 8074),
(8048, 839800, 5, 8075),
(8049, 839900, 5, 8076),
(8050, 840000, 5, 8077),
(8051, 840100, 5, 8078),
(8052, 840200, 5, 8079),
(8053, 840300, 5, 8080),
(8054, 840400, 5, 8081),
(8055, 840500, 5, 8082),
(8056, 840600, 5, 8083),
(8057, 840700, 5, 8084),
(8058, 840800, 5, 8085),
(8059, 840900, 5, 8086),
(8060, 841000, 5, 8087),
(8061, 841200, 5, 8088),
(8062, 841300, 5, 8089),
(8063, 841400, 5, 8090),
(8064, 841500, 5, 8091),
(8065, 841600, 5, 8092),
(8066, 841700, 5, 8093),
(8067, 841800, 5, 8094),
(8068, 841900, 5, 8095),
(8069, 842000, 5, 8096),
(8070, 842100, 5, 8097),
(8071, 842200, 5, 8098),
(8072, 842300, 5, 8099),
(8073, 842400, 5, 8100),
(8074, 842500, 5, 8101),
(8075, 842600, 5, 8102),
(8076, 842700, 5, 8103),
(8077, 842800, 5, 8104),
(8078, 842900, 5, 8105),
(8079, 843000, 5, 8106),
(8080, 843100, 5, 8107),
(8081, 843200, 5, 8108),
(8082, 843300, 5, 8109),
(8083, 843400, 5, 8110),
(8084, 843500, 5, 8111),
(8085, 843600, 5, 8112),
(8086, 843800, 5, 8113),
(8087, 843900, 5, 8114),
(8088, 844000, 5, 8115),
(8089, 844100, 5, 8116),
(8090, 844200, 5, 8117),
(8091, 844300, 5, 8118),
(8092, 844400, 5, 8119),
(8093, 844500, 5, 8120),
(8094, 844600, 5, 8121),
(8095, 844700, 5, 8122),
(8096, 844800, 5, 8123),
(8097, 844900, 5, 8124),
(8098, 845000, 5, 8125),
(8099, 845100, 5, 8126),
(8100, 845200, 5, 8127),
(8101, 845300, 5, 8128),
(8102, 845400, 5, 8129),
(8103, 845500, 5, 8130),
(8104, 845600, 5, 8131),
(8105, 845700, 5, 8132),
(8106, 845800, 5, 8133),
(8107, 845900, 5, 8134),
(8108, 846000, 5, 8135),
(8109, 846100, 5, 8136),
(8110, 846200, 5, 8137),
(8111, 846400, 5, 8138),
(8112, 846500, 5, 8139),
(8113, 846600, 5, 8140),
(8114, 846700, 5, 8141),
(8115, 846800, 5, 8142),
(8116, 846900, 5, 8143),
(8117, 847000, 5, 8144),
(8118, 847100, 5, 8145),
(8119, 847200, 5, 8146),
(8120, 847300, 5, 8147),
(8121, 847400, 5, 8148),
(8122, 847500, 5, 8149),
(8123, 847600, 5, 8150),
(8124, 847700, 5, 8151),
(8125, 847800, 5, 8152),
(8126, 847900, 5, 8153),
(8127, 848000, 5, 8154),
(8128, 848100, 5, 8155),
(8129, 848200, 5, 8156),
(8130, 848300, 5, 8157),
(8131, 848400, 5, 8158),
(8132, 848500, 5, 8159),
(8133, 848600, 5, 8160),
(8134, 848700, 5, 8161),
(8135, 848800, 5, 8162),
(8136, 849000, 5, 8163),
(8137, 849100, 5, 8164),
(8138, 849200, 5, 8165),
(8139, 849300, 5, 8166),
(8140, 849400, 5, 8167),
(8141, 849500, 5, 8168),
(8142, 849600, 5, 8169),
(8143, 849700, 5, 8170),
(8144, 849800, 5, 8171),
(8145, 849900, 5, 8172),
(8146, 850000, 5, 8173),
(8147, 850100, 5, 8174),
(8148, 850200, 5, 8175),
(8149, 850300, 5, 8176),
(8150, 850400, 5, 8177),
(8151, 850500, 5, 8178),
(8152, 850600, 5, 8179),
(8153, 850700, 5, 8180),
(8154, 850800, 5, 8181),
(8155, 850900, 5, 8182),
(8156, 851000, 5, 8183),
(8157, 851100, 5, 8184),
(8158, 851200, 5, 8185),
(8159, 851300, 5, 8186),
(8160, 851400, 5, 8187),
(8161, 851600, 5, 8188),
(8162, 851700, 5, 8189),
(8163, 851800, 5, 8190),
(8164, 851900, 5, 8191),
(8165, 852000, 5, 8192),
(8166, 852100, 5, 8193),
(8167, 852200, 5, 8194),
(8168, 852300, 5, 8195),
(8169, 852400, 5, 8196),
(8170, 852500, 5, 8197),
(8171, 852600, 5, 8198),
(8172, 852700, 5, 8199),
(8173, 852800, 5, 8200),
(8174, 852900, 5, 8201),
(8175, 853000, 5, 8202),
(8176, 853100, 5, 8203),
(8177, 853200, 5, 8204),
(8178, 853300, 5, 8205),
(8179, 853400, 5, 8206),
(8180, 853500, 5, 8207),
(8181, 853600, 5, 8208),
(8182, 853700, 5, 8209),
(8183, 853800, 5, 8210),
(8184, 853900, 5, 8211),
(8185, 854000, 5, 8212),
(8186, 854200, 5, 8213),
(8187, 854300, 5, 8214),
(8188, 854400, 5, 8215),
(8189, 854500, 5, 8216),
(8190, 854600, 5, 8217),
(8191, 854700, 5, 8218),
(8192, 854800, 5, 8219),
(8193, 854900, 5, 8220),
(8194, 855000, 5, 8221),
(8195, 855100, 5, 8222),
(8196, 855200, 5, 8223),
(8197, 855300, 5, 8224),
(8198, 855400, 5, 8225),
(8199, 855500, 5, 8226),
(8200, 855600, 5, 8227),
(8201, 855700, 5, 8228),
(8202, 855800, 5, 8229),
(8203, 855900, 5, 8230),
(8204, 856000, 5, 8231),
(8205, 856100, 5, 8232),
(8206, 856200, 5, 8233),
(8207, 856300, 5, 8234),
(8208, 856400, 5, 8235),
(8209, 856500, 5, 8236),
(8210, 856600, 5, 8237),
(8211, 856800, 5, 8238),
(8212, 856900, 5, 8239),
(8213, 857000, 5, 8240),
(8214, 857100, 5, 8241),
(8215, 857200, 5, 8242),
(8216, 857300, 5, 8243),
(8217, 857400, 5, 8244),
(8218, 857500, 5, 8245),
(8219, 857600, 5, 8246),
(8220, 857700, 5, 8247),
(8221, 857800, 5, 8248),
(8222, 857900, 5, 8249),
(8223, 858000, 5, 8250),
(8224, 858100, 5, 8251),
(8225, 858200, 5, 8252),
(8226, 858300, 5, 8253),
(8227, 858400, 5, 8254),
(8228, 858500, 5, 8255),
(8229, 858600, 5, 8256),
(8230, 858700, 5, 8257),
(8231, 858800, 5, 8258),
(8232, 858900, 5, 8259),
(8233, 859000, 5, 8260),
(8234, 859100, 5, 8261),
(8235, 859200, 5, 8262),
(8236, 859400, 5, 8263),
(8237, 859500, 5, 8264),
(8238, 859600, 5, 8265),
(8239, 859700, 5, 8266),
(8240, 859800, 5, 8267),
(8241, 859900, 5, 8268),
(8242, 860000, 5, 8269),
(8243, 860100, 5, 8270),
(8244, 860200, 5, 8271),
(8245, 860300, 5, 8272),
(8246, 860400, 5, 8273),
(8247, 860500, 5, 8274),
(8248, 860600, 5, 8275),
(8249, 860700, 5, 8276),
(8250, 860800, 5, 8277),
(8251, 860900, 5, 8278),
(8252, 861000, 5, 8279),
(8253, 861100, 5, 8280),
(8254, 861200, 5, 8281),
(8255, 861300, 5, 8282),
(8256, 861400, 5, 8283),
(8257, 861500, 5, 8284),
(8258, 861600, 5, 8285),
(8259, 861700, 5, 8286),
(8260, 861800, 5, 8287),
(8261, 862000, 5, 8288),
(8262, 862100, 5, 8289),
(8263, 862200, 5, 8290),
(8264, 862300, 5, 8291),
(8265, 862400, 5, 8292),
(8266, 862500, 5, 8293),
(8267, 862600, 5, 8294),
(8268, 862700, 5, 8295),
(8269, 862800, 5, 8296),
(8270, 862900, 5, 8297),
(8271, 863000, 5, 8298),
(8272, 863100, 5, 8299),
(8273, 863200, 5, 8300),
(8274, 863300, 5, 8301),
(8275, 863400, 5, 8302),
(8276, 863500, 5, 8303),
(8277, 863600, 5, 8304),
(8278, 863700, 5, 8305),
(8279, 863800, 5, 8306),
(8280, 863900, 5, 8307),
(8281, 864000, 5, 8308),
(8282, 864100, 5, 8309),
(8283, 864200, 5, 8310),
(8284, 864300, 5, 8311),
(8285, 864400, 5, 8312),
(8286, 864600, 5, 8313),
(8287, 864700, 5, 8314),
(8288, 864800, 5, 8315),
(8289, 864900, 5, 8316),
(8290, 865000, 5, 8317),
(8291, 865100, 5, 8318),
(8292, 865200, 5, 8319),
(8293, 865300, 5, 8320),
(8294, 865400, 5, 8321),
(8295, 865500, 5, 8322),
(8296, 865600, 5, 8323),
(8297, 865700, 5, 8324),
(8298, 865800, 5, 8325),
(8299, 865900, 5, 8326),
(8300, 866000, 5, 8327),
(8301, 866100, 5, 8328),
(8302, 866200, 5, 8329),
(8303, 866300, 5, 8330),
(8304, 866400, 5, 8331),
(8305, 866500, 5, 8332),
(8306, 866600, 5, 8333),
(8307, 866700, 5, 8334),
(8308, 866800, 5, 8335),
(8309, 866900, 5, 8336),
(8310, 867000, 5, 8337),
(8311, 867200, 5, 8338),
(8312, 867300, 5, 8339),
(8313, 867400, 5, 8340),
(8314, 867500, 5, 8341),
(8315, 867600, 5, 8342),
(8316, 867700, 5, 8343),
(8317, 867800, 5, 8344),
(8318, 867900, 5, 8345),
(8319, 868000, 5, 8346),
(8320, 868100, 5, 8347),
(8321, 868200, 5, 8348),
(8322, 868300, 5, 8349),
(8323, 868400, 5, 8350),
(8324, 868500, 5, 8351),
(8325, 868600, 5, 8352),
(8326, 868700, 5, 8353),
(8327, 868800, 5, 8354),
(8328, 868900, 5, 8355),
(8329, 869000, 5, 8356),
(8330, 869100, 5, 8357),
(8331, 869200, 5, 8358),
(8332, 869300, 5, 8359),
(8333, 869400, 5, 8360),
(8334, 869500, 5, 8361),
(8335, 869600, 5, 8362),
(8336, 869800, 5, 8363),
(8337, 869900, 5, 8364),
(8338, 870000, 5, 8365),
(8339, 870100, 5, 8366),
(8340, 870200, 5, 8367),
(8341, 870300, 5, 8368),
(8342, 870400, 5, 8369),
(8343, 870500, 5, 8370),
(8344, 870600, 5, 8371),
(8345, 870700, 5, 8372),
(8346, 870800, 5, 8373),
(8347, 870900, 5, 8374),
(8348, 871000, 5, 8375),
(8349, 871100, 5, 8376),
(8350, 871200, 5, 8377),
(8351, 871300, 5, 8378),
(8352, 871400, 5, 8379),
(8353, 871500, 5, 8380),
(8354, 871600, 5, 8381),
(8355, 871700, 5, 8382),
(8356, 871800, 5, 8383),
(8357, 871900, 5, 8384),
(8358, 872000, 5, 8385),
(8359, 872100, 5, 8386),
(8360, 872200, 5, 8387),
(8361, 872400, 5, 8388),
(8362, 872500, 5, 8389),
(8363, 872600, 5, 8390),
(8364, 872700, 5, 8391),
(8365, 872800, 5, 8392),
(8366, 872900, 5, 8393),
(8367, 873000, 5, 8394),
(8368, 873100, 5, 8395),
(8369, 873200, 5, 8396),
(8370, 873300, 5, 8397),
(8371, 873400, 5, 8398),
(8372, 873500, 5, 8399),
(8373, 873600, 5, 8400),
(8374, 873700, 5, 8401),
(8375, 873800, 5, 8402),
(8376, 873900, 5, 8403),
(8377, 874000, 5, 8404),
(8378, 874100, 5, 8405),
(8379, 874200, 5, 8406),
(8380, 874300, 5, 8407),
(8381, 874400, 5, 8408),
(8382, 874500, 5, 8409),
(8383, 874600, 5, 8410),
(8384, 874700, 5, 8411),
(8385, 874800, 5, 8412),
(8386, 875000, 5, 8413),
(8387, 875100, 5, 8414),
(8388, 875200, 5, 8415),
(8389, 875300, 5, 8416),
(8390, 875400, 5, 8417),
(8391, 875500, 5, 8418),
(8392, 875600, 5, 8419),
(8393, 875700, 5, 8420),
(8394, 875800, 5, 8421),
(8395, 875900, 5, 8422),
(8396, 876000, 5, 8423),
(8397, 876100, 5, 8424),
(8398, 876200, 5, 8425),
(8399, 876300, 5, 8426),
(8400, 876400, 5, 8427),
(8401, 876500, 5, 8428),
(8402, 876600, 5, 8429),
(8403, 876700, 5, 8430),
(8404, 876800, 5, 8431),
(8405, 876900, 5, 8432),
(8406, 877000, 5, 8433),
(8407, 877100, 5, 8434),
(8408, 877200, 5, 8435),
(8409, 877300, 5, 8436),
(8410, 877400, 5, 8437),
(8411, 877600, 5, 8438),
(8412, 877700, 5, 8439),
(8413, 877800, 5, 8440),
(8414, 877900, 5, 8441),
(8415, 878000, 5, 8442),
(8416, 878100, 5, 8443),
(8417, 878200, 5, 8444),
(8418, 878300, 5, 8445),
(8419, 878400, 5, 8446),
(8420, 878500, 5, 8447),
(8421, 878600, 5, 8448),
(8422, 878700, 5, 8449),
(8423, 878800, 5, 8450),
(8424, 878900, 5, 8451),
(8425, 879000, 5, 8452),
(8426, 879100, 5, 8453),
(8427, 879200, 5, 8454),
(8428, 879300, 5, 8455),
(8429, 879400, 5, 8456),
(8430, 879500, 5, 8457),
(8431, 879600, 5, 8458),
(8432, 879700, 5, 8459),
(8433, 879800, 5, 8460),
(8434, 879900, 5, 8461),
(8435, 880000, 5, 8462),
(8436, 880200, 5, 8463),
(8437, 880300, 5, 8464),
(8438, 880400, 5, 8465),
(8439, 880500, 5, 8466),
(8440, 880600, 5, 8467),
(8441, 880700, 5, 8468),
(8442, 880800, 5, 8469),
(8443, 880900, 5, 8470),
(8444, 881000, 5, 8471),
(8445, 881100, 5, 8472),
(8446, 881200, 5, 8473),
(8447, 881300, 5, 8474),
(8448, 881400, 5, 8475),
(8449, 881500, 5, 8476),
(8450, 881600, 5, 8477),
(8451, 881700, 5, 8478),
(8452, 881800, 5, 8479),
(8453, 881900, 5, 8480),
(8454, 882000, 5, 8481),
(8455, 882100, 5, 8482),
(8456, 882200, 5, 8483),
(8457, 882300, 5, 8484),
(8458, 882400, 5, 8485),
(8459, 882500, 5, 8486),
(8460, 882600, 5, 8487),
(8461, 882800, 5, 8488),
(8462, 882900, 5, 8489),
(8463, 883000, 5, 8490),
(8464, 883100, 5, 8491),
(8465, 883200, 5, 8492),
(8466, 883300, 5, 8493),
(8467, 883400, 5, 8494),
(8468, 883500, 5, 8495),
(8469, 883600, 5, 8496),
(8470, 883700, 5, 8497),
(8471, 883800, 5, 8498),
(8472, 883900, 5, 8499),
(8473, 884000, 5, 8500),
(8474, 884100, 5, 8501),
(8475, 884200, 5, 8502),
(8476, 884300, 5, 8503),
(8477, 884400, 5, 8504),
(8478, 884500, 5, 8505),
(8479, 884600, 5, 8506),
(8480, 884700, 5, 8507),
(8481, 884800, 5, 8508),
(8482, 884900, 5, 8509),
(8483, 885000, 5, 8510),
(8484, 885100, 5, 8511),
(8485, 885200, 5, 8512),
(8486, 885400, 5, 8513),
(8487, 885500, 5, 8514),
(8488, 885600, 5, 8515),
(8489, 885700, 5, 8516),
(8490, 885800, 5, 8517),
(8491, 885900, 5, 8518),
(8492, 886000, 5, 8519),
(8493, 886100, 5, 8520),
(8494, 886200, 5, 8521),
(8495, 886300, 5, 8522),
(8496, 886400, 5, 8523),
(8497, 886500, 5, 8524),
(8498, 886600, 5, 8525),
(8499, 886700, 5, 8526),
(8500, 886800, 5, 8527),
(8501, 886900, 5, 8528),
(8502, 887000, 5, 8529),
(8503, 887100, 5, 8530),
(8504, 887200, 5, 8531),
(8505, 887300, 5, 8532),
(8506, 887400, 5, 8533),
(8507, 887500, 5, 8534),
(8508, 887600, 5, 8535),
(8509, 887700, 5, 8536),
(8510, 887800, 5, 8537),
(8511, 888000, 5, 8538),
(8512, 888100, 5, 8539),
(8513, 888200, 5, 8540),
(8514, 888300, 5, 8541),
(8515, 888400, 5, 8542),
(8516, 888500, 5, 8543),
(8517, 888600, 5, 8544),
(8518, 888700, 5, 8545),
(8519, 888800, 5, 8546),
(8520, 888900, 5, 8547),
(8521, 889000, 5, 8548),
(8522, 889100, 5, 8549),
(8523, 889200, 5, 8550),
(8524, 889300, 5, 8551),
(8525, 889400, 5, 8552),
(8526, 889500, 5, 8553),
(8527, 889600, 5, 8554),
(8528, 889700, 5, 8555),
(8529, 889800, 5, 8556),
(8530, 889900, 5, 8557),
(8531, 890000, 5, 8558),
(8532, 890100, 5, 8559),
(8533, 890200, 5, 8560),
(8534, 890300, 5, 8561),
(8535, 890400, 5, 8562),
(8536, 890600, 5, 8563),
(8537, 890700, 5, 8564),
(8538, 890800, 5, 8565),
(8539, 890900, 5, 8566),
(8540, 891000, 5, 8567),
(8541, 891100, 5, 8568),
(8542, 891200, 5, 8569),
(8543, 891300, 5, 8570),
(8544, 891400, 5, 8571),
(8545, 891500, 5, 8572),
(8546, 891600, 5, 8573),
(8547, 891700, 5, 8574),
(8548, 891800, 5, 8575),
(8549, 891900, 5, 8576),
(8550, 892000, 5, 8577),
(8551, 892100, 5, 8578),
(8552, 892200, 5, 8579),
(8553, 892300, 5, 8580),
(8554, 892400, 5, 8581),
(8555, 892500, 5, 8582),
(8556, 892600, 5, 8583),
(8557, 892700, 5, 8584),
(8558, 892800, 5, 8585),
(8559, 892900, 5, 8586),
(8560, 893000, 5, 8587),
(8561, 893200, 5, 8588),
(8562, 893300, 5, 8589),
(8563, 893400, 5, 8590),
(8564, 893500, 5, 8591),
(8565, 893600, 5, 8592),
(8566, 893700, 5, 8593),
(8567, 893800, 5, 8594),
(8568, 893900, 5, 8595),
(8569, 894000, 5, 8596),
(8570, 894100, 5, 8597),
(8571, 894200, 5, 8598),
(8572, 894300, 5, 8599),
(8573, 894400, 5, 8600),
(8574, 894500, 5, 8601),
(8575, 894600, 5, 8602),
(8576, 894700, 5, 8603),
(8577, 894800, 5, 8604),
(8578, 894900, 5, 8605),
(8579, 895000, 5, 8606),
(8580, 895100, 5, 8607),
(8581, 895200, 5, 8608),
(8582, 895300, 5, 8609),
(8583, 895400, 5, 8610),
(8584, 895500, 5, 8611),
(8585, 895600, 5, 8612),
(8586, 895800, 5, 8613),
(8587, 895900, 5, 8614),
(8588, 896000, 5, 8615),
(8589, 896100, 5, 8616),
(8590, 896200, 5, 8617),
(8591, 896300, 5, 8618),
(8592, 896400, 5, 8619),
(8593, 896500, 5, 8620),
(8594, 896600, 5, 8621),
(8595, 896700, 5, 8622),
(8596, 896800, 5, 8623),
(8597, 896900, 5, 8624),
(8598, 897000, 5, 8625),
(8599, 897100, 5, 8626),
(8600, 897200, 5, 8627),
(8601, 897300, 5, 8628),
(8602, 897400, 5, 8629),
(8603, 897500, 5, 8630),
(8604, 897600, 5, 8631),
(8605, 897700, 5, 8632),
(8606, 897800, 5, 8633),
(8607, 897900, 5, 8634),
(8608, 898000, 5, 8635),
(8609, 898100, 5, 8636),
(8610, 898200, 5, 8637),
(8611, 898400, 5, 8638),
(8612, 898500, 5, 8639),
(8613, 898600, 5, 8640),
(8614, 898700, 5, 8641),
(8615, 898800, 5, 8642),
(8616, 898900, 5, 8643),
(8617, 899000, 5, 8644),
(8618, 899100, 5, 8645),
(8619, 899200, 5, 8646),
(8620, 899300, 5, 8647),
(8621, 899400, 5, 8648),
(8622, 899500, 5, 8649),
(8623, 899600, 5, 8650),
(8624, 899700, 5, 8651),
(8625, 899800, 5, 8652),
(8626, 899900, 5, 8653),
(8627, 900000, 5, 8654),
(8628, 900100, 5, 8655),
(8629, 900200, 5, 8656),
(8630, 900300, 5, 8657),
(8631, 900400, 5, 8658),
(8632, 900500, 5, 8659),
(8633, 900600, 5, 8660),
(8634, 900700, 5, 8661),
(8635, 900800, 5, 8662),
(8636, 901000, 5, 8663),
(8637, 901100, 5, 8664),
(8638, 901200, 5, 8665),
(8639, 901300, 5, 8666),
(8640, 901400, 5, 8667),
(8641, 901500, 5, 8668),
(8642, 901600, 5, 8669),
(8643, 901700, 5, 8670),
(8644, 901800, 5, 8671),
(8645, 901900, 5, 8672),
(8646, 902000, 5, 8673),
(8647, 902100, 5, 8674),
(8648, 902200, 5, 8675),
(8649, 902300, 5, 8676),
(8650, 902400, 5, 8677),
(8651, 902500, 5, 8678),
(8652, 902600, 5, 8679),
(8653, 902700, 5, 8680),
(8654, 902800, 5, 8681),
(8655, 902900, 5, 8682),
(8656, 903000, 5, 8683),
(8657, 903100, 5, 8684),
(8658, 903200, 5, 8685),
(8659, 903300, 5, 8686),
(8660, 903400, 5, 8687),
(8661, 903600, 5, 8688),
(8662, 903700, 5, 8689),
(8663, 903800, 5, 8690),
(8664, 903900, 5, 8691),
(8665, 904000, 5, 8692),
(8666, 904100, 5, 8693),
(8667, 904200, 5, 8694),
(8668, 904300, 5, 8695),
(8669, 904400, 5, 8696),
(8670, 904500, 5, 8697),
(8671, 904600, 5, 8698),
(8672, 904700, 5, 8699),
(8673, 904800, 5, 8700),
(8674, 904900, 5, 8701),
(8675, 905000, 5, 8702),
(8676, 905100, 5, 8703),
(8677, 905200, 5, 8704),
(8678, 905300, 5, 8705),
(8679, 905400, 5, 8706),
(8680, 905500, 5, 8707),
(8681, 905600, 5, 8708),
(8682, 905700, 5, 8709),
(8683, 905800, 5, 8710),
(8684, 905900, 5, 8711),
(8685, 906000, 5, 8712),
(8686, 906200, 5, 8713),
(8687, 906300, 5, 8714),
(8688, 906400, 5, 8715),
(8689, 906500, 5, 8716),
(8690, 906600, 5, 8717),
(8691, 906700, 5, 8718),
(8692, 906800, 5, 8719),
(8693, 906900, 5, 8720),
(8694, 907000, 5, 8721),
(8695, 907100, 5, 8722),
(8696, 907200, 5, 8723),
(8697, 907300, 5, 8724),
(8698, 907400, 5, 8725),
(8699, 907500, 5, 8726),
(8700, 907600, 5, 8727),
(8701, 907700, 5, 8728),
(8702, 907800, 5, 8729),
(8703, 907900, 5, 8730),
(8704, 908000, 5, 8731),
(8705, 908100, 5, 8732),
(8706, 908200, 5, 8733),
(8707, 908300, 5, 8734),
(8708, 908400, 5, 8735),
(8709, 908500, 5, 8736),
(8710, 908600, 5, 8737),
(8711, 908800, 5, 8738),
(8712, 908900, 5, 8739),
(8713, 909000, 5, 8740),
(8714, 909100, 5, 8741),
(8715, 909200, 5, 8742),
(8716, 909300, 5, 8743),
(8717, 909400, 5, 8744),
(8718, 909500, 5, 8745),
(8719, 909600, 5, 8746),
(8720, 909700, 5, 8747),
(8721, 909800, 5, 8748),
(8722, 909900, 5, 8749),
(8723, 910000, 5, 8750),
(8724, 910100, 5, 8751),
(8725, 910200, 5, 8752),
(8726, 910300, 5, 8753),
(8727, 910400, 5, 8754),
(8728, 910500, 5, 8755),
(8729, 910600, 5, 8756),
(8730, 910700, 5, 8757),
(8731, 910800, 5, 8758),
(8732, 910900, 5, 8759),
(8733, 911000, 5, 8760),
(8734, 911100, 5, 8761),
(8735, 911200, 5, 8762),
(8736, 911400, 5, 8763),
(8737, 911500, 5, 8764),
(8738, 911600, 5, 8765),
(8739, 911700, 5, 8766),
(8740, 911800, 5, 8767),
(8741, 911900, 5, 8768),
(8742, 912000, 5, 8769),
(8743, 912100, 5, 8770),
(8744, 912200, 5, 8771),
(8745, 912300, 5, 8772),
(8746, 912400, 5, 8773),
(8747, 912500, 5, 8774),
(8748, 912600, 5, 8775),
(8749, 912700, 5, 8776),
(8750, 912800, 5, 8777),
(8751, 912900, 5, 8778),
(8752, 913000, 5, 8779),
(8753, 913100, 5, 8780),
(8754, 913200, 5, 8781),
(8755, 913300, 5, 8782),
(8756, 913400, 5, 8783),
(8757, 913500, 5, 8784),
(8758, 913600, 5, 8785),
(8759, 913700, 5, 8786),
(8760, 913800, 5, 8787),
(8761, 914000, 5, 8788),
(8762, 914100, 5, 8789),
(8763, 914200, 5, 8790),
(8764, 914300, 5, 8791),
(8765, 914400, 5, 8792),
(8766, 914500, 5, 8793),
(8767, 914600, 5, 8794),
(8768, 914700, 5, 8795),
(8769, 914800, 5, 8796),
(8770, 914900, 5, 8797),
(8771, 915000, 5, 8798),
(8772, 915100, 5, 8799),
(8773, 915200, 5, 8800),
(8774, 915300, 5, 8801),
(8775, 915400, 5, 8802),
(8776, 915500, 5, 8803),
(8777, 915600, 5, 8804),
(8778, 915700, 5, 8805),
(8779, 915800, 5, 8806),
(8780, 915900, 5, 8807),
(8781, 916000, 5, 8808),
(8782, 916100, 5, 8809),
(8783, 916200, 5, 8810),
(8784, 916300, 5, 8811),
(8785, 916400, 5, 8812),
(8786, 916600, 5, 8813),
(8787, 916700, 5, 8814),
(8788, 916800, 5, 8815),
(8789, 916900, 5, 8816),
(8790, 917000, 5, 8817),
(8791, 917100, 5, 8818),
(8792, 917200, 5, 8819),
(8793, 917300, 5, 8820),
(8794, 917400, 5, 8821),
(8795, 917500, 5, 8822),
(8796, 917600, 5, 8823),
(8797, 917700, 5, 8824),
(8798, 917800, 5, 8825),
(8799, 917900, 5, 8826),
(8800, 918000, 5, 8827),
(8801, 918100, 5, 8828),
(8802, 918200, 5, 8829),
(8803, 918300, 5, 8830),
(8804, 918400, 5, 8831),
(8805, 918500, 5, 8832),
(8806, 918600, 5, 8833),
(8807, 918700, 5, 8834),
(8808, 918800, 5, 8835),
(8809, 918900, 5, 8836),
(8810, 919000, 5, 8837),
(8811, 919200, 5, 8838),
(8812, 919300, 5, 8839),
(8813, 919400, 5, 8840),
(8814, 919500, 5, 8841),
(8815, 919600, 5, 8842),
(8816, 919700, 5, 8843),
(8817, 919800, 5, 8844);
INSERT INTO `taxes_rate` (`id`, `value`, `discount_increase`, `unit`) VALUES
(8818, 919900, 5, 8845),
(8819, 920000, 5, 8846),
(8820, 920100, 5, 8847),
(8821, 920200, 5, 8848),
(8822, 920300, 5, 8849),
(8823, 920400, 5, 8850),
(8824, 920500, 5, 8851),
(8825, 920600, 5, 8852),
(8826, 920700, 5, 8853),
(8827, 920800, 5, 8854),
(8828, 920900, 5, 8855),
(8829, 921000, 5, 8856),
(8830, 921100, 5, 8857),
(8831, 921200, 5, 8858),
(8832, 921300, 5, 8859),
(8833, 921400, 5, 8860),
(8834, 921500, 5, 8861),
(8835, 921600, 5, 8862),
(8836, 921800, 5, 8863),
(8837, 921900, 5, 8864),
(8838, 922000, 5, 8865),
(8839, 922100, 5, 8866),
(8840, 922200, 5, 8867),
(8841, 922300, 5, 8868),
(8842, 922400, 5, 8869),
(8843, 922500, 5, 8870),
(8844, 922600, 5, 8871),
(8845, 922700, 5, 8872),
(8846, 922800, 5, 8873),
(8847, 922900, 5, 8874),
(8848, 923000, 5, 8875),
(8849, 923100, 5, 8876),
(8850, 923200, 5, 8877),
(8851, 923300, 5, 8878),
(8852, 923400, 5, 8879),
(8853, 923500, 5, 8880),
(8854, 923600, 5, 8881),
(8855, 923700, 5, 8882),
(8856, 923800, 5, 8883),
(8857, 923900, 5, 8884),
(8858, 924000, 5, 8885),
(8859, 924100, 5, 8886),
(8860, 924200, 5, 8887),
(8861, 924400, 5, 8888),
(8862, 924500, 5, 8889),
(8863, 924600, 5, 8890),
(8864, 924700, 5, 8891),
(8865, 924800, 5, 8892),
(8866, 924900, 5, 8893),
(8867, 925000, 5, 8894),
(8868, 925100, 5, 8895),
(8869, 925200, 5, 8896),
(8870, 925300, 5, 8897),
(8871, 925400, 5, 8898),
(8872, 925500, 5, 8899),
(8873, 925600, 5, 8900),
(8874, 925700, 5, 8901),
(8875, 925800, 5, 8902),
(8876, 925900, 5, 8903),
(8877, 926000, 5, 8904),
(8878, 926100, 5, 8905),
(8879, 926200, 5, 8906),
(8880, 926300, 5, 8907),
(8881, 926400, 5, 8908),
(8882, 926500, 5, 8909),
(8883, 926600, 5, 8910),
(8884, 926700, 5, 8911),
(8885, 926800, 5, 8912),
(8886, 927000, 5, 8913),
(8887, 927100, 5, 8914),
(8888, 927200, 5, 8915),
(8889, 927300, 5, 8916),
(8890, 927400, 5, 8917),
(8891, 927500, 5, 8918),
(8892, 927600, 5, 8919),
(8893, 927700, 5, 8920),
(8894, 927800, 5, 8921),
(8895, 927900, 5, 8922),
(8896, 928000, 5, 8923),
(8897, 928100, 5, 8924),
(8898, 928200, 5, 8925),
(8899, 928300, 5, 8926),
(8900, 928400, 5, 8927),
(8901, 928500, 5, 8928),
(8902, 928600, 5, 8929),
(8903, 928700, 5, 8930),
(8904, 928800, 5, 8931),
(8905, 928900, 5, 8932),
(8906, 929000, 5, 8933),
(8907, 929100, 5, 8934),
(8908, 929200, 5, 8935),
(8909, 929300, 5, 8936),
(8910, 929400, 5, 8937),
(8911, 929600, 5, 8938),
(8912, 929700, 5, 8939),
(8913, 929800, 5, 8940),
(8914, 929900, 5, 8941),
(8915, 930000, 5, 8942),
(8916, 930100, 5, 8943),
(8917, 930200, 5, 8944),
(8918, 930300, 5, 8945),
(8919, 930400, 5, 8946),
(8920, 930500, 5, 8947),
(8921, 930600, 5, 8948),
(8922, 930700, 5, 8949),
(8923, 930800, 5, 8950),
(8924, 930900, 5, 8951),
(8925, 931000, 5, 8952),
(8926, 931100, 5, 8953),
(8927, 931200, 5, 8954),
(8928, 931300, 5, 8955),
(8929, 931400, 5, 8956),
(8930, 931500, 5, 8957),
(8931, 931600, 5, 8958),
(8932, 931700, 5, 8959),
(8933, 931800, 5, 8960),
(8934, 931900, 5, 8961),
(8935, 932000, 5, 8962),
(8936, 932200, 5, 8963),
(8937, 932300, 5, 8964),
(8938, 932400, 5, 8965),
(8939, 932500, 5, 8966),
(8940, 932600, 5, 8967),
(8941, 932700, 5, 8968),
(8942, 932800, 5, 8969),
(8943, 932900, 5, 8970),
(8944, 933000, 5, 8971),
(8945, 933100, 5, 8972),
(8946, 933200, 5, 8973),
(8947, 933300, 5, 8974),
(8948, 933400, 5, 8975),
(8949, 933500, 5, 8976),
(8950, 933600, 5, 8977),
(8951, 933700, 5, 8978),
(8952, 933800, 5, 8979),
(8953, 933900, 5, 8980),
(8954, 934000, 5, 8981),
(8955, 934100, 5, 8982),
(8956, 934200, 5, 8983),
(8957, 934300, 5, 8984),
(8958, 934400, 5, 8985),
(8959, 934500, 5, 8986),
(8960, 934600, 5, 8987),
(8961, 934800, 5, 8988),
(8962, 934900, 5, 8989),
(8963, 935000, 5, 8990),
(8964, 935100, 5, 8991),
(8965, 935200, 5, 8992),
(8966, 935300, 5, 8993),
(8967, 935400, 5, 8994),
(8968, 935500, 5, 8995),
(8969, 935600, 5, 8996),
(8970, 935700, 5, 8997),
(8971, 935800, 5, 8998),
(8972, 935900, 5, 8999),
(8973, 936000, 5, 9000),
(8974, 936100, 5, 9001),
(8975, 936200, 5, 9002),
(8976, 936300, 5, 9003),
(8977, 936400, 5, 9004),
(8978, 936500, 5, 9005),
(8979, 936600, 5, 9006),
(8980, 936700, 5, 9007),
(8981, 936800, 5, 9008),
(8982, 936900, 5, 9009),
(8983, 937000, 5, 9010),
(8984, 937100, 5, 9011),
(8985, 937200, 5, 9012),
(8986, 937400, 5, 9013),
(8987, 937500, 5, 9014),
(8988, 937600, 5, 9015),
(8989, 937700, 5, 9016),
(8990, 937800, 5, 9017),
(8991, 937900, 5, 9018),
(8992, 938000, 5, 9019),
(8993, 938100, 5, 9020),
(8994, 938200, 5, 9021),
(8995, 938300, 5, 9022),
(8996, 938400, 5, 9023),
(8997, 938500, 5, 9024),
(8998, 938600, 5, 9025),
(8999, 938700, 5, 9026),
(9000, 938800, 5, 9027),
(9001, 938900, 5, 9028),
(9002, 939000, 5, 9029),
(9003, 939100, 5, 9030),
(9004, 939200, 5, 9031),
(9005, 939300, 5, 9032),
(9006, 939400, 5, 9033),
(9007, 939500, 5, 9034),
(9008, 939600, 5, 9035),
(9009, 939700, 5, 9036),
(9010, 939800, 5, 9037),
(9011, 940000, 5, 9038),
(9012, 940100, 5, 9039),
(9013, 940200, 5, 9040),
(9014, 940300, 5, 9041),
(9015, 940400, 5, 9042),
(9016, 940500, 5, 9043),
(9017, 940600, 5, 9044),
(9018, 940700, 5, 9045),
(9019, 940800, 5, 9046),
(9020, 940900, 5, 9047),
(9021, 941000, 5, 9048),
(9022, 941100, 5, 9049),
(9023, 941200, 5, 9050),
(9024, 941300, 5, 9051),
(9025, 941400, 5, 9052),
(9026, 941500, 5, 9053),
(9027, 941600, 5, 9054),
(9028, 941700, 5, 9055),
(9029, 941800, 5, 9056),
(9030, 941900, 5, 9057),
(9031, 942000, 5, 9058),
(9032, 942100, 5, 9059),
(9033, 942200, 5, 9060),
(9034, 942300, 5, 9061),
(9035, 942400, 5, 9062),
(9036, 942600, 5, 9063),
(9037, 942700, 5, 9064),
(9038, 942800, 5, 9065),
(9039, 942900, 5, 9066),
(9040, 943000, 5, 9067),
(9041, 943100, 5, 9068),
(9042, 943200, 5, 9069),
(9043, 943300, 5, 9070),
(9044, 943400, 5, 9071),
(9045, 943500, 5, 9072),
(9046, 943600, 5, 9073),
(9047, 943700, 5, 9074),
(9048, 943800, 5, 9075),
(9049, 943900, 5, 9076),
(9050, 944000, 5, 9077),
(9051, 944100, 5, 9078),
(9052, 944200, 5, 9079),
(9053, 944300, 5, 9080),
(9054, 944400, 5, 9081),
(9055, 944500, 5, 9082),
(9056, 944600, 5, 9083),
(9057, 944700, 5, 9084),
(9058, 944800, 5, 9085),
(9059, 944900, 5, 9086),
(9060, 945000, 5, 9087),
(9061, 945200, 5, 9088),
(9062, 945300, 5, 9089),
(9063, 945400, 5, 9090),
(9064, 945500, 5, 9091),
(9065, 945600, 5, 9092),
(9066, 945700, 5, 9093),
(9067, 945800, 5, 9094),
(9068, 945900, 5, 9095),
(9069, 946000, 5, 9096),
(9070, 946100, 5, 9097),
(9071, 946200, 5, 9098),
(9072, 946300, 5, 9099),
(9073, 946400, 5, 9100),
(9074, 946500, 5, 9101),
(9075, 946600, 5, 9102),
(9076, 946700, 5, 9103),
(9077, 946800, 5, 9104),
(9078, 946900, 5, 9105),
(9079, 947000, 5, 9106),
(9080, 947100, 5, 9107),
(9081, 947200, 5, 9108),
(9082, 947300, 5, 9109),
(9083, 947400, 5, 9110),
(9084, 947500, 5, 9111),
(9085, 947600, 5, 9112),
(9086, 947800, 5, 9113),
(9087, 947900, 5, 9114),
(9088, 948000, 5, 9115),
(9089, 948100, 5, 9116),
(9090, 948200, 5, 9117),
(9091, 948300, 5, 9118),
(9092, 948400, 5, 9119),
(9093, 948500, 5, 9120),
(9094, 948600, 5, 9121),
(9095, 948700, 5, 9122),
(9096, 948800, 5, 9123),
(9097, 948900, 5, 9124),
(9098, 949000, 5, 9125),
(9099, 949100, 5, 9126),
(9100, 949200, 5, 9127),
(9101, 949300, 5, 9128),
(9102, 949400, 5, 9129),
(9103, 949500, 5, 9130),
(9104, 949600, 5, 9131),
(9105, 949700, 5, 9132),
(9106, 949800, 5, 9133),
(9107, 949900, 5, 9134),
(9108, 950000, 5, 9135),
(9109, 950100, 5, 9136),
(9110, 950200, 5, 9137),
(9111, 950400, 5, 9138),
(9112, 950500, 5, 9139),
(9113, 950600, 5, 9140),
(9114, 950700, 5, 9141),
(9115, 950800, 5, 9142),
(9116, 950900, 5, 9143),
(9117, 951000, 5, 9144),
(9118, 951100, 5, 9145),
(9119, 951200, 5, 9146),
(9120, 951300, 5, 9147),
(9121, 951400, 5, 9148),
(9122, 951500, 5, 9149),
(9123, 951600, 5, 9150),
(9124, 951700, 5, 9151),
(9125, 951800, 5, 9152),
(9126, 951900, 5, 9153),
(9127, 952000, 5, 9154),
(9128, 952100, 5, 9155),
(9129, 952200, 5, 9156),
(9130, 952300, 5, 9157),
(9131, 952400, 5, 9158),
(9132, 952500, 5, 9159),
(9133, 952600, 5, 9160),
(9134, 952700, 5, 9161),
(9135, 952800, 5, 9162),
(9136, 953000, 5, 9163),
(9137, 953100, 5, 9164),
(9138, 953200, 5, 9165),
(9139, 953300, 5, 9166),
(9140, 953400, 5, 9167),
(9141, 953500, 5, 9168),
(9142, 953600, 5, 9169),
(9143, 953700, 5, 9170),
(9144, 953800, 5, 9171),
(9145, 953900, 5, 9172),
(9146, 954000, 5, 9173),
(9147, 954100, 5, 9174),
(9148, 954200, 5, 9175),
(9149, 954300, 5, 9176),
(9150, 954400, 5, 9177),
(9151, 954500, 5, 9178),
(9152, 954600, 5, 9179),
(9153, 954700, 5, 9180),
(9154, 954800, 5, 9181),
(9155, 954900, 5, 9182),
(9156, 955000, 5, 9183),
(9157, 955100, 5, 9184),
(9158, 955200, 5, 9185),
(9159, 955300, 5, 9186),
(9160, 955400, 5, 9187),
(9161, 955600, 5, 9188),
(9162, 955700, 5, 9189),
(9163, 955800, 5, 9190),
(9164, 955900, 5, 9191),
(9165, 956000, 5, 9192),
(9166, 956100, 5, 9193),
(9167, 956200, 5, 9194),
(9168, 956300, 5, 9195),
(9169, 956400, 5, 9196),
(9170, 956500, 5, 9197),
(9171, 956600, 5, 9198),
(9172, 956700, 5, 9199),
(9173, 956800, 5, 9200),
(9174, 956900, 5, 9201),
(9175, 957000, 5, 9202),
(9176, 957100, 5, 9203),
(9177, 957200, 5, 9204),
(9178, 957300, 5, 9205),
(9179, 957400, 5, 9206),
(9180, 957500, 5, 9207),
(9181, 957600, 5, 9208),
(9182, 957700, 5, 9209),
(9183, 957800, 5, 9210),
(9184, 957900, 5, 9211),
(9185, 958000, 5, 9212),
(9186, 958200, 5, 9213),
(9187, 958300, 5, 9214),
(9188, 958400, 5, 9215),
(9189, 958500, 5, 9216),
(9190, 958600, 5, 9217),
(9191, 958700, 5, 9218),
(9192, 958800, 5, 9219),
(9193, 958900, 5, 9220),
(9194, 959000, 5, 9221),
(9195, 959100, 5, 9222),
(9196, 959200, 5, 9223),
(9197, 959300, 5, 9224),
(9198, 959400, 5, 9225),
(9199, 959500, 5, 9226),
(9200, 959600, 5, 9227),
(9201, 959700, 5, 9228),
(9202, 959800, 5, 9229),
(9203, 959900, 5, 9230),
(9204, 960000, 5, 9231),
(9205, 960100, 5, 9232),
(9206, 960200, 5, 9233),
(9207, 960300, 5, 9234),
(9208, 960400, 5, 9235),
(9209, 960500, 5, 9236),
(9210, 960600, 5, 9237),
(9211, 960800, 5, 9238),
(9212, 960900, 5, 9239),
(9213, 961000, 5, 9240),
(9214, 961100, 5, 9241),
(9215, 961200, 5, 9242),
(9216, 961300, 5, 9243),
(9217, 961400, 5, 9244),
(9218, 961500, 5, 9245),
(9219, 961600, 5, 9246),
(9220, 961700, 5, 9247),
(9221, 961800, 5, 9248),
(9222, 961900, 5, 9249),
(9223, 962000, 5, 9250),
(9224, 962100, 5, 9251),
(9225, 962200, 5, 9252),
(9226, 962300, 5, 9253),
(9227, 962400, 5, 9254),
(9228, 962500, 5, 9255),
(9229, 962600, 5, 9256),
(9230, 962700, 5, 9257),
(9231, 962800, 5, 9258),
(9232, 962900, 5, 9259),
(9233, 963000, 5, 9260),
(9234, 963100, 5, 9261),
(9235, 963200, 5, 9262),
(9236, 963400, 5, 9263),
(9237, 963500, 5, 9264),
(9238, 963600, 5, 9265),
(9239, 963700, 5, 9266),
(9240, 963800, 5, 9267),
(9241, 963900, 5, 9268),
(9242, 964000, 5, 9269),
(9243, 964100, 5, 9270),
(9244, 964200, 5, 9271),
(9245, 964300, 5, 9272),
(9246, 964400, 5, 9273),
(9247, 964500, 5, 9274),
(9248, 964600, 5, 9275),
(9249, 964700, 5, 9276),
(9250, 964800, 5, 9277),
(9251, 964900, 5, 9278),
(9252, 965000, 5, 9279),
(9253, 965100, 5, 9280),
(9254, 965200, 5, 9281),
(9255, 965300, 5, 9282),
(9256, 965400, 5, 9283),
(9257, 965500, 5, 9284),
(9258, 965600, 5, 9285),
(9259, 965700, 5, 9286),
(9260, 965800, 5, 9287),
(9261, 966000, 5, 9288),
(9262, 966100, 5, 9289),
(9263, 966200, 5, 9290),
(9264, 966300, 5, 9291),
(9265, 966400, 5, 9292),
(9266, 966500, 5, 9293),
(9267, 966600, 5, 9294),
(9268, 966700, 5, 9295),
(9269, 966800, 5, 9296),
(9270, 966900, 5, 9297),
(9271, 967000, 5, 9298),
(9272, 967100, 5, 9299),
(9273, 967200, 5, 9300),
(9274, 967300, 5, 9301),
(9275, 967400, 5, 9302),
(9276, 967500, 5, 9303),
(9277, 967600, 5, 9304),
(9278, 967700, 5, 9305),
(9279, 967800, 5, 9306),
(9280, 967900, 5, 9307),
(9281, 968000, 5, 9308),
(9282, 968100, 5, 9309),
(9283, 968200, 5, 9310),
(9284, 968300, 5, 9311),
(9285, 968400, 5, 9312),
(9286, 968600, 5, 9313),
(9287, 968700, 5, 9314),
(9288, 968800, 5, 9315),
(9289, 968900, 5, 9316),
(9290, 969000, 5, 9317),
(9291, 969100, 5, 9318),
(9292, 969200, 5, 9319),
(9293, 969300, 5, 9320),
(9294, 969400, 5, 9321),
(9295, 969500, 5, 9322),
(9296, 969600, 5, 9323),
(9297, 969700, 5, 9324),
(9298, 969800, 5, 9325),
(9299, 969900, 5, 9326),
(9300, 970000, 5, 9327),
(9301, 970100, 5, 9328),
(9302, 970200, 5, 9329),
(9303, 970300, 5, 9330),
(9304, 970400, 5, 9331),
(9305, 970500, 5, 9332),
(9306, 970600, 5, 9333),
(9307, 970700, 5, 9334),
(9308, 970800, 5, 9335),
(9309, 970900, 5, 9336),
(9310, 971000, 5, 9337),
(9311, 971200, 5, 9338),
(9312, 971300, 5, 9339),
(9313, 971400, 5, 9340),
(9314, 971500, 5, 9341),
(9315, 971600, 5, 9342),
(9316, 971700, 5, 9343),
(9317, 971800, 5, 9344),
(9318, 971900, 5, 9345),
(9319, 972000, 5, 9346),
(9320, 972100, 5, 9347),
(9321, 972200, 5, 9348),
(9322, 972300, 5, 9349),
(9323, 972400, 5, 9350),
(9324, 972500, 5, 9351),
(9325, 972600, 5, 9352),
(9326, 972700, 5, 9353),
(9327, 972800, 5, 9354),
(9328, 972900, 5, 9355),
(9329, 973000, 5, 9356),
(9330, 973100, 5, 9357),
(9331, 973200, 5, 9358),
(9332, 973300, 5, 9359),
(9333, 973400, 5, 9360),
(9334, 973500, 5, 9361),
(9335, 973600, 5, 9362),
(9336, 973800, 5, 9363),
(9337, 973900, 5, 9364),
(9338, 974000, 5, 9365),
(9339, 974100, 5, 9366),
(9340, 974200, 5, 9367),
(9341, 974300, 5, 9368),
(9342, 974400, 5, 9369),
(9343, 974500, 5, 9370),
(9344, 974600, 5, 9371),
(9345, 974700, 5, 9372),
(9346, 974800, 5, 9373),
(9347, 974900, 5, 9374),
(9348, 975000, 5, 9375),
(9349, 975100, 5, 9376),
(9350, 975200, 5, 9377),
(9351, 975300, 5, 9378),
(9352, 975400, 5, 9379),
(9353, 975500, 5, 9380),
(9354, 975600, 5, 9381),
(9355, 975700, 5, 9382),
(9356, 975800, 5, 9383),
(9357, 975900, 5, 9384),
(9358, 976000, 5, 9385),
(9359, 976100, 5, 9386),
(9360, 976200, 5, 9387),
(9361, 976400, 5, 9388),
(9362, 976500, 5, 9389),
(9363, 976600, 5, 9390),
(9364, 976700, 5, 9391),
(9365, 976800, 5, 9392),
(9366, 976900, 5, 9393),
(9367, 977000, 5, 9394),
(9368, 977100, 5, 9395),
(9369, 977200, 5, 9396),
(9370, 977300, 5, 9397),
(9371, 977400, 5, 9398),
(9372, 977500, 5, 9399),
(9373, 977600, 5, 9400),
(9374, 977700, 5, 9401),
(9375, 977800, 5, 9402),
(9376, 977900, 5, 9403),
(9377, 978000, 5, 9404),
(9378, 978100, 5, 9405),
(9379, 978200, 5, 9406),
(9380, 978300, 5, 9407),
(9381, 978400, 5, 9408),
(9382, 978500, 5, 9409),
(9383, 978600, 5, 9410),
(9384, 978700, 5, 9411),
(9385, 978800, 5, 9412),
(9386, 979000, 5, 9413),
(9387, 979100, 5, 9414),
(9388, 979200, 5, 9415),
(9389, 979300, 5, 9416),
(9390, 979400, 5, 9417),
(9391, 979500, 5, 9418),
(9392, 979600, 5, 9419),
(9393, 979700, 5, 9420),
(9394, 979800, 5, 9421),
(9395, 979900, 5, 9422),
(9396, 980000, 5, 9423),
(9397, 980100, 5, 9424),
(9398, 980200, 5, 9425),
(9399, 980300, 5, 9426),
(9400, 980400, 5, 9427),
(9401, 980500, 5, 9428),
(9402, 980600, 5, 9429),
(9403, 980700, 5, 9430),
(9404, 980800, 5, 9431),
(9405, 980900, 5, 9432),
(9406, 981000, 5, 9433),
(9407, 981100, 5, 9434),
(9408, 981200, 5, 9435),
(9409, 981300, 5, 9436),
(9410, 981400, 5, 9437),
(9411, 981600, 5, 9438),
(9412, 981700, 5, 9439),
(9413, 981800, 5, 9440),
(9414, 981900, 5, 9441),
(9415, 982000, 5, 9442),
(9416, 982100, 5, 9443),
(9417, 982200, 5, 9444),
(9418, 982300, 5, 9445),
(9419, 982400, 5, 9446),
(9420, 982500, 5, 9447),
(9421, 982600, 5, 9448),
(9422, 982700, 5, 9449),
(9423, 982800, 5, 9450),
(9424, 982900, 5, 9451),
(9425, 983000, 5, 9452),
(9426, 983100, 5, 9453),
(9427, 983200, 5, 9454),
(9428, 983300, 5, 9455),
(9429, 983400, 5, 9456),
(9430, 983500, 5, 9457),
(9431, 983600, 5, 9458),
(9432, 983700, 5, 9459),
(9433, 983800, 5, 9460),
(9434, 983900, 5, 9461),
(9435, 984000, 5, 9462),
(9436, 984200, 5, 9463),
(9437, 984300, 5, 9464),
(9438, 984400, 5, 9465),
(9439, 984500, 5, 9466),
(9440, 984600, 5, 9467),
(9441, 984700, 5, 9468),
(9442, 984800, 5, 9469),
(9443, 984900, 5, 9470),
(9444, 985000, 5, 9471),
(9445, 985100, 5, 9472),
(9446, 985200, 5, 9473),
(9447, 985300, 5, 9474),
(9448, 985400, 5, 9475),
(9449, 985500, 5, 9476),
(9450, 985600, 5, 9477),
(9451, 985700, 5, 9478),
(9452, 985800, 5, 9479),
(9453, 985900, 5, 9480),
(9454, 986000, 5, 9481),
(9455, 986100, 5, 9482),
(9456, 986200, 5, 9483),
(9457, 986300, 5, 9484),
(9458, 986400, 5, 9485),
(9459, 986500, 5, 9486),
(9460, 986600, 5, 9487),
(9461, 986800, 5, 9488),
(9462, 986900, 5, 9489),
(9463, 987000, 5, 9490),
(9464, 987100, 5, 9491),
(9465, 987200, 5, 9492),
(9466, 987300, 5, 9493),
(9467, 987400, 5, 9494),
(9468, 987500, 5, 9495),
(9469, 987600, 5, 9496),
(9470, 987700, 5, 9497),
(9471, 987800, 5, 9498),
(9472, 987900, 5, 9499),
(9473, 988000, 5, 9500),
(9474, 988100, 5, 9501),
(9475, 988200, 5, 9502),
(9476, 988300, 5, 9503),
(9477, 988400, 5, 9504),
(9478, 988500, 5, 9505),
(9479, 988600, 5, 9506),
(9480, 988700, 5, 9507),
(9481, 988800, 5, 9508),
(9482, 988900, 5, 9509),
(9483, 989000, 5, 9510),
(9484, 989100, 5, 9511),
(9485, 989200, 5, 9512),
(9486, 989400, 5, 9513),
(9487, 989500, 5, 9514),
(9488, 989600, 5, 9515),
(9489, 989700, 5, 9516),
(9490, 989800, 5, 9517),
(9491, 989900, 5, 9518),
(9492, 990000, 5, 9519),
(9493, 990100, 5, 9520),
(9494, 990200, 5, 9521),
(9495, 990300, 5, 9522),
(9496, 990400, 5, 9523),
(9497, 990500, 5, 9524),
(9498, 990600, 5, 9525),
(9499, 990700, 5, 9526),
(9500, 990800, 5, 9527),
(9501, 990900, 5, 9528),
(9502, 991000, 5, 9529),
(9503, 991100, 5, 9530),
(9504, 991200, 5, 9531),
(9505, 991300, 5, 9532),
(9506, 991400, 5, 9533),
(9507, 991500, 5, 9534),
(9508, 991600, 5, 9535),
(9509, 991700, 5, 9536),
(9510, 991800, 5, 9537),
(9511, 992000, 5, 9538),
(9512, 992100, 5, 9539),
(9513, 992200, 5, 9540),
(9514, 992300, 5, 9541),
(9515, 992400, 5, 9542),
(9516, 992500, 5, 9543),
(9517, 992600, 5, 9544),
(9518, 992700, 5, 9545),
(9519, 992800, 5, 9546),
(9520, 992900, 5, 9547),
(9521, 993000, 5, 9548),
(9522, 993100, 5, 9549),
(9523, 993200, 5, 9550),
(9524, 993300, 5, 9551),
(9525, 993400, 5, 9552),
(9526, 993500, 5, 9553),
(9527, 993600, 5, 9554),
(9528, 993700, 5, 9555),
(9529, 993800, 5, 9556),
(9530, 993900, 5, 9557),
(9531, 994000, 5, 9558),
(9532, 994100, 5, 9559),
(9533, 994200, 5, 9560),
(9534, 994300, 5, 9561),
(9535, 994400, 5, 9562),
(9536, 994600, 5, 9563),
(9537, 994700, 5, 9564),
(9538, 994800, 5, 9565),
(9539, 994900, 5, 9566),
(9540, 995000, 5, 9567),
(9541, 995100, 5, 9568),
(9542, 995200, 5, 9569),
(9543, 995300, 5, 9570),
(9544, 995400, 5, 9571),
(9545, 995500, 5, 9572),
(9546, 995600, 5, 9573),
(9547, 995700, 5, 9574),
(9548, 995800, 5, 9575),
(9549, 995900, 5, 9576),
(9550, 996000, 5, 9577),
(9551, 996100, 5, 9578),
(9552, 996200, 5, 9579),
(9553, 996300, 5, 9580),
(9554, 996400, 5, 9581),
(9555, 996500, 5, 9582),
(9556, 996600, 5, 9583),
(9557, 996700, 5, 9584),
(9558, 996800, 5, 9585),
(9559, 996900, 5, 9586),
(9560, 997000, 5, 9587),
(9561, 997200, 5, 9588),
(9562, 997300, 5, 9589),
(9563, 997400, 5, 9590),
(9564, 997500, 5, 9591),
(9565, 997600, 5, 9592),
(9566, 997700, 5, 9593),
(9567, 997800, 5, 9594),
(9568, 997900, 5, 9595),
(9569, 998000, 5, 9596),
(9570, 998100, 5, 9597),
(9571, 998200, 5, 9598),
(9572, 998300, 5, 9599),
(9573, 998400, 5, 9600),
(9574, 998500, 5, 9601),
(9575, 998600, 5, 9602),
(9576, 998700, 5, 9603),
(9577, 998800, 5, 9604),
(9578, 998900, 5, 9605),
(9579, 999000, 5, 9606),
(9580, 999100, 5, 9607),
(9581, 999200, 5, 9608),
(9582, 999300, 5, 9609),
(9583, 999400, 5, 9610),
(9584, 999500, 5, 9611),
(9585, 999600, 5, 9612),
(9586, 999800, 5, 9613),
(9587, 999900, 5, 9614),
(9588, 1000000, 5, 9615);

-- --------------------------------------------------------

--
-- Estructura de tabla para la tabla `taxes_time_zone`
--

CREATE TABLE `taxes_time_zone` (
  `id` int(11) NOT NULL,
  `name` varchar(50) DEFAULT NULL,
  `description` longtext,
  `value` double NOT NULL,
  `benefit` double NOT NULL,
  `hour_start` time(6) DEFAULT NULL,
  `hour_end` time(6) DEFAULT NULL,
  `state_id` int(11) NOT NULL
);

--
-- Volcado de datos para la tabla `taxes_time_zone`
--

INSERT INTO `taxes_time_zone` (`id`, `name`, `description`, `value`, `benefit`, `hour_start`, `hour_end`, `state_id`) VALUES
(1, 'HORA PICO MA칌ANA', 'Esta entre las 5 y las 11 de la ma침ana', 15, 0, '05:00:00.000000', '10:59:59.999999', 1),
(2, 'HORA MUERTA DIA', 'Esta entre las 11 la ma침ana y hasta las 1 de la tarde', 10, 10, '11:00:00.000000', '12:59:59.999999', 1),
(3, 'HORA VALLE', 'Va entre las 1 pm hasta las 5 pm', 10, 0, '13:00:00.000000', '16:59:59.999999', 1),
(4, 'HORA PICO TARDE', 'Va entre las 5pm hasta las 8pm', 15, 0, '17:00:00.000000', '19:59:59.999999', 1),
(5, 'HORA NOCTURNA', 'de las 8 pm a las 10 pm', 5, 0, '20:00:00.000000', '21:59:59.999999', 1),
(6, 'HORA MUERTA NOCHE', 'Va entre las 10 pm hasta las media noche', 5, 10, '22:00:00.000000', '23:59:59.999999', 1),
(7, 'HORA MUERTA NOCHE 2', 'Va entre la media noche hasta las 2 am', 5, 0, '00:00:00.000000', '01:59:59.999999', 1),
(8, 'HORA MADRUGADA', 'Va entre las 2 am hasta las 5 am', 5, 0, '02:00:00.000000', '04:59:59.999999', 1);

-- --------------------------------------------------------

--
-- Estructura de tabla para la tabla `users_blood_types`
--

CREATE TABLE `users_blood_types` (
  `id` int(11) NOT NULL,
  `name` varchar(50) DEFAULT NULL
);

--
-- Volcado de datos para la tabla `users_blood_types`
--

INSERT INTO `users_blood_types` (`id`, `name`) VALUES
(1, 'A+'),
(2, 'A-'),
(3, 'B+'),
(4, 'B-'),
(5, 'AB+'),
(6, 'AB-'),
(7, 'O+'),
(8, 'O-');

-- --------------------------------------------------------

--
-- Estructura de tabla para la tabla `users_card`
--

CREATE TABLE `users_card` (
  `id` int(11) NOT NULL,
  `code` varchar(10) NOT NULL,
  `user_id` int(11) DEFAULT NULL,
  `activation_code` varchar(10) DEFAULT NULL,
  `validation_card_id` int(11) DEFAULT NULL
);

--
-- Volcado de datos para la tabla `users_card`
--

INSERT INTO `users_card` (`id`, `code`, `user_id`, `activation_code`, `validation_card_id`) VALUES
(1, 'U123456789', 3, '987654321', 1),
(3, 'A024905271', 8, 'rXnrva', NULL),
(4, 'C037651800', 4, 'Rvzwlk', NULL),
(5, '034903904', 15, 'ADupvQ', NULL),
(6, 'C021135889', 17, 'M2dy4I', NULL),
(7, '016782616', 18, 'ivZpwI', NULL),
(8, '018611711', 19, 'JQchb1', NULL),
(11, 'U096782869', 22, 'gZ4nRw', 3),
(12, 'A028612060', 23, 'vrCFq1', NULL),
(13, '068624275', 24, 'T5oSmT', NULL),
(14, 'U189324852', 29, 'wTEiXJ', NULL),
(15, '018616013', 30, 'Afgnxr', NULL),
(16, '088618751', 31, '2vsTCI', NULL),
(17, 'A148625232', 32, 'jQpqfL', NULL),
(18, 'C078630266', 33, 'zX2aJO', NULL),
(19, 'C078649716', 34, 'QACgUM', 1),
(20, 'P138667077', 35, 'MeG5Uw', NULL),
(21, 'C011890877', 36, 'Aju0M2', NULL),
(22, 'C011893091', 37, 'NBZTZI', 1),
(23, 'U021894917', 38, 'xSBH4s', NULL),
(24, 'A021896758', 39, 'IEJ6Ra', NULL),
(25, 'C190214860', 40, 'tnCxak', NULL),
(26, 'C011506562', 43, 'j4MJ0k', NULL),
(27, 'C019993167', 44, 'FokFgp', NULL),
(28, 'P018889475', 45, 'XmyAUA', 3),
(29, 'U101898882', 46, '26WIx0', NULL),
(30, 'P091890423', 47, 'zPrVr2', NULL);

-- --------------------------------------------------------

--
-- Estructura de tabla para la tabla `users_cardsubscription`
--

CREATE TABLE `users_cardsubscription` (
  `id` int(11) NOT NULL,
  `card_id` int(11) NOT NULL,
  `state_id` int(11) NOT NULL,
  `subscription_id` int(11) NOT NULL,
  `payday` date NOT NULL,
  `invoice_id` int(11) DEFAULT NULL
);

--
-- Volcado de datos para la tabla `users_cardsubscription`
--

INSERT INTO `users_cardsubscription` (`id`, `card_id`, `state_id`, `subscription_id`, `payday`, `invoice_id`) VALUES
(43, 4, 2, 7, '2023-04-18', 57),
(44, 24, 2, 2, '2023-04-18', 59),
(45, 22, 1, 6, '2023-04-19', 60),
(46, 25, 1, 6, '2023-04-19', 61),
(47, 21, 2, 6, '2023-04-19', 62),
(48, 23, 1, 1, '2023-04-19', 58),
(49, 1, 1, 1, '2023-04-20', 63),
(50, 5, 1, 3, '2023-04-20', 64),
(51, 27, 1, 6, '2023-04-25', 66),
(52, 28, 1, 3, '2023-04-25', 67),
(53, 29, 1, 1, '2023-04-26', 68),
(54, 30, 1, 3, '2023-04-26', 69);

-- --------------------------------------------------------

--
-- Estructura de tabla para la tabla `users_category`
--

CREATE TABLE `users_category` (
  `id` int(11) NOT NULL,
  `name` varchar(50) DEFAULT NULL,
  `discount` double NOT NULL
);

--
-- Volcado de datos para la tabla `users_category`
--

INSERT INTO `users_category` (`id`, `name`, `discount`) VALUES
(1, 'Usuario frecuente', 5),
(2, 'Arco칤ris', 5),
(3, 'Estudiante', 7),
(4, 'Adulto Mayor', 0),
(5, 'Mujer', 9),
(6, 'Especializado', 0),
(7, 'Deportista', 6),
(8, 'Emprendedor', 6.5),
(9, 'Cultura', 0),
(10, 'Pluss Ejecutiva', 12);

-- --------------------------------------------------------

--
-- Estructura de tabla para la tabla `users_code`
--

CREATE TABLE `users_code` (
  `id` int(11) NOT NULL,
  `email` varchar(254) NOT NULL,
  `name` varchar(6) NOT NULL,
  `created` datetime(6) NOT NULL,
  `used` tinyint(1) NOT NULL
);

-- --------------------------------------------------------

--
-- Estructura de tabla para la tabla `users_coupon`
--

CREATE TABLE `users_coupon` (
  `id` int(11) NOT NULL,
  `code` varchar(50) NOT NULL,
  `state_id` int(11) NOT NULL,
  `subscription_id` int(11) NOT NULL,
  `used` tinyint(1) NOT NULL
);

--
-- Volcado de datos para la tabla `users_coupon`
--

INSERT INTO `users_coupon` (`id`, `code`, `state_id`, `subscription_id`, `used`) VALUES
(1, 'CouponUno1', 1, 5, 0),
(2, 'Cupon2', 1, 3, 0),
(3, 'Demo1234', 1, 2, 0),
(4, '45872ll', 1, 3, 0),
(5, 'Gfff', 1, 2, 0),
(6, 'ghgftyffk', 1, 6, 0),
(7, '12345678', 1, 2, 0),
(8, 'pruebapluss', 1, 3, 0),
(9, 'Pruebasociado', 1, 6, 0),
(10, '12345678', 1, 3, 0),
(11, 'Prueba2', 1, 1, 1);

-- --------------------------------------------------------

--
-- Estructura de tabla para la tabla `users_documenttype`
--

CREATE TABLE `users_documenttype` (
  `id` int(11) NOT NULL,
  `name` varchar(50) DEFAULT NULL
);

--
-- Volcado de datos para la tabla `users_documenttype`
--

INSERT INTO `users_documenttype` (`id`, `name`) VALUES
(1, 'CC'),
(2, 'TI'),
(3, 'CE');

-- --------------------------------------------------------

--
-- Estructura de tabla para la tabla `users_extended_user`
--

CREATE TABLE `users_extended_user` (
  `user_id` int(11) NOT NULL,
  `document_number` varchar(20) DEFAULT NULL,
  `favorite_station` varchar(50) DEFAULT NULL,
  `address` varchar(100) DEFAULT NULL,
  `photo` varchar(100) DEFAULT NULL,
  `date_birth` date DEFAULT NULL,
  `description_address` longtext,
  `favorite_music` varchar(50) DEFAULT NULL,
  `contact_person_name` varchar(150) DEFAULT NULL,
  `contact_person_phone` varchar(10) DEFAULT NULL,
  `blood_type_id` int(11) DEFAULT NULL,
  `category_id` int(11) DEFAULT NULL,
  `city_id` int(11) DEFAULT NULL,
  `document_type_id` int(11) DEFAULT NULL,
  `gender_id` int(11) DEFAULT NULL,
  `state_id` int(11) NOT NULL,
  `cell_phone` varchar(10) DEFAULT NULL,
  `phone_secondary` varchar(10) DEFAULT NULL,
  `authorizing_user_id` int(11) DEFAULT NULL,
  `inviting_user_id` int(11) DEFAULT NULL,
  `call` tinyint(1) NOT NULL
);

--
-- Volcado de datos para la tabla `users_extended_user`
--

INSERT INTO `users_extended_user` (`user_id`, `document_number`, `favorite_station`, `address`, `photo`, `date_birth`, `description_address`, `favorite_music`, `contact_person_name`, `contact_person_phone`, `blood_type_id`, `category_id`, `city_id`, `document_type_id`, `gender_id`, `state_id`, `cell_phone`, `phone_secondary`, `authorizing_user_id`, `inviting_user_id`, `call`) VALUES
(3, '9876543321', 'Tropicana y el sol', 'calle 2', 'users/17642694-Profile-portrait-of-young-blond-woman-isolated-Stock-Photo-face.png', '2022-06-30', 'Madrid/ La prosperidad', 'Salsa y reggae', 'Doris Pe침aloza', '56575656', 3, 8, 3, 3, 2, 2, '3204956645', '567565657', 2, 28, 0),
(4, '9876543321', 'RAdioactiva', 'calle 128', NULL, '2022-06-08', 'casa', 'Rock', 'ALison', '34020384', 3, 2, 1, 1, 1, 1, '5452676831', '6125675716', 2, 1, 0),
(8, '43567890', NULL, NULL, '', NULL, '', NULL, NULL, NULL, NULL, 9, 2, 2, NULL, 2, '321456789', NULL, NULL, 3, 0),
(11, '7t67576565', NULL, NULL, '', NULL, '', NULL, NULL, NULL, NULL, 6, 3, 3, NULL, 2, '3205678654', NULL, NULL, 8, 0),
(15, '43567890', NULL, NULL, '', NULL, '', NULL, NULL, NULL, NULL, 4, 3, 2, NULL, 2, '3204956645', NULL, NULL, 3, 0),
(17, '1032372013', NULL, NULL, '', NULL, NULL, NULL, NULL, NULL, NULL, 5, 2, 3, NULL, 2, '234567890', NULL, NULL, 3, 0),
(18, '6778678678', NULL, NULL, '', NULL, NULL, NULL, NULL, NULL, NULL, 1, 1, 2, NULL, 2, '7324567890', NULL, NULL, 3, 0),
(19, '80045861', NULL, NULL, '', NULL, NULL, NULL, NULL, NULL, NULL, 8, 1, 1, NULL, 2, '3177558689', NULL, NULL, 3, 0),
(22, '6778678678', NULL, 'Calle 128a#51-65', '', NULL, 'Piso 2', NULL, NULL, NULL, NULL, 8, 9, 3, NULL, 2, '3192866795', '111', NULL, 3, 0),
(23, '80045861', NULL, NULL, '', NULL, NULL, NULL, NULL, NULL, NULL, 6, 2, 1, NULL, 2, '3177558689', NULL, NULL, 19, 0),
(24, '80045862', NULL, NULL, '', NULL, NULL, NULL, NULL, NULL, NULL, 7, 6, 1, NULL, 2, '3177558689', NULL, NULL, 23, 0),
(25, NULL, NULL, 'Prueba123', '', NULL, 'probando', NULL, NULL, NULL, NULL, NULL, 17, NULL, NULL, 2, '12345678', NULL, NULL, NULL, 0),
(26, NULL, NULL, 'Calle 123', '', NULL, 'apto', NULL, NULL, NULL, NULL, NULL, 1, NULL, NULL, 2, '123456', NULL, NULL, NULL, 0),
(27, NULL, NULL, 'carrera 1', '', NULL, 'apto 101', NULL, NULL, NULL, NULL, NULL, 16, NULL, NULL, 2, '123789', NULL, NULL, NULL, 0),
(28, NULL, NULL, 'calle 123-4', '', NULL, 'casa 1', NULL, NULL, NULL, NULL, NULL, 7, NULL, NULL, 2, '123456789', NULL, NULL, NULL, 0),
(29, '986532', NULL, '', '', NULL, '', NULL, NULL, NULL, NULL, 9, 18, 1, NULL, 2, '320876543', NULL, NULL, 8, 0),
(30, '80045861', NULL, '', '', NULL, '', NULL, NULL, NULL, NULL, 10, 1, 1, NULL, 2, '3177558689', NULL, NULL, 3, 0),
(31, '80033861', 'Tropicana', 'Calle 103 #21 - 56', 'users/BAMMER_APP.png', '2000-02-21', 'Chico bah칤a calle cerrada apto 805', 'Salsa', 'Tatan', '3550000001', 4, 10, 8, 1, 1, 2, '3177558689', '3454589574', 28, 3, 0),
(32, '80033862', 'LA CALLE', 'Carrera 86 # 75 - 08', 'users/Imagen_Emprendedor_Aliado_1.png', '1996-08-28', 'Conjunto residencial Penta apto 608 Dejar producto de correspondencia en porter칤a. Localidad Engativ치, cerca a punto 72', 'VALLENATO', 'JOSE', '3706548125', 1, 8, 14, 1, 2, 2, '3603151418', '3454589575', 28, 29, 0),
(33, '80033863', NULL, '', '', NULL, '', NULL, NULL, NULL, NULL, 9, 7, 1, NULL, 2, '3177558689', NULL, NULL, 32, 0),
(34, '80033864', 'Olimpica', 'Calle 72 # 45 - 10', 'users/Imagen_cultura_asociado.1.png', '2005-02-20', '2do piso Barrio San Fernando', 'Crossover', 'Lina', '3875415263', 5, 9, 7, 1, 1, 2, '3177558689', '3454589576', 28, 32, 0),
(35, '80033866', 'Tropicana', 'Probando', 'users/Para_ad칩nde_va.png', '1985-08-28', 'probando', 'Salsa', 'Lina', '3875415265', 3, 10, 13, 1, 2, 2, '3502669811', '3454589570', 2, 34, 0),
(36, '123456789', NULL, '', '', NULL, '', NULL, NULL, NULL, NULL, 1, 1, 1, NULL, 2, '123456789', NULL, NULL, 3, 0),
(37, '123456789', 'Guarare침a', 'Calle de prueba para Jos칠', 'users/Imagen_cultura_asociado.1_5iR7UQ6.png', '2000-02-19', 'Esquina de la panader칤a Pepito', 'Crossover', 'Maria', '345678901', 5, 1, 1, 1, 1, 2, '123456789', '234567890', 28, 3, 0),
(38, '123456789', 'Prueba', 'Calle de prueba', 'users/3F9809B4-BCFB-4F33-A063-08578B593025.png', '2000-05-18', 'Prueba', 'Prueba', 'Juan', '12345', 2, 3, 2, 1, 1, 2, '1234', '1234', 28, 3, 0),
(39, '123456789', NULL, '', '', NULL, '', NULL, NULL, NULL, NULL, 7, 2, 1, NULL, 2, '3223334444', NULL, NULL, 3, 0),
(40, '0987654321', 'La calle', 'Prueva', 'users/Imagen_cultura_asociado.1_Z8xwbIE.png', '2000-04-11', 'Prueva', 'los pollitos', 'Fabian Villamil', '3224455566', 3, 6, 19, 1, 2, 2, '3224455566', '3224455566', 28, 3, 0),
(41, NULL, NULL, 'Cra 15 # 106', '', NULL, 'al침sjkd침klakd침lsakd침lsakdl침sa kd침lsadk s침lksad침lk asl침dk 침lasdk 침lasdk l침kasl침d ksal침dk al침sdkal침sdkasl침dk 침asldk las침dk침lask dl침asdk 침laskdal침s k침sladk 침alsdk 침las dk침lakd침laskdl침askdl침askd침laks침ldka침ldkasl침dkas침ldkasl침dkasl침dk침skal침d 침lasdk l침askdl침 l침k a침sldk 침laskdl침as dkl침askdl침askd침l a침lkasl침dkas침ld kasl침kdal침s kas침dk al침sdkl침asdk l침asd k침alskd침la k침las kl침asl침askdl침 asl침askd침lasl침dkal침 ksad침 l침as dkl침as dkl침as dl침asd침l as침las dl침ask', NULL, NULL, NULL, NULL, NULL, 1, NULL, NULL, 2, '3016838975', NULL, NULL, NULL, 0),
(42, NULL, NULL, 'Cra 15 # 106', '', NULL, 'wadkkwa침ldk al침wdk l침akwdl침 akw침ld kwal침dk wal침dk 침alwdk l침wadk l침wdak l침wakl침 dkwal침d kl침awdk 침lwakd wadkkwa침ldk al침wdk l침akwdl침 akw침ld kwal침dk wal침dk 침alwdk l침wadk l침wdak l침wakl침 dkwal침d kl침awdk 침lwakdwadkkwa침ldk al침wdk l침akwdl침 akw침ld kwal침dk wal침dk 침alwdk l침wadk l침wdak l침wakl침 dkwal침d kl침awdk 침lwakdwadkkwa침ldk al침wdk l침akwdl침 akw침ld kwal침dk wal침dk 침alwdk l침wadk l침wdak l침wakl침 dkwal침d kl침awdk 침lwakdwadkkwa침ldk al침wdk l침akwdl침 akw침ld kwal침dk wal침dk 침alwdk l침wadk l침wdak l침wakl침 dkwal침d kl침awdk 침lwakdwadkkwa침ldk al침wdk l침akwdl침 akw침ld kwal침dk wal침dk 침alwdk l침wadk l침wdak l침wakl침 dkwal침d kl침awdk 침lwakdwadkkwa침ldk al침wdk l침akwdl침 akw침ld kwal침dk wal침dk 침alwdk l침wadk l침wdak l침wakl침 dkwal침d kl침awdk 침lwakdwadkkwa침ldk al침wdk l침akwdl침 akw침ld kwal침dk wal침dk 침alwdk l침wadk l침wdak l침wakl침 dkwal침d kl침awdk 침lwakdwadkkwa침ldk al침wdk l침akwdl침 akw침ld kwal침dk wal침dk 침alwdk l침wadk l침wdak l침wakl침 dkwal침d kl침awdk 침lwakdwadkkwa침ldk al침wdk l침akwdl침 akw침ld kwal침dk wal침dk 침alwdk l침wadk l침wdak l침wakl침 dkwal침d kl침awdk 침lwakdwadkkwa침ldk al침wdk l침akwdl침 akw침ld kwal침dk wal침dk 침alwdk l침wadk l침wdak l침wakl침 dkwal침d kl침awdk 침lwakdwadkkwa침ldk al침wdk l침akwdl침 akw침ld kwal침dk wal침dk 침alwdk l침wadk l침wdak l침wakl침 dkwal침d kl침awdk 침lwakdwadkkwa침ldk al침wdk l침akwdl침 akw침ld kwal침dk wal침dk 침alwdk l침wadk l침wdak l침wakl침 dkwal침d kl침awdk 침lwakdwadkkwa침ldk al침wdk l침akwdl침 akw침ld kwal침dk wal침dk 침alwdk l침wadk l침wdak l침wakl침 dkwal침d kl침awdk 침lwakdwadkkwa침ldk al침wdk l침akwdl침 akw침ld kwal침dk wal침dk 침alwdk l침wadk l침wdak l침wakl침 dkwal침d kl침awdk 침lwakdwadkkwa침ldk al침wdk l침akwdl침 akw침ld kwal침dk wal침dk 침alwdk l침wadk l침wdak l침wakl침 dkwal침d kl침awdk 침lwakdwadkkwa침ldk al침wdk l침akwdl침 akw침ld kwal침dk wal침dk 침alwdk l침wadk l침wdak l침wakl침 dkwal침d kl침awdk 침lwakdwadkkwa침ldk al침wdk l침akwdl침 akw침ld kwal침dk wal침dk 침alwdk l침wadk l침wdak l침wakl침 dkwal침d kl침awdk 침lwakdwadkkwa침ldk al침wdk l침akwdl침 akw침ld kwal침dk wal침dk 침alwdk l침wadk l침wdak l침wakl침 dkwal침d kl침awdk 침lwakdwadkkwa침ldk al침wdk l침akwdl침 akw침ld kwal침dk wal침dk 침alwdk l침wadk l침wdak l침wakl침 dkwal침d kl침awdk 침lwakdwadkkwa침ldk al침wdk l침akwdl침 akw침ld kwal침dk wal침dk 침alwdk l침wadk l침wdak l침wakl침 dkwal침d kl침awdk 침lwakdwadkkwa침ldk al침wdk l침akwdl침 akw침ld kwal침dk wal침dk 침alwdk l침wadk l침wdak l침wakl침 dkwal침d kl침awdk 침lwakdwadkkwa침ldk al침wdk l침akwdl침 akw침ld kwal침dk wal침dk 침alwdk l침wadk l침wdak l침wakl침 dkwal침d kl침awdk 침lwakdwadkkwa침ldk al침wdk l침akwdl침 akw침ld kwal침dk wal침dk 침alwdk l침wadk l침wdak l침wakl침 dkwal침d kl침awdk 침lwakdwadkkwa침ldk al침wdk l침akwdl침 akw침ld kwal침dk wal침dk 침alwdk l침wadk l침wdak l침wakl침 dkwal침d kl침awdk 침lwakdwadkkwa침ldk al침wdk l침akwdl침 akw침ld kwal침dk wal침dk 침alwdk l침wadk l침wdak l침wakl침 dkwal침d kl침awdk 침lwakdwadkkwa침ldk al침wdk l침akwdl침 akw침ld kwal침dk wal침dk 침alwdk l침wadk l침wdak l침wakl침 dkwal침d kl침awdk 침lwakdwadkkwa침ldk al침wdk l침akwdl침 akw침ld kwal침dk wal침dk 침alwdk l침wadk l침wdak l침wakl침 dkwal침d kl침awdk 침lwakdwadkkwa침ldk al침wdk l침akwdl침 akw침ld kwal침dk wal침dk 침alwdk l침wadk l침wdak l침wakl침 dkwal침d kl침awdk 침lwakdwadkkwa침ldk al침wdk l침akwdl침 akw침ld kwal침dk wal침dk 침alwdk l침wadk l침wdak l침wakl침 dkwal침d kl침awdk 침lwakdwadkkwa침ldk al침wdk l침akwdl침 akw침ld kwal침dk wal침dk 침alwdk l침wadk l침wdak l침wakl침 dkwal침d kl침awdk 침lwakdwadkkwa침ldk al침wdk l침akwdl침 akw침ld kwal침dk wal침dk 침alwdk l침wadk l침wdak l침wakl침 dkwal침d kl침awdk 침lwakdwadkkwa침ldk al침wdk l침akwdl침 akw침ld kwal침dk wal침dk 침alwdk l침wadk l침wdak l침wakl침 dkwal침d kl침awdk 침lwakdwadkkwa침ldk al침wdk l침akwdl침 akw침ld kwal침dk wal침dk 침alwdk l침wadk l침wdak l침wakl침 dkwal침d kl침awdk 침lwakdwadkkwa침ldk al침wdk l침akwdl침 akw침ld kwal침dk wal침dk 침alwdk l침wadk l침wdak l침wakl침 dkwal침d kl침awdk 침lwakdwadkkwa침ldk al침wdk l침akwdl침 akw침ld kwal침dk wal침dk 침alwdk l침wadk l침wdak l침wakl침 dkwal침d kl침awdk 침lwakdwadkkwa침ldk al침wdk l침akwdl침 akw침ld kwal침dk wal침dk 침alwdk l침wadk l침wdak l침wakl침 dkwal침d kl침awdk 침lwakdwadkkwa침ldk al침wdk l침akwdl침 akw침ld kwal침dk wal침dk 침alwdk l침wadk l침wdak l침wakl침 dkwal침d kl침awdk 침lwakdwadkkwa침ldk al침wdk l침akwdl침 akw침ld kwal침dk wal침dk 침alwdk l침wadk l침wdak l침wakl침 dkwal침d kl침awdk 침lwakdwadkkwa침ldk al침wdk l침akwdl침 akw침ld kwal침dk wal침dk 침alwdk l침wadk l침wdak l침wakl침 dkwal침d kl침awdk 침lwakdwadkkwa침ldk al침wdk l침akwdl침 akw침ld kwal침dk wal침dk 침alwdk l침wadk l침wdak l침wakl침 dkwal침d kl침awdk 침lwakdwadkkwa침ldk al침wdk l침akwdl침 akw침ld kwal침dk wal침dk 침alwdk l침wadk l침wdak l침wakl침 dkwal침d kl침awdk 침lwakdwadkkwa침ldk al침wdk l침akwdl침 akw침ld kwal침dk wal침dk 침alwdk l침wadk l침wdak l침wakl침 dkwal침d kl침awdk 침lwakdwadkkwa침ldk al침wdk l침akwdl침 akw침ld kwal침dk wal침dk 침alwdk l침wadk l침wdak l침wakl침 dkwal침d kl침awdk 침lwakdwadkkwa침ldk al침wdk l침akwdl침 akw침ld kwal침dk wal침dk 침alwdk l침wadk l침wdak l침wakl침 dkwal침d kl침awdk 침lwakdwadkkwa침ldk al침wdk l침akwdl침 akw침ld kwal침dk wal침dk 침alwdk l침wadk l침wdak l침wakl침 dkwal침d kl침awdk 침lwakdwadkkwa침ldk al침wdk l침akwdl침 akw침ld kwal침dk wal침dk 침alwdk l침wadk l침wdak l침wakl침 dkwal침d kl침awdk 침lwakdwadkkwa침ldk al침wdk l침akwdl침 akw침ld kwal침dk wal침dk 침alwdk l침wadk l침wdak l침wakl침 dkwal침d kl침awdk 침lwakdwadkkwa침ldk al침wdk l침akwdl침 akw침ld kwal침dk wal침dk 침alwdk l침wadk l침wdak l침wakl침 dkwal침d kl침awdk 침lwakdwadkkwa침ldk al침wdk l침akwdl침 akw침ld kwal침dk wal침dk 침alwdk l침wadk l침wdak l침wakl침 dkwal침d kl침awdk 침lwakdwadkkwa침ldk al침wdk l침akwdl침 akw침ld kwal침dk wal침dk 침alwdk l침wadk l침wdak l침wakl침 dkwal침d kl침awdk 침lwakdwadkkwa침ldk al침wdk l침akwdl침 akw침ld kwal침dk wal침dk 침alwdk l침wadk l침wdak l침wakl침 dkwal침d kl침awdk 침lwakdwadkkwa침ldk al침wdk l침akwdl침 akw침ld kwal침dk wal침dk 침alwdk l침wadk l침wdak l침wakl침 dkwal침d kl침awdk 침lwakdwadkkwa침ldk al침wdk l침akwdl침 akw침ld kwal침dk wal침dk 침alwdk l침wadk l침wdak l침wakl침 dkwal침d kl침awdk 침lwakdwadkkwa침ldk al침wdk l침akwdl침 akw침ld kwal침dk wal침dk 침alwdk l침wadk l침wdak l침wakl침 dkwal침d kl침awdk 침lwakdwadkkwa침ldk al침wdk l침akwdl침 akw침ld kwal침dk wal침dk 침alwdk l침wadk l침wdak l침wakl침 dkwal침d kl침awdk 침lwakdwadkkwa침ldk al침wdk l침akwdl침 akw침ld kwal침dk wal침dk 침alwdk l침wadk l침wdak l침wakl침 dkwal침d kl침awdk 침lwakdwadkkwa침ldk al침wdk l침akwdl침 akw침ld kwal침dk wal침dk 침alwdk l침wadk l침wdak l침wakl침 dkwal침d kl침awdk 침lwakdwadkkwa침ldk al침wdk l침akwdl침 akw침ld kwal침dk wal침dk 침alwdk l침wadk l침wdak l침wakl침 dkwal침d kl침awdk 침lwakdwadkkwa침ldk al침wdk l침akwdl침 akw침ld kwal침dk wal침dk 침alwdk l침wadk l침wdak l침wakl침 dkwal침d kl침awdk 침lwakdwadkkwa침ldk al침wdk l침akwdl침 akw침ld kwal침dk wal침dk 침alwdk l침wadk l침wdak l침wakl침 dkwal침d kl침awdk 침lwakdwadkkwa침ldk al침wdk l침akwdl침 akw침ld kwal침dk wal침dk 침alwdk l침wadk l침wdak l침wakl침 dkwal침d kl침awdk 침lwakdwadkkwa침ldk al침wdk l침akwdl침 akw침ld kwal침dk wal침dk 침alwdk l침wadk l침wdak l침wakl침 dkwal침d kl침awdk 침lwakdwadkkwa침ldk al침wdk l침akwdl침 akw침ld kwal침dk wal침dk 침alwdk l침wadk l침wdak l침wakl침 dkwal침d kl침awdk 침lwakdwadkkwa침ldk al침wdk l침akwdl침 akw침ld kwal침dk wal침dk 침alwdk l침wadk l침wdak l침wakl침 dkwal침d kl침awdk 침lwakdwadkkwa침ldk al침wdk l침akwdl침 akw침ld kwal침dk wal침dk 침alwdk l침wadk l침wdak l침wakl침 dkwal침d kl침awdk 침lwakdwadkkwa침ldk al침wdk l침akwdl침 akw침ld kwal침dk wal침dk 침alwdk l침wadk l침wdak l침wakl침 dkwal침d kl침awdk 침lwakdwadkkwa침ldk al침wdk l침akwdl침 akw침ld kwal침dk wal침dk 침alwdk l침wadk l침wdak l침wakl침 dkwal침d kl침awdk 침lwakdwadkkwa침ldk al침wdk l침akwdl침 akw침ld kwal침dk wal침dk 침alwdk l침wadk l침wdak l침wakl침 dkwal침d kl침awdk 침lwakdwadkkwa침ldk al침wdk l침akwdl침 akw침ld kwal침dk wal침dk 침alwdk l침wadk l침wdak l침wakl침 dkwal침d kl침awdk 침lwakdwadkkwa침ldk al침wdk l침akwdl침 akw침ld kwal침dk wal침dk 침alwdk l침wadk l침wdak l침wakl침 dkwal침d kl침awdk 침lwakdwadkkwa침ldk al침wdk l침akwdl침 akw침ld kwal침dk wal침dk 침alwdk l침wadk l침wdak l침wakl침 dkwal침d kl침awdk 침lwakdwadkkwa침ldk al침wdk l침akwdl침 akw침ld kwal침dk wal침dk 침alwdk l침wadk l침wdak l침wakl침 dkwal침d kl침awdk 침lwakdwadkkwa침ldk al침wdk l침akwdl침 akw침ld kwal침dk wal침dk 침alwdk l침wadk l침wdak l침wakl침 dkwal침d kl침awdk 침lwakdwadkkwa침ldk al침wdk l침akwdl침 akw침ld kwal침dk wal침dk 침alwdk l침wadk l침wdak l침wakl침 dkwal침d kl침awdk 침lwakdwadkkwa침ldk al침wdk l침akwdl침 akw침ld kwal침dk wal침dk 침alwdk l침wadk l침wdak l침wakl침 dkwal침d kl침awdk 침lwakdwadkkwa침ldk al침wdk l침akwdl침 akw침ld kwal침dk wal침dk 침alwdk l침wadk l침wdak l침wakl침 dkwal침d kl침awdk 침lwakdwadkkwa침ldk al침wdk l침akwdl침 akw침ld kwal침dk wal침dk 침alwdk l침wadk l침wdak l침wakl침 dkwal침d kl침awdk 침lwakdwadkkwa침ldk al침wdk l침akwdl침 akw침ld kwal침dk wal침dk 침alwdk l침wadk l침wdak l침wakl침 dkwal침d kl침awdk 침lwakdwadkkwa침ldk al침wdk l침akwdl침 akw침ld kwal침dk wal침dk 침alwdk l침wadk l침wdak l침wakl침 dkwal침d kl침awdk 침lwakdwadkkwa침ldk al침wdk l침akwdl침 akw침ld kwal침dk wal침dk 침alwdk l침wadk l침wdak l침wakl침 dkwal침d kl침awdk 침lwakdwadkkwa침ldk al침wdk l침akwdl침 akw침ld kwal침dk wal침dk 침alwdk l침wadk l침wdak l침wakl침 dkwal침d kl침awdk 침lwakdwadkkwa침ldk al침wdk l침akwdl침 akw침ld kwal침dk wal침dk 침alwdk l침wadk l침wdak l침wakl침 dkwal침d kl침awdk 침lwakdwadkkwa침ldk al침wdk l침akwdl침 akw침ld kwal침dk wal침dk 침alwdk l침wadk l침wdak l침wakl침 dkwal침d kl침awdk 침lwakdwadkkwa침ldk al침wdk l침akwdl침 akw침ld kwal침dk wal침dk 침alwdk l침wadk l침wdak l침wakl침 dkwal침d kl침awdk 침lwakdwadkkwa침ldk al침wdk l침akwdl침 akw침ld kwal침dk wal침dk 침alwdk l침wadk l침wdak l침wakl침 dkwal침d kl침awdk 침lwakdwadkkwa침ldk al침wdk l침akwdl침 akw침ld kwal침dk wal침dk 침alwdk l침wadk l침wdak l침wakl침 dkwal침d kl침awdk 침lwakdwadkkwa침ldk al침wdk l침akwdl침 akw침ld kwal침dk wal침dk 침alwdk l침wadk l침wdak l침wakl침 dkwal침d kl침awdk 침lwakdwadkkwa침ldk al침wdk l침akwdl침 akw침ld kwal침dk wal침dk 침alwdk l침wadk l침wdak l침wakl침 dkwal침d kl침awdk 침lwakdwadkkwa침ldk al침wdk l침akwdl침 akw침ld kwal침dk wal침dk 침alwdk l침wadk l침wdak l침wakl침 dkwal침d kl침awdk 침lwakdwadkkwa침ldk al침wdk l침akwdl침 akw침ld kwal침dk wal침dk 침alwdk l침wadk l침wdak l침wakl침 dkwal침d kl침awdk 침lwakdwadkkwa침ldk al침wdk l침akwdl침 akw침ld kwal침dk wal침dk 침alwdk l침wadk l침wdak l침wakl침 dkwal침d kl침awdk 침lwakdwadkkwa침ldk al침wdk l침akwdl침 akw침ld kwal침dk wal침dk 침alwdk l침wadk l침wdak l침wakl침 dkwal침d kl침awdk 침lwakdwadkkwa침ldk al침wdk l침akwdl침 akw침ld kwal침dk wal침dk 침alwdk l침wadk l침wdak l침wakl침 dkwal침d kl침awdk 침lwakdwadkkwa침ldk al침wdk l침akwdl침 akw침ld kwal침dk wal침dk 침alwdk l침wadk l침wdak l침wakl침 dkwal침d kl침awdk 침lwakdwadkkwa침ldk al침wdk l침akwdl침 akw침ld kwal침dk wal침dk 침alwdk l침wadk l침wdak l침wakl침 dkwal침d kl침awdk 침lwakdwadkkwa침ldk al침wdk l침akwdl침 akw침ld kwal침dk wal침dk 침alwdk l침wadk l침wdak l침wakl침 dkwal침d kl침awdk 침lwakdwadkkwa침ldk al침wdk l침akwdl침 akw침ld kwal침dk wal침dk 침alwdk l침wadk l침wdak l침wakl침 dkwal침d kl침awdk 침lwakdwadkkwa침ldk al침wdk l침akwdl침 akw침ld kwal침dk wal침dk 침alwdk l침wadk l침wdak l침wakl침 dkwal침d kl침awdk 침lwakdwadkkwa침ldk al침wdk l침akwdl침 akw침ld kwal침dk wal침dk 침alwdk l침wadk l침wdak l침wakl침 dkwal침d kl침awdk 침lwakdwadkkwa침ldk al침wdk l침akwdl침 akw침ld kwal침dk wal침dk 침alwdk l침wadk l침wdak l침wakl침 dkwal침d kl침awdk 침lwakdwadkkwa침ldk al침wdk l침akwdl침 akw침ld kwal침dk wal침dk 침alwdk l침wadk l침wdak l침wakl침 dkwal침d kl침awdk 침lwakdwadkkwa침ldk al침wdk l침akwdl침 akw침ld kwal침dk wal침dk 침alwdk l침wadk l침wdak l침wakl침 dkwal침d kl침awdk 침lwakdwadkkwa침ldk al침wdk l침akwdl침 akw침ld kwal침dk wal침dk 침alwdk l침wadk l침wdak l침wakl침 dkwal침d kl침awdk 침lwakdwadkkwa침ldk al침wdk l침akwdl침 akw침ld kwal침dk wal침dk 침alwdk l침wadk l침wdak l침wakl침 dkwal침d kl침awdk 침lwakdwadkkwa침ldk al침wdk l침akwdl침 akw침ld kwal침dk wal침dk 침alwdk l침wadk l침wdak l침wakl침 dkwal침d kl침awdk 침lwakdwadkkwa침ldk al침wdk l침akwdl침 akw침ld kwal침dk wal침dk 침alwdk l침wadk l침wdak l침wakl침 dkwal침d kl침awdk 침lwakdwadkkwa침ldk al침wdk l침akwdl침 akw침ld kwal침dk wal침dk 침alwdk l침wadk l침wdak l침wakl침 dkwal침d kl침awdk 침lwakdwadkkwa침ldk al침wdk l침akwdl침 akw침ld kwal침dk wal침dk 침alwdk l침wadk l침wdak l침wakl침 dkwal침d kl침awdk 침lwakdwadkkwa침ldk al침wdk l침akwdl침 akw침ld kwal침dk wal침dk 침alwdk l침wadk l침wdak l침wakl침 dkwal침d kl침awdk 침lwakdwadkkwa침ldk al침wdk l침akwdl침 akw침ld kwal침dk wal침dk 침alwdk l침wadk l침wdak l침wakl침 dkwal침d kl침awdk 침lwakdwadkkwa침ldk al침wdk l침akwdl침 akw침ld kwal침dk wal침dk 침alwdk l침wadk l침wdak l침wakl침 dkwal침d kl침awdk 침lwakdwadkkwa침ldk al침wdk l침akwdl침 akw침ld kwal침dk wal침dk 침alwdk l침wadk l침wdak l침wakl침 dkwal침d kl침awdk 침lwakdwadkkwa침ldk al침wdk l침akwdl침 akw침ld kwal침dk wal침dk 침alwdk l침wadk l침wdak l침wakl침 dkwal침d kl침awdk 침lwakdwadkkwa침ldk al침wdk l침akwdl침 akw침ld kwal침dk wal침dk 침alwdk l침wadk l침wdak l침wakl침 dkwal침d kl침awdk 침lwakdwadkkwa침ldk al침wdk l침akwdl침 akw침ld kwal침dk wal침dk 침alwdk l침wadk l침wdak l침wakl침 dkwal침d kl침awdk 침lwakdwadkkwa침ldk al침wdk l침akwdl침 akw침ld kwal침dk wal침dk 침alwdk l침wadk l침wdak l침wakl침 dkwal침d kl침awdk 침lwakdwadkkwa침ldk al침wdk l침akwdl침 akw침ld kwal침dk wal침dk 침alwdk l침wadk l침wdak l침wakl침 dkwal침d kl침awdk 침lwakdwadkkwa침ldk al침wdk l침akwdl침 akw침ld kwal침dk wal침dk 침alwdk l침wadk l침wdak l침wakl침 dkwal침d kl침awdk 침lwakdwadkkwa침ldk al침wdk l침akwdl침 akw침ld kwal침dk wal침dk 침alwdk l침wadk l침wdak l침wakl침 dkwal침d kl침awdk 침lwakdwadkkwa침ldk al침wdk l침akwdl침 akw침ld kwal침dk wal침dk 침alwdk l침wadk l침wdak l침wakl침 dkwal침d kl침awdk 침lwakdwadkkwa침ldk al침wdk l침akwdl침 akw침ld kwal침dk wal침dk 침alwdk l침wadk l침wdak l침wakl침 dkwal침d kl침awdk 침lwakdwadkkwa침ldk al침wdk l침akwdl침 akw침ld kwal침dk wal침dk 침alwdk l침wadk l침wdak l침wakl침 dkwal침d kl침awdk 침lwakdwadkkwa침ldk al침wdk l침akwdl침 akw침ld kwal침dk wal침dk 침alwdk l침wadk l침wdak l침wakl침 dkwal침d kl침awdk 침lwakdwadkkwa침ldk al침wdk l침akwdl침 akw침ld kwal침dk wal침dk 침alwdk l침wadk l침wdak l침wakl침 dkwal침d kl침awdk 침lwakdwadkkwa침ldk al침wdk l침akwdl침 akw침ld kwal침dk wal침dk 침alwdk l침wadk l침wdak l침wakl침 dkwal침d kl침awdk 침lwakdwadkkwa침ldk al침wdk l침akwdl침 akw침ld kwal침dk wal침dk 침alwdk l침wadk l침wdak l침wakl침 dkwal침d kl침awdk 침lwakdwadkkwa침ldk al침wdk l침akwdl침 akw침ld kwal침dk wal침dk 침alwdk l침wadk l침wdak l침wakl침 dkwal침d kl침awdk 침lwakdwadkkwa침ldk al침wdk l침akwdl침 akw침ld kwal침dk wal침dk 침alwdk l침wadk l침wdak l침wakl침 dkwal침d kl침awdk 침lwakdwadkkwa침ldk al침wdk l침akwdl침 akw침ld kwal침dk wal침dk 침alwdk l침wadk l침wdak l침wakl침 dkwal침d kl침awdk 침lwakdwadkkwa침ldk al침wdk l침akwdl침 akw침ld kwal침dk wal침dk 침alwdk l침wadk l침wdak l침wakl침 dkwal침d kl침awdk 침lwakdwadkkwa침ldk al침wdk l침akwdl침 akw침ld kwal침dk wal침dk 침alwdk l침wadk l침wdak l침wakl침 dkwal침d kl침awdk 침lwakdwadkkwa침ldk al침wdk l침akwdl침 akw침ld kwal침dk wal침dk 침alwdk l침wadk l침wdak l침wakl침 dkwal침d kl침awdk 침lwakdwadkkwa침ldk al침wdk l침akwdl침 akw침ld kwal침dk wal침dk 침alwdk l침wadk l침wdak l침wakl침 dkwal침d kl침awdk 침lwakdwadkkwa침ldk al침wdk l침akwdl침 akw침ld kwal침dk wal침dk 침alwdk l침wadk l침wdak l침wakl침 dkwal침d kl침awdk 침lwakdwadkkwa침ldk al침wdk l침akwdl침 akw침ld kwal침dk wal침dk 침alwdk l침wadk l침wdak l침wakl침 dkwal침d kl침awdk 침lwakdwadkkwa침ldk al침wdk l침akwdl침 akw침ld kwal침dk wal침dk 침alwdk l침wadk l침wdak l침wakl침 dkwal침d kl침awdk 침lwakdwadkkwa침ldk al침wdk l침akwdl침 akw침ld kwal침dk wal침dk 침alwdk l침wadk l침wdak l침wakl침 dkwal침d kl침awdk 침lwakdwadkkwa침ldk al침wdk l침akwdl침 akw침ld kwal침dk wal침dk 침alwdk l침wadk l침wdak l침wakl침 dkwal침d kl침awdk 침lwakdwadkkwa침ldk al침wdk l침akwdl침 akw침ld kwal침dk wal침dk 침alwdk l침wadk l침wdak l침wakl침 dkwal침d kl침awdk 침lwakdwadkkwa침ldk al침wdk l침akwdl침 akw침ld kwal침dk wal침dk 침alwdk l침wadk l침wdak l침wakl침 dkwal침d kl침awdk 침lwakdwadkkwa침ldk al침wdk l침akwdl침 akw침ld kwal침dk wal침dk 침alwdk l침wadk l침wdak l침wakl침 dkwal침d kl침awdk 침lwakdwadkkwa침ldk al침wdk l침akwdl침 akw침ld kwal침dk wal침dk 침alwdk l침wadk l침wdak l침wakl침 dkwal침d kl침awdk 침lwakdwadkkwa침ldk al침wdk l침akwdl침 akw침ld kwal침dk wal침dk 침alwdk l침wadk l침wdak l침wakl침 dkwal침d kl침awdk 침lwakdwadkkwa침ldk al침wdk l침akwdl침 akw침ld kwal침dk wal침dk 침alwdk l침wadk l침wdak l침wakl침 dkwal침d kl침awdk 침lwakdwadkkwa침ldk al침wdk l침akwdl침 akw침ld kwal침dk wal침dk 침alwdk l침wadk l침wdak l침wakl침 dkwal침d kl침awdk 침lwakdwadkkwa침ldk al침wdk l침akwdl침 akw침ld kwal침dk wal침dk 침alwdk l침wadk l침wdak l침wakl침 dkwal침d kl침awdk 침lwakdwadkkwa침ldk al침wdk l침akwdl침 akw침ld kwal침dk wal침dk 침alwdk l침wadk l침wdak l침wakl침 dkwal침d kl침awdk 침lwakdwadkkwa침ldk al침wdk l침akwdl침 akw침ld kwal침dk wal침dk 침alwdk l침wadk l침wdak l침wakl침 dkwal침d kl침awdk 침lwakdwadkkwa침ldk al침wdk l침akwdl침 akw침ld kwal침dk wal침dk 침alwdk l침wadk l침wdak l침wakl침 dkwal침d kl침awdk 침lwakdwadkkwa침ldk al침wdk l침akwdl침 akw침ld kwal침dk wal침dk 침alwdk l침wadk l침wdak l침wakl침 dkwal침d kl침awdk 침lwakdwadkkwa침ldk al침wdk l침akwdl침 akw침ld kwal침dk wal침dk 침alwdk l침wadk l침wdak l침wakl침 dkwal침d kl침awdk 침lwakdwadkkwa침ldk al침wdk l침akwdl침 akw침ld kwal침dk wal침dk 침alwdk l침wadk l침wdak l침wakl침 dkwal침d kl침awdk 침lwakdwadkkwa침ldk al침wdk l침akwdl침 akw침ld kwal침dk wal침dk 침alwdk l침wadk l침wdak l침wakl침 dkwal침d kl침awdk 침lwakdwadkkwa침ldk al침wdk l침akwdl침 akw침ld kwal침dk wal침dk 침alwdk l침wadk l침wdak l침wakl침 dkwal침d kl침awdk 침lwakdwadkkwa침ldk al침wdk l침akwdl침 akw침ld kwal침dk wal침dk 침alwdk l침wadk l침wdak l침wakl침 dkwal침d kl침awdk 침lwakdwadkkwa침ldk al침wdk l침akwdl침 akw침ld kwal침dk wal침dk 침alwdk l침wadk l침wdak l침wakl침 dkwal침d kl침awdk 침lwakdwadkkwa침ldk al침wdk l침akwdl침 akw침ld kwal침dk wal침dk 침alwdk l침wadk l침wdak l침wakl침 dkwal침d kl침awdk 침lwakdwadkkwa침ldk al침wdk l침akwdl침 akw침ld kwal침dk wal침dk 침alwdk l침wadk l침wdak l침wakl침 dkwal침d kl침awdk 침lwakdwadkkwa침ldk al침wdk l침akwdl침 akw침ld kwal침dk wal침dk 침alwdk l침wadk l침wdak l침wakl침 dkwal침d kl침awdk 침lwakdwadkkwa침ldk al침wdk l침akwdl침 akw침ld kwal침dk wal침dk 침alwdk l침wadk l침wdak l침wakl침 dkwal침d kl침awdk 침lwakdwadkkwa침ldk al침wdk l침akwdl침 akw침ld kwal침dk wal침dk 침alwdk l침wadk l침wdak l침wakl침 dkwal침d kl침awdk 침lwakdwadkkwa침ldk al침wdk l침akwdl침 akw침ld kwal침dk wal침dk 침alwdk l침wadk l침wdak l침wakl침 dkwal침d kl침awdk 침lwakdwadkkwa침ldk al침wdk l침akwdl침 akw침ld kwal침dk wal침dk 침alwdk l침wadk l침wdak l침wakl침 dkwal침d kl침awdk 침lwakdwadkkwa침ldk al침wdk l침akwdl침 akw침ld kwal침dk wal침dk 침alwdk l침wadk l침wdak l침wakl침 dkwal침d kl침awdk 침lwakdwadkkwa침ldk al침wdk l침akwdl침 akw침ld kwal침dk wal침dk 침alwdk l침wadk l침wdak l침wakl침 dkwal침d kl침awdk 침lwakdwadkkwa침ldk al침wdk l침akwdl침 akw침ld kwal침dk wal침dk 침alwdk l침wadk l침wdak l침wakl침 dkwal침d kl침awdk 침lwakdwadkkwa침ldk al침wdk l침akwdl침 akw침ld kwal침dk wal침dk 침alwdk l침wadk l침wdak l침wakl침 dkwal침d kl침awdk 침lwakdwadkkwa침ldk al침wdk l침akwdl침 akw침ld kwal침dk wal침dk 침alwdk l침wadk l침wdak l침wakl침 dkwal침d kl침awdk 침lwakdwadkkwa침ldk al침wdk l침akwdl침 akw침ld kwal침dk wal침dk 침alwdk l침wadk l침wdak l침wakl침 dkwal침d kl침awdk 침lwakdwadkkwa침ldk al침wdk l침akwdl침 akw침ld kwal침dk wal침dk 침alwdk l침wadk l침wdak l침wakl침 dkwal침d kl침awdk 침lwakdwadkkwa침ldk al침wdk l침akwdl침 akw침ld kwal침dk wal침dk 침alwdk l침wadk l침wdak l침wakl침 dkwal침d kl침awdk 침lwakdwadkkwa침ldk al침wdk l침akwdl침 akw침ld kwal침dk wal침dk 침alwdk l침wadk l침wdak l침wakl침 dkwal침d kl침awdk 침lwakdwadkkwa침ldk al침wdk l침akwdl침 akw침ld kwal침dk wal침dk 침alwdk l침wadk l침wdak l침wakl침 dkwal침d kl침awdk 침lwakdwadkkwa침ldk al침wdk l침akwdl침 akw침ld kwal침dk wal침dk 침alwdk l침wadk l침wdak l침wakl침 dkwal침d kl침awdk 침lwakdwadkkwa침ldk al침wdk l침akwdl침 akw침ld kwal침dk wal침dk 침alwdk l침wadk l침wdak l침wakl침 dkwal침d kl침awdk 침lwakdwadkkwa침ldk al침wdk l침akwdl침 akw침ld kwal침dk wal침dk 침alwdk l침wadk l침wdak l침wakl침 dkwal침d kl침awdk 침lwakdwadkkwa침ldk al침wdk l침akwdl침 akw침ld kwal침dk wal침dk 침alwdk l침wadk l침wdak l침wakl침 dkwal침d kl침awdk 침lwakdwadkkwa침ldk al침wdk l침akwdl침 akw침ld kwal침dk wal침dk 침alwdk l침wadk l침wdak l침wakl침 dkwal침d kl침awdk 침lwakdwadkkwa침ldk al침wdk l침akwdl침 akw침ld kwal침dk wal침dk 침alwdk l침wadk l침wdak l침wakl침 dkwal침d kl침awdk 침lwakdwadkkwa침ldk al침wdk l침akwdl침 akw침ld kwal침dk wal침dk 침alwdk l침wadk l침wdak l침wakl침 dkwal침d kl침awdk 침lwakdwadkkwa침ldk al침wdk l침akwdl침 akw침ld kwal침dk wal침dk 침alwdk l침wadk l침wdak l침wakl침 dkwal침d kl침awdk 침lwakdwadkkwa침ldk al침wdk l침akwdl침 akw침ld kwal침dk wal침dk 침alwdk l침wadk l침wdak l침wakl침 dkwal침d kl침awdk 침lwakdwadkkwa침ldk al침wdk l침akwdl침 akw침ld kwal침dk wal침dk 침alwdk l침wadk l침wdak l침wakl침 dkwal침d kl침awdk 침lwakdwadkkwa침ldk al침wdk l침akwdl침 akw침ld kwal침dk wal침dk 침alwdk l침wadk l침wdak l침wakl침 dkwal침d kl침awdk 침lwakdwadkkwa침ldk al침wdk l침akwdl침 akw침ld kwal침dk wal침dk 침alwdk l침wadk l침wdak l침wakl침 dkwal침d kl침awdk 침lwakdwadkkwa침ldk al침wdk l침akwdl침 akw침ld kwal침dk wal침dk 침alwdk l침wadk l침wdak l침wakl침 dkwal침d kl침awdk 침lwakdwadkkwa침ldk al침wdk l침akwdl침 akw침ld kwal침dk wal침dk 침alwdk l침wadk l침wdak l침wakl침 dkwal침d kl침awdk 침lwakdwadkkwa침ldk al침wdk l침akwdl침 akw침ld kwal침dk wal침dk 침alwdk l침wadk l침wdak l침wakl침 dkwal침d kl침awdk 침lwakdwadkkwa침ldk al침wdk l침akwdl침 akw침ld kwal침dk wal침dk 침alwdk l침wadk l침wdak l침wakl침 dkwal침d kl침awdk 침lwakdwadkkwa침ldk al침wdk l침akwdl침 akw침ld kwal침dk wal침dk 침alwdk l침wadk l침wdak l침wakl침 dkwal침d kl침awdk 침lwakdwadkkwa침ldk al침wdk l침akwdl침 akw침ld kwal침dk wal침dk 침alwdk l침wadk l침wdak l침wakl침 dkwal침d kl침awdk 침lwakdwadkkwa침ldk al침wdk l침akwdl침 akw침ld kwal침dk wal침dk 침alwdk l침wadk l침wdak l침wakl침 dkwal침d kl침awdk 침lwakdwadkkwa침ldk al침wdk l침akwdl침 akw침ld kwal침dk wal침dk 침alwdk l침wadk l침wdak l침wakl침 dkwal침d kl침awdk 침lwakdwadkkwa침ldk al침wdk l침akwdl침 akw침ld kwal침dk wal침dk 침alwdk l침wadk l침wdak l침wakl침 dkwal침d kl침awdk 침lwakdwadkkwa침ldk al침wdk l침akwdl침 akw침ld kwal침dk wal침dk 침alwdk l침wadk l침wdak l침wakl침 dkwal침d kl침awdk 침lwakdwadkkwa침ldk al침wdk l침akwdl침 akw침ld kwal침dk wal침dk 침alwdk l침wadk l침wdak l침wakl침 dkwal침d kl침awdk 침lwakdwadkkwa침ldk al침wdk l침akwdl침 akw침ld kwal침dk wal침dk 침alwdk l침wadk l침wdak l침wakl침 dkwal침d kl침awdk 침lwakdwadkkwa침ldk al침wdk l침akwdl침 akw침ld kwal침dk wal침dk 침alwdk l침wadk l침wdak l침wakl침 dkwal침d kl침awdk 침lwakdwadkkwa침ldk al침wdk l침akwdl침 akw침ld kwal침dk wal침dk 침alwdk l침wadk l침wdak l침wakl침 dkwal침d kl침awdk 침lwakdwadkkwa침ldk al침wdk l침akwdl침 akw침ld kwal침dk wal침dk 침alwdk l침wadk l침wdak l침wakl침 dkwal침d kl침awdk 침lwakdwadkkwa침ldk al침wdk l침akwdl침 akw침ld kwal침dk wal침dk 침alwdk l침wadk l침wdak l침wakl침 dkwal침d kl침awdk 침lwakdwadkkwa침ldk al침wdk l침akwdl침 akw침ld kwal침dk wal침dk 침alwdk l침wadk l침wdak l침wakl침 dkwal침d kl침awdk 침lwakdwadkkwa침ldk al침wdk l침akwdl침 akw침ld kwal침dk wal침dk 침alwdk l침wadk l침wdak l침wakl침 dkwal침d kl침awdk 침lwakdwadkkwa침ldk al침wdk l침akwdl침 akw침ld kwal침dk wal침dk 침alwdk l침wadk l침wdak l침wakl침 dkwal침d kl침awdk 침lwakdwadkkwa침ldk al침wdk l침akwdl침 akw침ld kwal침dk wal침dk 침alwdk l침wadk l침wdak l침wakl침 dkwal침d kl침awdk 침lwakdwadkkwa침ldk al침wdk l침akwdl침 akw침ld kwal침dk wal침dk 침alwdk l침wadk l침wdak l침wakl침 dkwal침d kl침awdk 침lwakdwadkkwa침ldk al침wdk l침akwdl침 akw침ld kwal침dk wal침dk 침alwdk l침wadk l침wdak l침wakl침 dkwal침d kl침awdk 침lwakdwadkkwa침ldk al침wdk l침akwdl침 akw침ld kwal침dk wal침dk 침alwdk l침wadk l침wdak l침wakl침 dkwal침d kl침awdk 침lwakdwadkkwa침ldk al침wdk l침akwdl침 akw침ld kwal침dk wal침dk 침alwdk l침wadk l침wdak l침wakl침 dkwal침d kl침awdk 침lwakdwadkkwa침ldk al침wdk l침akwdl침 akw침ld kwal침dk wal침dk 침alwdk l침wadk l침wdak l침wakl침 dkwal침d kl침awdk 침lwakdwadkkwa침ldk al침wdk l침akwdl침 akw침ld kwal침dk wal침dk 침alwdk l침wadk l침wdak l침wakl침 dkwal침d kl침awdk 침lwakdwadkkwa침ldk al침wdk l침akwdl침 akw침ld kwal침dk wal침dk 침alwdk l침wadk l침wdak l침wakl침 dkwal침d kl침awdk 침lwakdwadkkwa침ldk al침wdk l침akwdl침 akw침ld kwal침dk wal침dk 침alwdk l침wadk l침wdak l침wakl침 dkwal침d kl침awdk 침lwakdwadkkwa침ldk al침wdk l침akwdl침 akw침ld kwal침dk wal침dk 침alwdk l침wadk l침wdak l침wakl침 dkwal침d kl침awdk 침lwakdwadkkwa침ldk al침wdk l침akwdl침 akw침ld kwal침dk wal침dk 침alwdk l침wadk l침wdak l침wakl침 dkwal침d kl침awdk 침lwakdwadkkwa침ldk al침wdk l침akwdl침 akw침ld kwal침dk wal침dk 침alwdk l침wadk l침wdak l침wakl침 dkwal침d kl침awdk 침lwakdwadkkwa침ldk al침wdk l침akwdl침 akw침ld kwal침dk wal침dk 침alwdk l침wadk l침wdak l침wakl침 dkwal침d kl침awdk 침lwakdwadkkwa침ldk al침wdk l침akwdl침 akw침ld kwal침dk wal침dk 침alwdk l침wadk l침wdak l침wakl침 dkwal침d kl침awdk 침lwakdwadkkwa침ldk al침wdk l침akwdl침 akw침ld kwal침dk wal침dk 침alwdk l침wadk l침wdak l침wakl침 dkwal침d kl침awdk 침lwakdwadkkwa침ldk al침wdk l침akwdl침 akw침ld kwal침dk wal침dk 침alwdk l침wadk l침wdak l침wakl침 dkwal침d kl침awdk 침lwakdwadkkwa침ldk al침wdk l침akwdl침 akw침ld kwal침dk wal침dk 침alwdk l침wadk l침wdak l침wakl침 dkwal침d kl침awdk 침lwakdwadkkwa침ldk al침wdk l침akwdl침 akw침ld kwal침dk wal침dk 침alwdk l침wadk l침wdak l침wakl침 dkwal침d kl침awdk 침lwakdwadkkwa침ldk al침wdk l침akwdl침 akw침ld kwal침dk wal침dk 침alwdk l침wadk l침wdak l침wakl침 dkwal침d kl침awdk 침lwakdwadkkwa침ldk al침wdk l침akwdl침 akw침ld kwal침dk wal침dk 침alwdk l침wadk l침wdak l침wakl침 dkwal침d kl침awdk 침lwakdwadkkwa침ldk al침wdk l침akwdl침 akw침ld kwal침dk wal침dk 침alwdk l침wadk l침wdak l침wakl침 dkwal침d kl침awdk 침lwakdwadkkwa침ldk al침wdk l침akwdl침 akw침ld kwal침dk wal침dk 침alwdk l침wadk l침wdak l침wakl침 dkwal침d kl침awdk 침lwakdwadkkwa침ldk al침wdk l침akwdl침 akw침ld kwal침dk wal침dk 침alwdk l침wadk l침wdak l침wakl침 dkwal침d kl침awdk 침lwakdwadkkwa침ldk al침wdk l침akwdl침 akw침ld kwal침dk wal침dk 침alwdk l침wadk l침wdak l침wakl침 dkwal침d kl침awdk 침lwakdwadkkwa침ldk al침wdk l침akwdl침 akw침ld kwal침dk wal침dk 침alwdk l침wadk l침wdak l침wakl침 dkwal침d kl침awdk 침lwakdwadkkwa침ldk al침wdk l침akwdl침 akw침ld kwal침dk wal침dk 침alwdk l침wadk l침wdak l침wakl침 dkwal침d kl침awdk 침lwakdwadkkwa침ldk al침wdk l침akwdl침 akw침ld kwal침dk wal침dk 침alwdk l침wadk l침wdak l침wakl침 dkwal침d kl침awdk 침lwakdwadkkwa침ldk al침wdk l침akwdl침 akw침ld kwal침dk wal침dk 침alwdk l침wadk l침wdak l침wakl침 dkwal침d kl침awdk 침lwakdwadkkwa침ldk al침wdk l침akwdl침 akw침ld kwal침dk wal침dk 침alwdk l침wadk l침wdak l침wakl침 dkwal침d kl침awdk 침lwakdwadkkwa침ldk al침wdk l침akwdl침 akw침ld kwal침dk wal침dk 침alwdk l침wadk l침wdak l침wakl침 dkwal침d kl침awdk 침lwakdwadkkwa침ldk al침wdk l침akwdl침 akw침ld kwal침dk wal침dk 침alwdk l침wadk l침wdak l침wakl침 dkwal침d kl침awdk 침lwakdwadkkwa침ldk al침wdk l침akwdl침 akw침ld kwal침dk wal침dk 침alwdk l침wadk l침wdak l침wakl침 dkwal침d kl침awdk 침lwakdwadkkwa침ldk al침wdk l침akwdl침 akw침ld kwal침dk wal침dk 침alwdk l침wadk l침wdak l침wakl침 dkwal침d kl침awdk 침lwakdwadkkwa침ldk al침wdk l침akwdl침 akw침ld kwal침dk wal침dk 침alwdk l침wadk l침wdak l침wakl침 dkwal침d kl침awdk 침lwakd wadkkwa침ldk al침wdk lwadkkwa침ldk al침wdk lwadkkwa침ldk al침wdk lwadkkwa침ldk al침wdk lwadkkwa침ldk al침wdk lwadkkwa침ldk al침wdk lwadkkwa침ldk al침wdk lwadkkwa침ldk al침wdk lwadkkwa침ldk al침wdk lwadkkwa침ldk al침wdk lwadkkwa침ldk al침wdk lwadkkwa침ldk al침wdk lwadkkwa침ldk al침wdk lwadkkwa침ldk al침wdk lwadkkwa침ldk al침wdk lwadkkwa침ldk al침wdk lwadkkwa침ldk al침wdk lwadkkwa침ldk al침wdk lwadkkwa침ldk al침wdk lwadkkwa침ldk al침wdk lwadkkwa침ldk al침wdk lwadkkwa침ldk al침wdk lwadkkwa침ldk al침wdk lwadkkwa침ldk al침wdk lwadkkwa침ldk al침wdk lwadkkwa침ldk al침wdk lwadkkwa침ldk al침wdk lwadkkwa침ldk al침wdk lwadkkwa침ldk al침wdk lwadkkwa침ldk al침wdk lwadkkwa침ldk al침wdk lwadkkwa침ldk al침wdk lwadkkwa침ldk al침wdk lwadkkwa침ldk al침wdk lwadkkwa침ldk al침wdk lwadkkwa침ldk al침wdk lwadkkwa침ldk al침wdk lwadkkwa침ldk al침wdk lwadkkwa침ldk al침wdk lwadkkwa침ldk al침wdk lwadkkwa침ldk al침wdk lwadkkwa침ldk al침wdk lwadkkwa침ldk al침wdk lwadkkwa침ldk al침wdk lwadkkwa침ldk al침wdk lwadkkwa침ldk al침wdk lwadkkwa침ldk al침wdk lwadkkwa침ldk al침wdk lwadkkwa침ldk al침wdk lwadkkwa침ldk al침wdk lwadkkwa침ldk al침wdk lwadkkwa침ldk al침wdk lwadkkwa침ldk al침wdk lwadkkwa침ldk al침wdk lwadkkwa침ldk al침wdk lwadkkwa침ldk al침wdk lwadkkwa침ldk al침wdk lwadkkwa침ldk al침wdk lwadkkwa침ldk al침wdk lwadkkwa침ldk al침wdk lwadkkwa침ldk al침wdk lwadkkwa침ldk al침wdk lwadkkwa침ldk al침wdk lwadkkwa침ldk al침wdk lwadkkwa침ldk al침wdk lwadkkwa침ldk al침wdk lwadkkwa침ldk al침wdk lwadkkwa침ldk al침wdk lwadkkwa침ldk al침wdk lwadkkwa침ldk al침wdk lwadkkwa침ldk al침wdk lwadkkwa침ldk al침wdk lwadkkwa침ldk al침wdk lwadkkwa침ldk al침wdk lwadkkwa침ldk al침wdk lwadkkwa침ldk al침wdk lwadkkwa침ldk al침wdk lwadkkwa침ldk al침wdk lwadkkwa침ldk al침wdk lwadkkwa침ldk al침wdk lwadkkwa침ldk al침wdk lwadkkwa침ldk al침wdk lwadkkwa침ldk al침wdk lwadkkwa침ldk al침wdk lwadkkwa침ldk al침wdk lwadkkwa침ldk al침wdk lwadkkwa침ldk al침wdk lwadkkwa침ldk al침wdk lwadkkwa침ldk al침wdk lwadkkwa침ldk al침wdk lwadkkwa침ldk al침wdk lwadkkwa침ldk al침wdk lwadkkwa침ldk al침wdk lwadkkwa침ldk al침wdk lwadkkwa침ldk al침wdk lwadkkwa침ldk al침wdk lwadkkwa침ldk al침wdk lwadkkwa침ldk al침wdk lwadkkwa침ldk al침wdk lwadkkwa침ldk al침wdk lwadkkwa침ldk al침wdk lwadkkwa침ldk al침wdk lwadkkwa침ldk al침wdk lwadkkwa침ldk al침wdk lwadkkwa침ldk al침wdk lwadkkwa침ldk al침wdk lwadkkwa침ldk al침wdk lwadkkwa침ldk al침wdk lwadkkwa침ldk al침wdk lwadkkwa침ldk al침wdk lwadkkwa침ldk al침wdk lwadkkwa침ldk al침wdk lwadkkwa침ldk al침wdk lwadkkwa침ldk al침wdk lwadkkwa침ldk al침wdk lwadkkwa침ldk al침wdk lwadkkwa침ldk al침wdk lwadkkwa침ldk al침wdk lwadkkwa침ldk al침wdk lwadkkwa침ldk al침wdk lwadkkwa침ldk al침wdk lwadkkwa침ldk al침wdk lwadkkwa침ldk al침wdk lwadkkwa침ldk al침wdk lwadkkwa침ldk al침wdk lwadkkwa침ldk al침wdk lwadkkwa침ldk al침wdk lwadkkwa침ldk al침wdk lwadkkwa침ldk al침wdk lwadkkwa침ldk al침wdk lwadkkwa침ldk al침wdk lwadkkwa침ldk al침wdk lwadkkwa침ldk al침wdk lwadkkwa침ldk al침wdk lwadkkwa침ldk al침wdk lwadkkwa침ldk al침wdk lwadkkwa침ldk al침wdk lwadkkwa침ldk al침wdk lwadkkwa침ldk al침wdk lwadkkwa침ldk al침wdk lwadkkwa침ldk al침wdk lwadkkwa침ldk al침wdk lwadkkwa침ldk al침wdk lwadkkwa침ldk al침wdk lwadkkwa침ldk al침wdk lwadkkwa침ldk al침wdk lwadkkwa침ldk al침wdk lwadkkwa침ldk al침wdk lwadkkwa침ldk al침wdk lwadkkwa침ldk al침wdk lwadkkwa침ldk al침wdk lwadkkwa침ldk al침wdk lwadkkwa침ldk al침wdk lwadkkwa침ldk al침wdk lwadkkwa침ldk al침wdk lwadkkwa침ldk al침wdk lwadkkwa침ldk al침wdk lwadkkwa침ldk al침wdk lwadkkwa침ldk al침wdk lwadkkwa침ldk al침wdk lwadkkwa침ldk al침wdk lwadkkwa침ldk al침wdk lwadkkwa침ldk al침wdk lwadkkwa침ldk al침wdk lwadkkwa침ldk al침wdk lwadkkwa침ldk al침wdk lwadkkwa침ldk al침wdk lwadkkwa침ldk al침wdk lwadkkwa침ldk al침wdk lwadkkwa침ldk al침wdk lwadkkwa침ldk al침wdk lwadkkwa침ldk al침wdk lwadkkwa침ldk al침wdk lwadkkwa침ldk al침wdk lwadkkwa침ldk al침wdk lwadkkwa침ldk al침wdk lwadkkwa침ldk al침wdk lwadkkwa침ldk al침wdk lwadkkwa침ldk al침wdk lwadkkwa침ldk al침wdk lwadkkwa침ldk al침wdk lwadkkwa침ldk al침wdk lwadkkwa침ldk al침wdk lwadkkwa침ldk al침wdk lwadkkwa침ldk al침wdk lwadkkwa침ldk al침wdk lwadkkwa침ldk al침wdk lwadkkwa침ldk al침wdk lwadkkwa침ldk al침wdk lwadkkwa침ldk al침wdk lwadkkwa침ldk al침wdk lwadkkwa침ldk al침wdk lwadkkwa침ldk al침wdk lwadkkwa침ldk al침wdk lwadkkwa침ldk al침wdk lwadkkwa침ldk al침wdk lwadkkwa침ldk al침wdk lwadkkwa침ldk al침wdk l', NULL, NULL, NULL, NULL, NULL, 1, NULL, NULL, 2, 'No numero', NULL, NULL, NULL, 0),
(43, '1022408250', NULL, '', '', NULL, '', NULL, NULL, NULL, NULL, 8, 1, 1, NULL, 2, '3016838975', NULL, NULL, 37, 0),
(44, '999999999', NULL, 'Cra 15 # 106', 'users/logo_usuario.png', '1995-09-21', 'Torre X Apto 5485', NULL, NULL, 'No Numero', 7, 1, 1, 1, 1, 2, '3016838975', NULL, 41, 43, 0),
(45, '888888888', NULL, 'Cra 15 # 106', 'users/logo_usuario_lAfx0KN.png', '1995-09-21', 'APto X Torre Y', NULL, NULL, NULL, 7, 10, 1, 1, 1, 2, '3016838975', '121212', 41, 44, 0),
(46, '123456789', NULL, 'DATOS', 'users/BAMMER_APP_mC09E9C.png', '1998-03-25', 'DATOS', NULL, NULL, NULL, 2, 3, 10, 1, 1, 2, '123456789', NULL, 28, 38, 0),
(47, '123456789', NULL, '', '', NULL, '', NULL, NULL, NULL, NULL, 7, 9, 1, NULL, 2, '123456789', NULL, NULL, 46, 0);

-- --------------------------------------------------------

--
-- Estructura de tabla para la tabla `users_gender`
--

CREATE TABLE `users_gender` (
  `id` int(11) NOT NULL,
  `name` varchar(50) DEFAULT NULL
);

--
-- Volcado de datos para la tabla `users_gender`
--

INSERT INTO `users_gender` (`id`, `name`) VALUES
(1, 'M'),
(2, 'F'),
(3, 'Otro');

-- --------------------------------------------------------

--
-- Estructura de tabla para la tabla `users_invoice`
--

CREATE TABLE `users_invoice` (
  `id` int(11) NOT NULL,
  `create_date` datetime(6) DEFAULT NULL,
  `total_price` double DEFAULT NULL,
  `payment_method` varchar(30) DEFAULT NULL,
  `id_transaction` varchar(30) DEFAULT NULL,
  `payment_reference` varchar(50) DEFAULT NULL,
  `state_id` int(11) DEFAULT NULL,
  `user_id` int(11) DEFAULT NULL,
  `coupon_id` int(11) DEFAULT NULL
);

--
-- Volcado de datos para la tabla `users_invoice`
--

INSERT INTO `users_invoice` (`id`, `create_date`, `total_price`, `payment_method`, `id_transaction`, `payment_reference`, `state_id`, `user_id`, `coupon_id`) VALUES
(57, '2023-04-18 23:09:26.533000', 99900, 'PSE', '118046-1681859366-33423', '57-HxxZOc', 2, 4, NULL),
(58, '2023-04-19 22:42:13.447000', 55900, 'PSE', '118046-1681944133-99778', '58-6rtU81', 2, 38, NULL),
(59, '2023-04-19 00:22:03.751000', 59900, 'PSE', '118046-1681863723-70108', '59-pvHoBE', 2, 39, NULL),
(60, '2023-04-19 12:03:28.796000', 55900, 'PSE', '118046-1681905808-25403', '60-wQ0c2W', 2, 37, NULL),
(61, '2023-04-19 15:50:57.064000', 55900, 'PSE', '118046-1681919457-19334', '61-2zICTc', 2, 40, NULL),
(62, '2023-04-19 22:29:12.339000', 55900, 'PSE', '118046-1681943352-61365', '62-FT43I2', 2, 36, NULL),
(63, '2023-04-20 12:40:58.032000', 55900, 'PSE', '118046-1681994457-52424', '63-ijDjTg', 2, 3, NULL),
(64, '2023-04-20 12:52:38.940000', 75900, 'PSE', '118046-1681995158-25631', '64-Hbi7Wc', 2, 15, NULL),
(65, '2023-04-24 17:26:51.052516', 0, NULL, NULL, NULL, 1, 31, NULL),
(66, '2023-04-25 14:07:46.648000', 55900, 'BANCOLOMBIA_COLLECT', '118046-1682431666-32748', '66-C6gsqt', 2, 44, NULL),
(67, '2023-04-25 14:31:14.415000', 75900, 'BANCOLOMBIA_COLLECT', '118046-1682433074-88976', '67-d6ygzg', 2, 45, NULL),
(68, '2023-04-26 14:21:29.287000', 55900, 'PSE', '118046-1682518889-43164', '68-iK1QPq', 2, 46, NULL),
(69, '2023-04-26 14:37:18.757000', 75900, 'PSE', '118046-1682519838-38063', '69-euASYg', 2, 47, NULL);

-- --------------------------------------------------------

--
-- Estructura de tabla para la tabla `users_subscription`
--

CREATE TABLE `users_subscription` (
  `id` int(11) NOT NULL,
  `description` longtext NOT NULL,
  `group_id` int(11) NOT NULL,
  `state_id` int(11) NOT NULL,
  `type_subscription_id` int(11) NOT NULL,
  `price` double
);

--
-- Volcado de datos para la tabla `users_subscription`
--

INSERT INTO `users_subscription` (`id`, `description`, `group_id`, `state_id`, `type_subscription_id`, `price`) VALUES
(1, '.', 1, 1, 4, 55900),
(2, '.', 3, 1, 4, 59900),
(3, '.', 5, 1, 4, 75900),
(4, '.', 2, 2, 1, 0),
(5, '.', 2, 2, 2, 0),
(6, '.', 2, 1, 3, 55900),
(7, '.', 2, 1, 4, 99900);

-- --------------------------------------------------------

--
-- Estructura de tabla para la tabla `users_typesubscription`
--

CREATE TABLE `users_typesubscription` (
  `id` int(11) NOT NULL,
  `name` varchar(10) NOT NULL,
  `days` int(11) NOT NULL
);

--
-- Volcado de datos para la tabla `users_typesubscription`
--

INSERT INTO `users_typesubscription` (`id`, `name`, `days`) VALUES
(1, 'Mensual', 30),
(2, 'Trimestral', 91),
(3, 'Semestral', 182),
(4, 'Anual', 365);

-- --------------------------------------------------------

--
-- Estructura de tabla para la tabla `users_validationcard`
--

CREATE TABLE `users_validationcard` (
  `id` int(11) NOT NULL,
  `name` varchar(10) DEFAULT NULL
);

--
-- Volcado de datos para la tabla `users_validationcard`
--

INSERT INTO `users_validationcard` (`id`, `name`) VALUES
(2, 'Heredado'),
(3, 'Impreso'),
(1, 'Validado');

-- --------------------------------------------------------

--
-- Estructura de tabla para la tabla `vehicles_vehicle`
--

CREATE TABLE `vehicles_vehicle` (
  `id` int(11) NOT NULL,
  `plate` varchar(6) DEFAULT NULL,
  `model` int(11) NOT NULL,
  `photo` varchar(100) DEFAULT NULL,
  `technomechanical` varchar(100) DEFAULT NULL,
  `technomechanical_date` date DEFAULT NULL,
  `soat` varchar(100) DEFAULT NULL,
  `soat_date` date DEFAULT NULL,
  `state_id` int(11) NOT NULL,
  `brand` varchar(30) DEFAULT NULL,
  `user_id` int(11) DEFAULT NULL,
  `line` varchar(30) DEFAULT NULL,
  `editing_user_id` int(11) DEFAULT NULL
);

--
-- Volcado de datos para la tabla `vehicles_vehicle`
--

INSERT INTO `vehicles_vehicle` (`id`, `plate`, `model`, `photo`, `technomechanical`, `technomechanical_date`, `soat`, `soat_date`, `state_id`, `brand`, `user_id`, `line`, `editing_user_id`) VALUES
(1, 'HVE456', 2020, 'vehiculos/kartell.jpg', 'technomechanical/Profile.pdf', '2022-07-26', 'soat/Custom_Software_Development_Test_Task_2.pdf', '2022-11-30', 2, 'Renault', 4, 'Duster', 2),
(2, 'HYT689', 2016, 'vehiculos/17642694-Profile-portrait-of-young-blond-woman-isolated-Stock-Photo-face.webp', 'technomechanical/10042023.pdf', '2024-03-01', 'soat/10042023.pdf', '2024-01-02', 1, 'Hyudai', 4, 'Veloster', 28),
(3, 'BNX530', 2015, 'vehiculos/Para_ad칩nde_va.png', 'technomechanical/Imagen_Emprendedor_Aliado_1.png', '2022-11-15', 'soat/Imagen_cultura_asociado.1.png', '2022-07-16', 2, 'HIUNDAY', 17, 'I10', 2),
(4, 'qwe123', 1, 'vehiculos/BAMMER_APP.png', 'technomechanical/Imagen_cultura_asociado.1.png', '2023-04-19', 'soat/Imagen_Emprendedor_Aliado_1.png', '2023-04-06', 1, 'renolt', 40, '1', 28),
(5, 'AAA111', 2016, 'vehiculos/logo_usuario.png', 'technomechanical/blanco.pdf', '2023-08-28', 'soat/blanco.pdf', '2023-10-09', 1, 'Volkswagen', 44, 'Gol', 41),
(6, 'xzasda', 451254, 'vehiculos/Para_ad칩nde_va_WnHLPfv.png', 'technomechanical/BAMMER_APP.png', '2024-05-05', 'soat/Imagen_cultura_asociado.1_BGLjh27.png', '1999-04-06', 1, 'marca', 37, 'linea', 28);

--
-- 칈ndices para tablas volcadas
--

--
-- Indices de la tabla `account_emailaddress`
--
ALTER TABLE `account_emailaddress`
  ADD PRIMARY KEY (`id`),
  ADD UNIQUE KEY `email` (`email`),
  ADD KEY `account_emailaddress_user_id_2c513194_fk_auth_user_id` (`user_id`);

--
-- Indices de la tabla `account_emailconfirmation`
--
ALTER TABLE `account_emailconfirmation`
  ADD PRIMARY KEY (`id`),
  ADD UNIQUE KEY `key` (`key`),
  ADD KEY `account_emailconfirm_email_address_id_5b7f8c58_fk_account_e` (`email_address_id`);

--
-- Indices de la tabla `auth_group`
--
ALTER TABLE `auth_group`
  ADD PRIMARY KEY (`id`),
  ADD UNIQUE KEY `name` (`name`);

--
-- Indices de la tabla `auth_group_permissions`
--
ALTER TABLE `auth_group_permissions`
  ADD PRIMARY KEY (`id`),
  ADD UNIQUE KEY `auth_group_permissions_group_id_permission_id_0cd325b0_uniq` (`group_id`,`permission_id`),
  ADD KEY `auth_group_permissio_permission_id_84c5c92e_fk_auth_perm` (`permission_id`);

--
-- Indices de la tabla `auth_permission`
--
ALTER TABLE `auth_permission`
  ADD PRIMARY KEY (`id`),
  ADD UNIQUE KEY `auth_permission_content_type_id_codename_01ab375a_uniq` (`content_type_id`,`codename`);

--
-- Indices de la tabla `auth_user`
--
ALTER TABLE `auth_user`
  ADD PRIMARY KEY (`id`),
  ADD UNIQUE KEY `username` (`username`);

--
-- Indices de la tabla `auth_user_groups`
--
ALTER TABLE `auth_user_groups`
  ADD PRIMARY KEY (`id`),
  ADD UNIQUE KEY `auth_user_groups_user_id_group_id_94350c0c_uniq` (`user_id`,`group_id`),
  ADD KEY `auth_user_groups_group_id_97559544_fk_auth_group_id` (`group_id`);

--
-- Indices de la tabla `auth_user_user_permissions`
--
ALTER TABLE `auth_user_user_permissions`
  ADD PRIMARY KEY (`id`),
  ADD UNIQUE KEY `auth_user_user_permissions_user_id_permission_id_14a6b632_uniq` (`user_id`,`permission_id`),
  ADD KEY `auth_user_user_permi_permission_id_1fbb5f2c_fk_auth_perm` (`permission_id`);

--
-- Indices de la tabla `django_admin_log`
--
ALTER TABLE `django_admin_log`
  ADD PRIMARY KEY (`id`),
  ADD KEY `django_admin_log_content_type_id_c4bce8eb_fk_django_co` (`content_type_id`),
  ADD KEY `django_admin_log_user_id_c564eba6_fk_auth_user_id` (`user_id`);

--
-- Indices de la tabla `django_content_type`
--
ALTER TABLE `django_content_type`
  ADD PRIMARY KEY (`id`),
  ADD UNIQUE KEY `django_content_type_app_label_model_76bd3d3b_uniq` (`app_label`,`model`);

--
-- Indices de la tabla `django_migrations`
--
ALTER TABLE `django_migrations`
  ADD PRIMARY KEY (`id`);

--
-- Indices de la tabla `django_session`
--
ALTER TABLE `django_session`
  ADD PRIMARY KEY (`session_key`),
  ADD KEY `django_session_expire_date_a5c62663` (`expire_date`);

--
-- Indices de la tabla `django_site`
--
ALTER TABLE `django_site`
  ADD PRIMARY KEY (`id`),
  ADD UNIQUE KEY `django_site_domain_a2e37b91_uniq` (`domain`);

--
-- Indices de la tabla `regions_city`
--
ALTER TABLE `regions_city`
  ADD PRIMARY KEY (`id`),
  ADD UNIQUE KEY `regions_city_name_department_id_81296d19_uniq` (`name`,`department_id`),
  ADD UNIQUE KEY `regions_city_cod_3dfccf50_uniq` (`cod`),
  ADD KEY `regions_city_department_id_5a759ffa_fk_regions_department_id` (`department_id`),
  ADD KEY `regions_city_state_id_221a296b_fk_states_state_id` (`state_id`);

--
-- Indices de la tabla `regions_country`
--
ALTER TABLE `regions_country`
  ADD PRIMARY KEY (`id`),
  ADD UNIQUE KEY `name` (`name`),
  ADD KEY `regions_country_state_id_70b1cf3e_fk_states_state_id` (`state_id`);

--
-- Indices de la tabla `regions_department`
--
ALTER TABLE `regions_department`
  ADD PRIMARY KEY (`id`),
  ADD KEY `regions_department_country_id_70c3173b_fk_regions_country_id` (`country_id`),
  ADD KEY `regions_department_state_id_b24f49d3_fk_states_state_id` (`state_id`);

--
-- Indices de la tabla `regions_location`
--
ALTER TABLE `regions_location`
  ADD PRIMARY KEY (`id`),
  ADD KEY `regions_location_state_id_f0d97166_fk_states_state_id` (`state_id`),
  ADD KEY `regions_location_user_id_ac52b5cb_fk_auth_user_id` (`user_id`),
  ADD KEY `regions_location_city_id_63729177_fk_regions_city_id` (`city_id`);

--
-- Indices de la tabla `services_history_pqr`
--
ALTER TABLE `services_history_pqr`
  ADD PRIMARY KEY (`id`),
  ADD KEY `services_history_pqr_pqr_id_9aa14cbd_fk_services_pqr_id` (`pqr_id`),
  ADD KEY `services_history_pqr_user_answer_id_96ca3e1c_fk_auth_user_id` (`user_answer_id`);

--
-- Indices de la tabla `services_pqr`
--
ALTER TABLE `services_pqr`
  ADD PRIMARY KEY (`id`),
  ADD KEY `services_pqr_state_id_9beddfac_fk_states_state_pqr_id` (`state_id`),
  ADD KEY `services_pqr_type_pqr_id_bf561185_fk_services_typepqr_id` (`type_pqr_id`),
  ADD KEY `services_pqr_service_id_96f5b3ef_fk_services_service_id` (`service_id`),
  ADD KEY `services_pqr_user_question_id_85a41e88_fk_users_ext` (`user_question_id`),
  ADD KEY `services_pqr_user_answer_id_2f95cd2a_fk_users_ext` (`user_answer_id`);

--
-- Indices de la tabla `services_publication`
--
ALTER TABLE `services_publication`
  ADD PRIMARY KEY (`id`),
  ADD KEY `services_publication_state_id_4fc82d3e_fk_states_state_id` (`state_id`);

--
-- Indices de la tabla `services_service`
--
ALTER TABLE `services_service`
  ADD PRIMARY KEY (`id`),
  ADD KEY `services_service_location_id_e1ea4563_fk_regions_location_id` (`location_id`),
  ADD KEY `services_service_state_id_f86a7251_fk_states_stateservice_id` (`state_id`),
  ADD KEY `services_service_user_providing_id_2e0308cc_fk_users_ext` (`user_providing_id`),
  ADD KEY `services_service_user_receiving_id_04a2dbc5_fk_users_ext` (`user_receiving_id`),
  ADD KEY `services_service_payment_method_id_f92ed1d3_fk_taxes_pay` (`payment_method_id`),
  ADD KEY `services_service_vehicle_id_7eddf68f_fk_vehicles_vehicle_id` (`vehicle_id`);

--
-- Indices de la tabla `services_servicecollection`
--
ALTER TABLE `services_servicecollection`
  ADD PRIMARY KEY (`id`),
  ADD KEY `services_servicecoll_collection_id_7f8dffac_fk_taxes_col` (`collection_id`),
  ADD KEY `services_servicecoll_service_id_e6171069_fk_services_` (`service_id`);

--
-- Indices de la tabla `services_typepqr`
--
ALTER TABLE `services_typepqr`
  ADD PRIMARY KEY (`id`);

--
-- Indices de la tabla `socialaccount_socialaccount`
--
ALTER TABLE `socialaccount_socialaccount`
  ADD PRIMARY KEY (`id`),
  ADD UNIQUE KEY `socialaccount_socialaccount_provider_uid_fc810c6e_uniq` (`provider`,`uid`),
  ADD KEY `socialaccount_socialaccount_user_id_8146e70c_fk_auth_user_id` (`user_id`);

--
-- Indices de la tabla `socialaccount_socialapp`
--
ALTER TABLE `socialaccount_socialapp`
  ADD PRIMARY KEY (`id`);

--
-- Indices de la tabla `socialaccount_socialapp_sites`
--
ALTER TABLE `socialaccount_socialapp_sites`
  ADD PRIMARY KEY (`id`),
  ADD UNIQUE KEY `socialaccount_socialapp_sites_socialapp_id_site_id_71a9a768_uniq` (`socialapp_id`,`site_id`),
  ADD KEY `socialaccount_socialapp_sites_site_id_2579dee5_fk_django_site_id` (`site_id`);

--
-- Indices de la tabla `socialaccount_socialtoken`
--
ALTER TABLE `socialaccount_socialtoken`
  ADD PRIMARY KEY (`id`),
  ADD UNIQUE KEY `socialaccount_socialtoken_app_id_account_id_fca4e0ac_uniq` (`app_id`,`account_id`),
  ADD KEY `socialaccount_social_account_id_951f210e_fk_socialacc` (`account_id`);

--
-- Indices de la tabla `states_invoicestate`
--
ALTER TABLE `states_invoicestate`
  ADD PRIMARY KEY (`id`);

--
-- Indices de la tabla `states_state`
--
ALTER TABLE `states_state`
  ADD PRIMARY KEY (`id`);

--
-- Indices de la tabla `states_stateservice`
--
ALTER TABLE `states_stateservice`
  ADD PRIMARY KEY (`id`);

--
-- Indices de la tabla `states_state_pqr`
--
ALTER TABLE `states_state_pqr`
  ADD PRIMARY KEY (`id`);

--
-- Indices de la tabla `taxes_agreement`
--
ALTER TABLE `taxes_agreement`
  ADD PRIMARY KEY (`id`);

--
-- Indices de la tabla `taxes_collection`
--
ALTER TABLE `taxes_collection`
  ADD PRIMARY KEY (`id`),
  ADD KEY `taxes_collection_state_id_1b44eb77_fk_states_state_id` (`state_id`);

--
-- Indices de la tabla `taxes_membership`
--
ALTER TABLE `taxes_membership`
  ADD PRIMARY KEY (`id`);

--
-- Indices de la tabla `taxes_paymentmethod`
--
ALTER TABLE `taxes_paymentmethod`
  ADD PRIMARY KEY (`id`);

--
-- Indices de la tabla `taxes_rate`
--
ALTER TABLE `taxes_rate`
  ADD PRIMARY KEY (`id`);

--
-- Indices de la tabla `taxes_time_zone`
--
ALTER TABLE `taxes_time_zone`
  ADD PRIMARY KEY (`id`),
  ADD KEY `taxes_time_zone_state_id_e73297e2_fk_states_state_id` (`state_id`);

--
-- Indices de la tabla `users_blood_types`
--
ALTER TABLE `users_blood_types`
  ADD PRIMARY KEY (`id`);

--
-- Indices de la tabla `users_card`
--
ALTER TABLE `users_card`
  ADD PRIMARY KEY (`id`),
  ADD UNIQUE KEY `code` (`code`),
  ADD KEY `users_card_user_id_bb228f77_fk_users_extended_user_user_id` (`user_id`),
  ADD KEY `users_card_validation_card_id_2734d54c_fk_users_val` (`validation_card_id`);

--
-- Indices de la tabla `users_cardsubscription`
--
ALTER TABLE `users_cardsubscription`
  ADD PRIMARY KEY (`id`),
  ADD KEY `users_usersuscription_state_id_e0be3924_fk_states_state_id` (`state_id`),
  ADD KEY `users_usersuscriptio_subscription_id_5f8c1189_fk_users_sub` (`subscription_id`),
  ADD KEY `users_cardsubscription_card_id_bee8badb_fk_users_card_id` (`card_id`),
  ADD KEY `users_cardsubscription_invoice_id_87bca8d6_fk_users_invoice_id` (`invoice_id`);

--
-- Indices de la tabla `users_category`
--
ALTER TABLE `users_category`
  ADD PRIMARY KEY (`id`);

--
-- Indices de la tabla `users_code`
--
ALTER TABLE `users_code`
  ADD PRIMARY KEY (`id`),
  ADD UNIQUE KEY `name` (`name`);

--
-- Indices de la tabla `users_coupon`
--
ALTER TABLE `users_coupon`
  ADD PRIMARY KEY (`id`),
  ADD KEY `users_coupon_state_id_11c58a50_fk_states_state_id` (`state_id`),
  ADD KEY `users_coupon_subscription_id_25469817_fk_users_subscription_id` (`subscription_id`);

--
-- Indices de la tabla `users_documenttype`
--
ALTER TABLE `users_documenttype`
  ADD PRIMARY KEY (`id`);

--
-- Indices de la tabla `users_extended_user`
--
ALTER TABLE `users_extended_user`
  ADD PRIMARY KEY (`user_id`),
  ADD KEY `users_extended_user_blood_type_id_2e332d2a_fk_users_blo` (`blood_type_id`),
  ADD KEY `users_extended_user_category_id_2d4c3447_fk_users_category_id` (`category_id`),
  ADD KEY `users_extended_user_city_id_878a0ec9_fk_regions_city_id` (`city_id`),
  ADD KEY `users_extended_user_document_type_id_3835c9ec_fk_users_doc` (`document_type_id`),
  ADD KEY `users_extended_user_gender_id_b1e72c36_fk_users_gender_id` (`gender_id`),
  ADD KEY `users_extended_user_state_id_a26d9f25_fk_states_state_id` (`state_id`),
  ADD KEY `users_extended_user_authorizing_user_id_5f1f97fd_fk_auth_user_id` (`authorizing_user_id`),
  ADD KEY `users_extended_user_inviting_user_id_c1fc22f1_fk_auth_user_id` (`inviting_user_id`);

--
-- Indices de la tabla `users_gender`
--
ALTER TABLE `users_gender`
  ADD PRIMARY KEY (`id`);

--
-- Indices de la tabla `users_invoice`
--
ALTER TABLE `users_invoice`
  ADD PRIMARY KEY (`id`),
  ADD UNIQUE KEY `payment_reference` (`payment_reference`),
  ADD KEY `users_invoice_state_id_6dd4d695_fk_states_invoicestate_id` (`state_id`),
  ADD KEY `users_invoice_user_id_9574df2b_fk_users_extended_user_user_id` (`user_id`),
  ADD KEY `users_invoice_coupon_id_f793e5d4_fk_users_coupon_id` (`coupon_id`);

--
-- Indices de la tabla `users_subscription`
--
ALTER TABLE `users_subscription`
  ADD PRIMARY KEY (`id`),
  ADD KEY `users_subscription_group_id_a30d0da2_fk_auth_group_id` (`group_id`),
  ADD KEY `users_subscription_state_id_3d5c021f_fk_states_state_id` (`state_id`),
  ADD KEY `users_subscription_type_subscription_id_d3ae340e_fk_users_typ` (`type_subscription_id`);

--
-- Indices de la tabla `users_typesubscription`
--
ALTER TABLE `users_typesubscription`
  ADD PRIMARY KEY (`id`);

--
-- Indices de la tabla `users_validationcard`
--
ALTER TABLE `users_validationcard`
  ADD PRIMARY KEY (`id`),
  ADD UNIQUE KEY `users_validationcard_name_9333a937_uniq` (`name`);

--
-- Indices de la tabla `vehicles_vehicle`
--
ALTER TABLE `vehicles_vehicle`
  ADD PRIMARY KEY (`id`),
  ADD KEY `vehicles_vehicle_user_id_96a55eeb_fk_users_extended_user_user_id` (`user_id`),
  ADD KEY `vehicles_vehicle_state_id_5cb8f449_fk_states_state_id` (`state_id`),
  ADD KEY `vehicles_vehicle_editing_user_id_91051043_fk_auth_user_id` (`editing_user_id`);

--
-- AUTO_INCREMENT de las tablas volcadas
--

--
-- AUTO_INCREMENT de la tabla `account_emailaddress`
--
ALTER TABLE `account_emailaddress`
  MODIFY `id` int(11) NOT NULL AUTO_INCREMENT;
--
-- AUTO_INCREMENT de la tabla `account_emailconfirmation`
--
ALTER TABLE `account_emailconfirmation`
  MODIFY `id` int(11) NOT NULL AUTO_INCREMENT;
--
-- AUTO_INCREMENT de la tabla `auth_group`
--
ALTER TABLE `auth_group`
  MODIFY `id` int(11) NOT NULL AUTO_INCREMENT, AUTO_INCREMENT=8;
--
-- AUTO_INCREMENT de la tabla `auth_group_permissions`
--
ALTER TABLE `auth_group_permissions`
  MODIFY `id` int(11) NOT NULL AUTO_INCREMENT;
--
-- AUTO_INCREMENT de la tabla `auth_permission`
--
ALTER TABLE `auth_permission`
  MODIFY `id` int(11) NOT NULL AUTO_INCREMENT, AUTO_INCREMENT=193;
--
-- AUTO_INCREMENT de la tabla `auth_user`
--
ALTER TABLE `auth_user`
  MODIFY `id` int(11) NOT NULL AUTO_INCREMENT, AUTO_INCREMENT=48;
--
-- AUTO_INCREMENT de la tabla `auth_user_groups`
--
ALTER TABLE `auth_user_groups`
  MODIFY `id` int(11) NOT NULL AUTO_INCREMENT, AUTO_INCREMENT=46;
--
-- AUTO_INCREMENT de la tabla `auth_user_user_permissions`
--
ALTER TABLE `auth_user_user_permissions`
  MODIFY `id` int(11) NOT NULL AUTO_INCREMENT;
--
-- AUTO_INCREMENT de la tabla `django_admin_log`
--
ALTER TABLE `django_admin_log`
  MODIFY `id` int(11) NOT NULL AUTO_INCREMENT, AUTO_INCREMENT=3;
--
-- AUTO_INCREMENT de la tabla `django_content_type`
--
ALTER TABLE `django_content_type`
  MODIFY `id` int(11) NOT NULL AUTO_INCREMENT, AUTO_INCREMENT=49;
--
-- AUTO_INCREMENT de la tabla `django_migrations`
--
ALTER TABLE `django_migrations`
  MODIFY `id` int(11) NOT NULL AUTO_INCREMENT, AUTO_INCREMENT=104;
--
-- AUTO_INCREMENT de la tabla `django_site`
--
ALTER TABLE `django_site`
  MODIFY `id` int(11) NOT NULL AUTO_INCREMENT, AUTO_INCREMENT=2;
--
-- AUTO_INCREMENT de la tabla `regions_city`
--
ALTER TABLE `regions_city`
  MODIFY `id` int(11) NOT NULL AUTO_INCREMENT, AUTO_INCREMENT=31;
--
-- AUTO_INCREMENT de la tabla `regions_country`
--
ALTER TABLE `regions_country`
  MODIFY `id` int(11) NOT NULL AUTO_INCREMENT, AUTO_INCREMENT=2;
--
-- AUTO_INCREMENT de la tabla `regions_department`
--
ALTER TABLE `regions_department`
  MODIFY `id` int(11) NOT NULL AUTO_INCREMENT, AUTO_INCREMENT=33;
--
-- AUTO_INCREMENT de la tabla `regions_location`
--
ALTER TABLE `regions_location`
  MODIFY `id` int(11) NOT NULL AUTO_INCREMENT, AUTO_INCREMENT=28;
--
-- AUTO_INCREMENT de la tabla `services_history_pqr`
--
ALTER TABLE `services_history_pqr`
  MODIFY `id` int(11) NOT NULL AUTO_INCREMENT;
--
-- AUTO_INCREMENT de la tabla `services_pqr`
--
ALTER TABLE `services_pqr`
  MODIFY `id` int(11) NOT NULL AUTO_INCREMENT, AUTO_INCREMENT=38;
--
-- AUTO_INCREMENT de la tabla `services_publication`
--
ALTER TABLE `services_publication`
  MODIFY `id` int(11) NOT NULL AUTO_INCREMENT, AUTO_INCREMENT=4;
--
-- AUTO_INCREMENT de la tabla `services_service`
--
ALTER TABLE `services_service`
  MODIFY `id` int(11) NOT NULL AUTO_INCREMENT, AUTO_INCREMENT=112;
--
-- AUTO_INCREMENT de la tabla `services_servicecollection`
--
ALTER TABLE `services_servicecollection`
  MODIFY `id` int(11) NOT NULL AUTO_INCREMENT, AUTO_INCREMENT=252;
--
-- AUTO_INCREMENT de la tabla `services_typepqr`
--
ALTER TABLE `services_typepqr`
  MODIFY `id` int(11) NOT NULL AUTO_INCREMENT, AUTO_INCREMENT=16;
--
-- AUTO_INCREMENT de la tabla `socialaccount_socialaccount`
--
ALTER TABLE `socialaccount_socialaccount`
  MODIFY `id` int(11) NOT NULL AUTO_INCREMENT;
--
-- AUTO_INCREMENT de la tabla `socialaccount_socialapp`
--
ALTER TABLE `socialaccount_socialapp`
  MODIFY `id` int(11) NOT NULL AUTO_INCREMENT;
--
-- AUTO_INCREMENT de la tabla `socialaccount_socialapp_sites`
--
ALTER TABLE `socialaccount_socialapp_sites`
  MODIFY `id` int(11) NOT NULL AUTO_INCREMENT;
--
-- AUTO_INCREMENT de la tabla `socialaccount_socialtoken`
--
ALTER TABLE `socialaccount_socialtoken`
  MODIFY `id` int(11) NOT NULL AUTO_INCREMENT;
--
-- AUTO_INCREMENT de la tabla `states_invoicestate`
--
ALTER TABLE `states_invoicestate`
  MODIFY `id` int(11) NOT NULL AUTO_INCREMENT, AUTO_INCREMENT=7;
--
-- AUTO_INCREMENT de la tabla `states_state`
--
ALTER TABLE `states_state`
  MODIFY `id` int(11) NOT NULL AUTO_INCREMENT, AUTO_INCREMENT=3;
--
-- AUTO_INCREMENT de la tabla `states_stateservice`
--
ALTER TABLE `states_stateservice`
  MODIFY `id` int(11) NOT NULL AUTO_INCREMENT, AUTO_INCREMENT=6;
--
-- AUTO_INCREMENT de la tabla `states_state_pqr`
--
ALTER TABLE `states_state_pqr`
  MODIFY `id` int(11) NOT NULL AUTO_INCREMENT, AUTO_INCREMENT=5;
--
-- AUTO_INCREMENT de la tabla `taxes_agreement`
--
ALTER TABLE `taxes_agreement`
  MODIFY `id` int(11) NOT NULL AUTO_INCREMENT;
--
-- AUTO_INCREMENT de la tabla `taxes_collection`
--
ALTER TABLE `taxes_collection`
  MODIFY `id` int(11) NOT NULL AUTO_INCREMENT, AUTO_INCREMENT=6;
--
-- AUTO_INCREMENT de la tabla `taxes_membership`
--
ALTER TABLE `taxes_membership`
  MODIFY `id` int(11) NOT NULL AUTO_INCREMENT;
--
-- AUTO_INCREMENT de la tabla `taxes_paymentmethod`
--
ALTER TABLE `taxes_paymentmethod`
  MODIFY `id` int(11) NOT NULL AUTO_INCREMENT, AUTO_INCREMENT=3;
--
-- AUTO_INCREMENT de la tabla `taxes_rate`
--
ALTER TABLE `taxes_rate`
  MODIFY `id` int(11) NOT NULL AUTO_INCREMENT, AUTO_INCREMENT=9589;
--
-- AUTO_INCREMENT de la tabla `taxes_time_zone`
--
ALTER TABLE `taxes_time_zone`
  MODIFY `id` int(11) NOT NULL AUTO_INCREMENT, AUTO_INCREMENT=9;
--
-- AUTO_INCREMENT de la tabla `users_blood_types`
--
ALTER TABLE `users_blood_types`
  MODIFY `id` int(11) NOT NULL AUTO_INCREMENT, AUTO_INCREMENT=9;
--
-- AUTO_INCREMENT de la tabla `users_card`
--
ALTER TABLE `users_card`
  MODIFY `id` int(11) NOT NULL AUTO_INCREMENT, AUTO_INCREMENT=31;
--
-- AUTO_INCREMENT de la tabla `users_cardsubscription`
--
ALTER TABLE `users_cardsubscription`
  MODIFY `id` int(11) NOT NULL AUTO_INCREMENT, AUTO_INCREMENT=55;
--
-- AUTO_INCREMENT de la tabla `users_category`
--
ALTER TABLE `users_category`
  MODIFY `id` int(11) NOT NULL AUTO_INCREMENT, AUTO_INCREMENT=11;
--
-- AUTO_INCREMENT de la tabla `users_code`
--
ALTER TABLE `users_code`
  MODIFY `id` int(11) NOT NULL AUTO_INCREMENT;
--
-- AUTO_INCREMENT de la tabla `users_coupon`
--
ALTER TABLE `users_coupon`
  MODIFY `id` int(11) NOT NULL AUTO_INCREMENT, AUTO_INCREMENT=12;
--
-- AUTO_INCREMENT de la tabla `users_documenttype`
--
ALTER TABLE `users_documenttype`
  MODIFY `id` int(11) NOT NULL AUTO_INCREMENT, AUTO_INCREMENT=4;
--
-- AUTO_INCREMENT de la tabla `users_gender`
--
ALTER TABLE `users_gender`
  MODIFY `id` int(11) NOT NULL AUTO_INCREMENT, AUTO_INCREMENT=4;
--
-- AUTO_INCREMENT de la tabla `users_invoice`
--
ALTER TABLE `users_invoice`
  MODIFY `id` int(11) NOT NULL AUTO_INCREMENT, AUTO_INCREMENT=70;
--
-- AUTO_INCREMENT de la tabla `users_subscription`
--
ALTER TABLE `users_subscription`
  MODIFY `id` int(11) NOT NULL AUTO_INCREMENT, AUTO_INCREMENT=8;
--
-- AUTO_INCREMENT de la tabla `users_typesubscription`
--
ALTER TABLE `users_typesubscription`
  MODIFY `id` int(11) NOT NULL AUTO_INCREMENT, AUTO_INCREMENT=5;
--
-- AUTO_INCREMENT de la tabla `users_validationcard`
--
ALTER TABLE `users_validationcard`
  MODIFY `id` int(11) NOT NULL AUTO_INCREMENT, AUTO_INCREMENT=4;
--
-- AUTO_INCREMENT de la tabla `vehicles_vehicle`
--
ALTER TABLE `vehicles_vehicle`
  MODIFY `id` int(11) NOT NULL AUTO_INCREMENT, AUTO_INCREMENT=7;
--
-- Restricciones para tablas volcadas
--

--
-- Filtros para la tabla `account_emailaddress`
--
ALTER TABLE `account_emailaddress`
  ADD CONSTRAINT `account_emailaddress_user_id_2c513194_fk_auth_user_id` FOREIGN KEY (`user_id`) REFERENCES `auth_user` (`id`);

--
-- Filtros para la tabla `account_emailconfirmation`
--
ALTER TABLE `account_emailconfirmation`
  ADD CONSTRAINT `account_emailconfirm_email_address_id_5b7f8c58_fk_account_e` FOREIGN KEY (`email_address_id`) REFERENCES `account_emailaddress` (`id`);

--
-- Filtros para la tabla `auth_group_permissions`
--
ALTER TABLE `auth_group_permissions`
  ADD CONSTRAINT `auth_group_permissio_permission_id_84c5c92e_fk_auth_perm` FOREIGN KEY (`permission_id`) REFERENCES `auth_permission` (`id`),
  ADD CONSTRAINT `auth_group_permissions_group_id_b120cbf9_fk_auth_group_id` FOREIGN KEY (`group_id`) REFERENCES `auth_group` (`id`);

--
-- Filtros para la tabla `auth_permission`
--
ALTER TABLE `auth_permission`
  ADD CONSTRAINT `auth_permission_content_type_id_2f476e4b_fk_django_co` FOREIGN KEY (`content_type_id`) REFERENCES `django_content_type` (`id`);

--
-- Filtros para la tabla `auth_user_groups`
--
ALTER TABLE `auth_user_groups`
  ADD CONSTRAINT `auth_user_groups_group_id_97559544_fk_auth_group_id` FOREIGN KEY (`group_id`) REFERENCES `auth_group` (`id`),
  ADD CONSTRAINT `auth_user_groups_user_id_6a12ed8b_fk_auth_user_id` FOREIGN KEY (`user_id`) REFERENCES `auth_user` (`id`);

--
-- Filtros para la tabla `auth_user_user_permissions`
--
ALTER TABLE `auth_user_user_permissions`
  ADD CONSTRAINT `auth_user_user_permi_permission_id_1fbb5f2c_fk_auth_perm` FOREIGN KEY (`permission_id`) REFERENCES `auth_permission` (`id`),
  ADD CONSTRAINT `auth_user_user_permissions_user_id_a95ead1b_fk_auth_user_id` FOREIGN KEY (`user_id`) REFERENCES `auth_user` (`id`);

--
-- Filtros para la tabla `django_admin_log`
--
ALTER TABLE `django_admin_log`
  ADD CONSTRAINT `django_admin_log_content_type_id_c4bce8eb_fk_django_co` FOREIGN KEY (`content_type_id`) REFERENCES `django_content_type` (`id`),
  ADD CONSTRAINT `django_admin_log_user_id_c564eba6_fk_auth_user_id` FOREIGN KEY (`user_id`) REFERENCES `auth_user` (`id`);

--
-- Filtros para la tabla `regions_city`
--
ALTER TABLE `regions_city`
  ADD CONSTRAINT `regions_city_department_id_5a759ffa_fk_regions_department_id` FOREIGN KEY (`department_id`) REFERENCES `regions_department` (`id`),
  ADD CONSTRAINT `regions_city_state_id_221a296b_fk_states_state_id` FOREIGN KEY (`state_id`) REFERENCES `states_state` (`id`);

--
-- Filtros para la tabla `regions_country`
--
ALTER TABLE `regions_country`
  ADD CONSTRAINT `regions_country_state_id_70b1cf3e_fk_states_state_id` FOREIGN KEY (`state_id`) REFERENCES `states_state` (`id`);

--
-- Filtros para la tabla `regions_department`
--
ALTER TABLE `regions_department`
  ADD CONSTRAINT `regions_department_country_id_70c3173b_fk_regions_country_id` FOREIGN KEY (`country_id`) REFERENCES `regions_country` (`id`),
  ADD CONSTRAINT `regions_department_state_id_b24f49d3_fk_states_state_id` FOREIGN KEY (`state_id`) REFERENCES `states_state` (`id`);

--
-- Filtros para la tabla `regions_location`
--
ALTER TABLE `regions_location`
  ADD CONSTRAINT `regions_location_city_id_63729177_fk_regions_city_id` FOREIGN KEY (`city_id`) REFERENCES `regions_city` (`id`),
  ADD CONSTRAINT `regions_location_state_id_f0d97166_fk_states_state_id` FOREIGN KEY (`state_id`) REFERENCES `states_state` (`id`),
  ADD CONSTRAINT `regions_location_user_id_ac52b5cb_fk_auth_user_id` FOREIGN KEY (`user_id`) REFERENCES `auth_user` (`id`);

--
-- Filtros para la tabla `services_history_pqr`
--
ALTER TABLE `services_history_pqr`
  ADD CONSTRAINT `services_history_pqr_pqr_id_9aa14cbd_fk_services_pqr_id` FOREIGN KEY (`pqr_id`) REFERENCES `services_pqr` (`id`),
  ADD CONSTRAINT `services_history_pqr_user_answer_id_96ca3e1c_fk_auth_user_id` FOREIGN KEY (`user_answer_id`) REFERENCES `auth_user` (`id`);

--
-- Filtros para la tabla `services_pqr`
--
ALTER TABLE `services_pqr`
  ADD CONSTRAINT `services_pqr_service_id_96f5b3ef_fk_services_service_id` FOREIGN KEY (`service_id`) REFERENCES `services_service` (`id`),
  ADD CONSTRAINT `services_pqr_state_id_9beddfac_fk_states_state_pqr_id` FOREIGN KEY (`state_id`) REFERENCES `states_state_pqr` (`id`),
  ADD CONSTRAINT `services_pqr_type_pqr_id_bf561185_fk_services_typepqr_id` FOREIGN KEY (`type_pqr_id`) REFERENCES `services_typepqr` (`id`),
  ADD CONSTRAINT `services_pqr_user_answer_id_2f95cd2a_fk_users_ext` FOREIGN KEY (`user_answer_id`) REFERENCES `users_extended_user` (`user_id`),
  ADD CONSTRAINT `services_pqr_user_question_id_85a41e88_fk_users_ext` FOREIGN KEY (`user_question_id`) REFERENCES `users_extended_user` (`user_id`);

--
-- Filtros para la tabla `services_publication`
--
ALTER TABLE `services_publication`
  ADD CONSTRAINT `services_publication_state_id_4fc82d3e_fk_states_state_id` FOREIGN KEY (`state_id`) REFERENCES `states_state` (`id`);

--
-- Filtros para la tabla `services_service`
--
ALTER TABLE `services_service`
  ADD CONSTRAINT `services_service_location_id_e1ea4563_fk_regions_location_id` FOREIGN KEY (`location_id`) REFERENCES `regions_location` (`id`),
  ADD CONSTRAINT `services_service_payment_method_id_f92ed1d3_fk_taxes_pay` FOREIGN KEY (`payment_method_id`) REFERENCES `taxes_paymentmethod` (`id`),
  ADD CONSTRAINT `services_service_state_id_f86a7251_fk_states_stateservice_id` FOREIGN KEY (`state_id`) REFERENCES `states_stateservice` (`id`),
  ADD CONSTRAINT `services_service_user_providing_id_2e0308cc_fk_users_ext` FOREIGN KEY (`user_providing_id`) REFERENCES `users_extended_user` (`user_id`),
  ADD CONSTRAINT `services_service_user_receiving_id_04a2dbc5_fk_users_ext` FOREIGN KEY (`user_receiving_id`) REFERENCES `users_extended_user` (`user_id`),
  ADD CONSTRAINT `services_service_vehicle_id_7eddf68f_fk_vehicles_vehicle_id` FOREIGN KEY (`vehicle_id`) REFERENCES `vehicles_vehicle` (`id`);

--
-- Filtros para la tabla `services_servicecollection`
--
ALTER TABLE `services_servicecollection`
  ADD CONSTRAINT `services_servicecoll_collection_id_7f8dffac_fk_taxes_col` FOREIGN KEY (`collection_id`) REFERENCES `taxes_collection` (`id`),
  ADD CONSTRAINT `services_servicecoll_service_id_e6171069_fk_services_` FOREIGN KEY (`service_id`) REFERENCES `services_service` (`id`);

--
-- Filtros para la tabla `socialaccount_socialaccount`
--
ALTER TABLE `socialaccount_socialaccount`
  ADD CONSTRAINT `socialaccount_socialaccount_user_id_8146e70c_fk_auth_user_id` FOREIGN KEY (`user_id`) REFERENCES `auth_user` (`id`);

--
-- Filtros para la tabla `socialaccount_socialapp_sites`
--
ALTER TABLE `socialaccount_socialapp_sites`
  ADD CONSTRAINT `socialaccount_social_socialapp_id_97fb6e7d_fk_socialacc` FOREIGN KEY (`socialapp_id`) REFERENCES `socialaccount_socialapp` (`id`),
  ADD CONSTRAINT `socialaccount_socialapp_sites_site_id_2579dee5_fk_django_site_id` FOREIGN KEY (`site_id`) REFERENCES `django_site` (`id`);

--
-- Filtros para la tabla `socialaccount_socialtoken`
--
ALTER TABLE `socialaccount_socialtoken`
  ADD CONSTRAINT `socialaccount_social_account_id_951f210e_fk_socialacc` FOREIGN KEY (`account_id`) REFERENCES `socialaccount_socialaccount` (`id`),
  ADD CONSTRAINT `socialaccount_social_app_id_636a42d7_fk_socialacc` FOREIGN KEY (`app_id`) REFERENCES `socialaccount_socialapp` (`id`);

--
-- Filtros para la tabla `taxes_collection`
--
ALTER TABLE `taxes_collection`
  ADD CONSTRAINT `taxes_collection_state_id_1b44eb77_fk_states_state_id` FOREIGN KEY (`state_id`) REFERENCES `states_state` (`id`);

--
-- Filtros para la tabla `taxes_time_zone`
--
ALTER TABLE `taxes_time_zone`
  ADD CONSTRAINT `taxes_time_zone_state_id_e73297e2_fk_states_state_id` FOREIGN KEY (`state_id`) REFERENCES `states_state` (`id`);

--
-- Filtros para la tabla `users_card`
--
ALTER TABLE `users_card`
  ADD CONSTRAINT `users_card_user_id_bb228f77_fk_users_extended_user_user_id` FOREIGN KEY (`user_id`) REFERENCES `users_extended_user` (`user_id`),
  ADD CONSTRAINT `users_card_validation_card_id_2734d54c_fk_users_val` FOREIGN KEY (`validation_card_id`) REFERENCES `users_validationcard` (`id`);

--
-- Filtros para la tabla `users_cardsubscription`
--
ALTER TABLE `users_cardsubscription`
  ADD CONSTRAINT `users_cardsubscription_card_id_bee8badb_fk_users_card_id` FOREIGN KEY (`card_id`) REFERENCES `users_card` (`id`),
  ADD CONSTRAINT `users_cardsubscription_invoice_id_87bca8d6_fk_users_invoice_id` FOREIGN KEY (`invoice_id`) REFERENCES `users_invoice` (`id`),
  ADD CONSTRAINT `users_usersuscriptio_subscription_id_5f8c1189_fk_users_sub` FOREIGN KEY (`subscription_id`) REFERENCES `users_subscription` (`id`),
  ADD CONSTRAINT `users_usersuscription_state_id_e0be3924_fk_states_state_id` FOREIGN KEY (`state_id`) REFERENCES `states_state` (`id`);

--
-- Filtros para la tabla `users_coupon`
--
ALTER TABLE `users_coupon`
  ADD CONSTRAINT `users_coupon_state_id_11c58a50_fk_states_state_id` FOREIGN KEY (`state_id`) REFERENCES `states_state` (`id`),
  ADD CONSTRAINT `users_coupon_subscription_id_25469817_fk_users_subscription_id` FOREIGN KEY (`subscription_id`) REFERENCES `users_subscription` (`id`);

--
-- Filtros para la tabla `users_extended_user`
--
ALTER TABLE `users_extended_user`
  ADD CONSTRAINT `users_extended_user_authorizing_user_id_5f1f97fd_fk_auth_user_id` FOREIGN KEY (`authorizing_user_id`) REFERENCES `auth_user` (`id`),
  ADD CONSTRAINT `users_extended_user_blood_type_id_2e332d2a_fk_users_blo` FOREIGN KEY (`blood_type_id`) REFERENCES `users_blood_types` (`id`),
  ADD CONSTRAINT `users_extended_user_category_id_2d4c3447_fk_users_category_id` FOREIGN KEY (`category_id`) REFERENCES `users_category` (`id`),
  ADD CONSTRAINT `users_extended_user_city_id_878a0ec9_fk_regions_city_id` FOREIGN KEY (`city_id`) REFERENCES `regions_city` (`id`),
  ADD CONSTRAINT `users_extended_user_document_type_id_3835c9ec_fk_users_doc` FOREIGN KEY (`document_type_id`) REFERENCES `users_documenttype` (`id`),
  ADD CONSTRAINT `users_extended_user_gender_id_b1e72c36_fk_users_gender_id` FOREIGN KEY (`gender_id`) REFERENCES `users_gender` (`id`),
  ADD CONSTRAINT `users_extended_user_inviting_user_id_c1fc22f1_fk_auth_user_id` FOREIGN KEY (`inviting_user_id`) REFERENCES `auth_user` (`id`),
  ADD CONSTRAINT `users_extended_user_state_id_a26d9f25_fk_states_state_id` FOREIGN KEY (`state_id`) REFERENCES `states_state` (`id`),
  ADD CONSTRAINT `users_extended_user_user_id_376845aa_fk_auth_user_id` FOREIGN KEY (`user_id`) REFERENCES `auth_user` (`id`);

--
-- Filtros para la tabla `users_invoice`
--
ALTER TABLE `users_invoice`
  ADD CONSTRAINT `users_invoice_coupon_id_f793e5d4_fk_users_coupon_id` FOREIGN KEY (`coupon_id`) REFERENCES `users_coupon` (`id`),
  ADD CONSTRAINT `users_invoice_state_id_6dd4d695_fk_states_invoicestate_id` FOREIGN KEY (`state_id`) REFERENCES `states_invoicestate` (`id`),
  ADD CONSTRAINT `users_invoice_user_id_9574df2b_fk_users_extended_user_user_id` FOREIGN KEY (`user_id`) REFERENCES `users_extended_user` (`user_id`);

--
-- Filtros para la tabla `users_subscription`
--
ALTER TABLE `users_subscription`
  ADD CONSTRAINT `users_subscription_group_id_a30d0da2_fk_auth_group_id` FOREIGN KEY (`group_id`) REFERENCES `auth_group` (`id`),
  ADD CONSTRAINT `users_subscription_state_id_3d5c021f_fk_states_state_id` FOREIGN KEY (`state_id`) REFERENCES `states_state` (`id`),
  ADD CONSTRAINT `users_subscription_type_subscription_id_d3ae340e_fk_users_typ` FOREIGN KEY (`type_subscription_id`) REFERENCES `users_typesubscription` (`id`);

--
-- Filtros para la tabla `vehicles_vehicle`
--
ALTER TABLE `vehicles_vehicle`
  ADD CONSTRAINT `vehicles_vehicle_editing_user_id_91051043_fk_auth_user_id` FOREIGN KEY (`editing_user_id`) REFERENCES `auth_user` (`id`),
  ADD CONSTRAINT `vehicles_vehicle_state_id_5cb8f449_fk_states_state_id` FOREIGN KEY (`state_id`) REFERENCES `states_state` (`id`),
  ADD CONSTRAINT `vehicles_vehicle_user_id_96a55eeb_fk_users_extended_user_user_id` FOREIGN KEY (`user_id`) REFERENCES `users_extended_user` (`user_id`);

/*!40101 SET CHARACTER_SET_CLIENT=@OLD_CHARACTER_SET_CLIENT */;
/*!40101 SET CHARACTER_SET_RESULTS=@OLD_CHARACTER_SET_RESULTS */;
/*!40101 SET COLLATION_CONNECTION=@OLD_COLLATION_CONNECTION */;
